hash	mode	neigh_hop	advanced_sort	sum_sort	wlhash	stabilized_at	cpu_time_s	max_mem_kib
00063d88244921d6ec46aeab6866a8e2	none	0	0	0	ea8fa0f0ecfb333e	26	9.00685	31884
00072cf107ae1349c8c59a15c5ce4af1	none	0	0	0	9e072dca530d7a40	4	0.030214	0
00076733bdbce94d7e44eca84f1425f0	none	0	0	0	5dac3f1f46833edc	9	51.3279	342616
000781b7a545fe723159e53127aff659	none	0	0	0	45a7d68952db5ce9	24	60.729	154588
000a41cdca43be89ed62ea3abf2d0b64	none	0	0	0	8817ec1923525b06	12	49.8628	229544
000e4e0db67e27083649c20a2a3f761b	none	0	0	0	94844a435ed1faea	4	134.485	1403652
00107d84f57e2371476a7b2cabe0b351	none	0	0	0	NA	NA	3.22	NA
001304ba2e4e8adbd179aa3d8acb697b	none	0	0	0	6d9a2b4a9b19dc5e	5	0.028053	0
001344c9b3cb1626af1c7c35155cf26a	none	0	0	0	NA	NA	3.56	NA
0020aa0c69379226948904ad455b6c09	none	0	0	0	1dc57ba8b2339b4f	3	0.089833	0
00213e27dabcf679205144f3dde5d37e	none	0	0	0	75d0e0dec90793fd	3	0.09454	0
0022f125b13bd7ccc91e793431c67a52	none	0	0	0	0199b25a47d2b690	13	163.238	762744
0025a06f00f6e467f7cf4ef9e649b2a7	none	0	0	0	31c4689dd616263e	40	54.2627	92520
00260e67c792062bc3e10e6b94522101	none	0	0	0	edf8274d724e3b72	24	91.5669	228004
0026aaf8bbf2df73cb5db34a7b7a7a04	none	0	0	0	7ebe76a7710dc065	24	79.7389	211784
00274d0721d26f867b2573377712cac9	none	0	0	0	392597cc7b19ee73	15	19.1042	86880
00275f3018d50ba38867268739dfc44f	none	0	0	0	7d70a2e3d8c2ae0a	5	0.038426	0
002a0330958a14deb23dcc84b5489e8a	none	0	0	0	969de1369e9085f1	58	177.831	223936
002bed2572e6e326815e674f288de8b4	none	0	0	0	1b235a796fe28868	20	0.65833	0
003154fc91d34d29ec5cf93b0bc32143	none	0	0	0	49d0aac6c7fd6222	24	25.3458	87076
00316e383123773ae35d3210f5396205	none	0	0	0	481daf60799368ae	5	0.09499	0
0033baadbd48d3f880e9b5a733bd4950	none	0	0	0	29865d9ee527fa44	1	0.025378	0
0035666407d4ccb5082630045d60a5fe	none	0	0	0	dff16a564dc8782d	3	0.143327	0
0038cea06eae4c3234b7bb65d9a8497c	none	0	0	0	86fe91bc55cad0c4	3	0.143216	0
003a77d2aa15a5f93aa2cfe79b986c9e	none	0	0	0	0c2edd9658356c79	2	0.383992	0
003de2086be59a5fb7a7aaad0992cf47	none	0	0	0	8b28f3ae06e19023	6	0.076585	0
003deabca05a76f3ee449221a80d8b62	none	0	0	0	7562db52ecefc111	24	87.6917	174556
0041051c73dcdd885d412a38e8b09fba	none	0	0	0	f35b6f503c96c353	3	0.133209	0
0041f01bcd7d0d1f9541cea6da79ad57	none	0	0	0	3c49a0f8ebc04e7e	5	1.05884	0
0042a627dfba7daa62d6ce175540c8a2	none	0	0	0	a619ad377631421f	4	1.15263	0
0043cfdde474fa37dfeb5ce5952d22f6	none	0	0	0	0e42ef80e329f296	4	0.08557	0
0049919cdf9556bfda5bb365af72414c	none	0	0	0	703f1c7e72447ee6	24	77.8736	206308
004b0f451f7d96f6a572e9e76360f51a	none	0	0	0	NA	NA	4.25	NA
005093e294b0ed0f7b23f341ff68968b	none	0	0	0	64ac332d146c976e	24	67.7123	153912
00547b9476397463c8220560aeeea086	none	0	0	0	251ce6c2f5e38c82	74	103.443	74424
005522cf558f9b77ed345a289384e191	none	0	0	0	c8c861131ca7239d	4	0.062692	0
00597fb425e994af7a9d224ef4d09fc4	none	0	0	0	5dde3a5eca7c2735	24	84.8402	160072
0059d4b1cf79efbc6e6ed50caee0448e	none	0	0	0	41e2586528b587a5	10	0.230453	0
005ccb378ced61c02105ed7ee0a62038	none	0	0	0	b542535416370414	1	0.505171	0
005d76c0f37b33d8b752f7ebdd157a99	none	0	0	0	0d312ba0b15a2b1f	5	0.069543	0
00613b57720df18bec8d8dc68dc57a7b	none	0	0	0	2f54ee68f4f4a6aa	24	82.3183	176656
006282ac3d0013b911249d14c326f53d	none	0	0	0	15907c054a561d51	14	1.47696	0
0062dc10471119b9e13da682216b190f	none	0	0	0	3d14806330b14302	18	144.536	454496
0064aa2e16c9d4b18d32a45d3073fce9	none	0	0	0	eff8268e46a34739	25	29.7335	60012
0067d012901f358831afb6d6e5f83767	none	0	0	0	NA	NA	2.95	NA
006be0fb3ae0a75aac0e386c2e6c4669	none	0	0	0	06ca2609a4844ff8	59	56.6768	61752
006c57c6c09a6e4a4402f1dd264cab15	none	0	0	0	54d1e8cbec124e4f	24	40.7622	145760
006cc1f4e081e7fd96a50a2171792f21	none	0	0	0	3f5fc4f09e673fa3	24	35.4108	87148
006da0e3f4ad5b1ecd3651e66dbea36d	none	0	0	0	a14792f5ee1c21c9	24	34.9401	102640
006dcf7e3d0fa7c39b0f542ad0ec949e	none	0	0	0	NA	NA	2.84	NA
006e293dfc476b21c246b963c6eb16b7	none	0	0	0	05f6b88530de9659	63	36.4705	37672
0071b624d91ebe408b0585f8c4e34fd9	none	0	0	0	3fdf9329fb76b486	11	9.76558	50420
0072b0ce5c4ab8386763d10ef88f636e	none	0	0	0	318e795c66b3ad62	24	64.0623	171316
0072b38614d34eb3c6ffc36aef13ee3a	none	0	0	0	1c39b8804a93717b	24	60.1316	141780
00784e1e1a9ae772aae7f33c1fa5fbe2	none	0	0	0	1249d822eb0d0c8b	3	0.579516	0
00847fca81490df01b9e239fd6027378	none	0	0	0	f0d88e4dbb09334f	63	29.7986	30504
0085c7242003811caf4b7eff64022e55	none	0	0	0	b2395d4f352a8721	24	73.9708	173576
008d1f79eec2b7712637e48aec7a63cd	none	0	0	0	936f0bc65967897d	24	64.946	132412
008d78352c3d630340e6a3ef0d7242d7	none	0	0	0	fcfe20a84118561f	22	83.8901	212728
008e7716c69009090ff6bd0048dc55f8	none	0	0	0	c45c905b90f3a615	75	80.7022	65632
008fa3f37db9759dee825665e78e2e80	none	0	0	0	70f5c54b0536467f	24	31.0981	127676
0091ac9434f528a4007d82d2443d2dc9	none	0	0	0	392206f617911784	4	0.45855	14080
0092f19206d4641caaa3a638914bee3f	none	0	0	0	a57d2b8f218bf689	24	52.1094	122356
0094d44002500c187e3c2d07a13bee7c	none	0	0	0	356c59011990f7df	4	0.069834	0
009a4a6c23299b864508393ee726625a	none	0	0	0	1e915d55b801dce6	14	1.39661	10240
00a1604721e43896a93b5329e5b38af4	none	0	0	0	NA	NA	1.75	NA
00a30fb1c0150fe3d6692afd2b220887	none	0	0	0	4c0861b174ac6cd8	27	4.62007	12800
00a62eb89afbf27e1addf8f5c437da9b	none	0	0	0	9356b6ed708bf0b2	8	3.02704	0
00a981f385cd209d41e1efa1f5f29bac	none	0	0	0	NA	NA	3.73	NA
00ae4072f9b57d5d3cfe8919aff1b776	none	0	0	0	NA	NA	2.37	NA
00aec3b2e38968bf8a922709e2acfccd	none	0	0	0	5c817c779ba898c6	3	1.01689	0
00aefd1fc30c425075166ca051e57218	none	0	0	0	NA	NA	2.43	NA
00b1c27aee52d6dd9e112fa55d4cc1ca	none	0	0	0	NA	NA	1.74	NA
00b46ace235e3915a439c77a231a5657	none	0	0	0	b1aab2c350a388b8	10	2.59829	0
00b9b467c26540853360491401da61a5	none	0	0	0	4a50c8f02ea2077d	NA	29.217	17920
00bb0b4ef28ed38c49de4c54b9fabc4d	none	0	0	0	027fd33175ef0091	22	1.86026	0
00bbdbb1bc700e4c4ceb0d6e86e33c23	none	0	0	0	1e40bb3078cae1a4	4	0.05082	0
00be4c67683c8edeca138279e13942cb	none	0	0	0	NA	NA	0.51	NA
00be590675417eba2bb2585790ac392d	none	0	0	0	4d67bfe0ce63ef78	6	0.363426	7680
00c4c1dfa04e7cd8b7abc80a4a4f7153	none	0	0	0	ead3d2789f23bbe5	4	0.112358	0
00d0eef039aa1f9cf1cf2647a58fe313	none	0	0	0	58c83a603fbf6e81	4	2.5478	0
00d1fe07ab948b348bb3fb423b1ef40d	none	0	0	0	0100995234908c80	16	0.769027	10240
00d239e486137a4f7264adb4fb57d5ae	none	0	0	0	c960dd85d83576f1	10	0.031173	0
00d25e6106c5c09bb5d8d0f7eae7385a	none	0	0	0	NA	NA	0.39	NA
00d3338cd6cdfa099ff29f036c77d93d	none	0	0	0	NA	NA	NA	NA
00063d88244921d6ec46aeab6866a8e2	neigh	1	0	0	b532d747f3726fb7	14	35.9087	115588
00072cf107ae1349c8c59a15c5ce4af1	neigh	1	0	0	59e2c95d1257177a	3	0.072578	0
00076733bdbce94d7e44eca84f1425f0	neigh	1	0	0	NA	NA	2.43	NA
000781b7a545fe723159e53127aff659	neigh	1	0	0	NA	NA	2.44	NA
000a41cdca43be89ed62ea3abf2d0b64	neigh	1	0	0	NA	NA	2.38	NA
000e4e0db67e27083649c20a2a3f761b	neigh	1	0	0	NA	NA	3.31	NA
00107d84f57e2371476a7b2cabe0b351	neigh	1	0	0	NA	NA	4.17	NA
001304ba2e4e8adbd179aa3d8acb697b	neigh	1	0	0	fff13c5329ea233d	3	0.071796	0
001344c9b3cb1626af1c7c35155cf26a	neigh	1	0	0	NA	NA	3.4	NA
0020aa0c69379226948904ad455b6c09	neigh	1	0	0	442f0940018f6a81	3	15.3194	117952
00213e27dabcf679205144f3dde5d37e	neigh	1	0	0	ec952cde871eb33e	3	2.88363	0
0022f125b13bd7ccc91e793431c67a52	neigh	1	0	0	NA	NA	3.7	NA
0025a06f00f6e467f7cf4ef9e649b2a7	neigh	1	0	0	a258dbba99cf0c89	21	190.459	337180
00260e67c792062bc3e10e6b94522101	neigh	1	0	0	NA	NA	3.6	NA
0026aaf8bbf2df73cb5db34a7b7a7a04	neigh	1	0	0	NA	NA	3.7	NA
00274d0721d26f867b2573377712cac9	neigh	1	0	0	d5ae95e3867b5c01	8	93.3936	430812
00275f3018d50ba38867268739dfc44f	neigh	1	0	0	ee2ca85fea92efe8	3	0.099651	0
002a0330958a14deb23dcc84b5489e8a	neigh	1	0	0	NA	NA	3.49	NA
002bed2572e6e326815e674f288de8b4	neigh	1	0	0	42a1d05b151206fd	11	1.21407	0
003154fc91d34d29ec5cf93b0bc32143	neigh	1	0	0	6f86f4474177d4a9	13	239.604	558232
00316e383123773ae35d3210f5396205	neigh	1	0	0	208280479122802c	3	0.275449	0
0033baadbd48d3f880e9b5a733bd4950	neigh	1	0	0	2ff1ab069eb1ebee	1	0.034097	0
0035666407d4ccb5082630045d60a5fe	neigh	1	0	0	1b2b5aab51b5b0bf	3	3.56223	0
0038cea06eae4c3234b7bb65d9a8497c	neigh	1	0	0	889ec080d06b84bc	3	25.2314	174080
003a77d2aa15a5f93aa2cfe79b986c9e	neigh	1	0	0	22aaa4a85226b2eb	2	7.06746	17920
003de2086be59a5fb7a7aaad0992cf47	neigh	1	0	0	e0743d502be6472c	4	0.262132	0
003deabca05a76f3ee449221a80d8b62	neigh	1	0	0	NA	NA	3.82	NA
0041051c73dcdd885d412a38e8b09fba	neigh	1	0	0	8e551e6a60ad9021	3	1.04554	0
0041f01bcd7d0d1f9541cea6da79ad57	neigh	1	0	0	b1a453697068b3c0	4	52.037	431572
0042a627dfba7daa62d6ce175540c8a2	neigh	1	0	0	4c50d6fb46f0b4c4	3	3.47499	0
0043cfdde474fa37dfeb5ce5952d22f6	neigh	1	0	0	66337384ec6ce0cb	3	0.234379	0
0049919cdf9556bfda5bb365af72414c	neigh	1	0	0	NA	NA	3.98	NA
004b0f451f7d96f6a572e9e76360f51a	neigh	1	0	0	NA	NA	3.81	NA
005093e294b0ed0f7b23f341ff68968b	neigh	1	0	0	NA	NA	4.08	NA
00547b9476397463c8220560aeeea086	neigh	1	0	0	NA	NA	3.93	NA
005522cf558f9b77ed345a289384e191	neigh	1	0	0	e96826a43dfb5a29	3	0.172939	0
00597fb425e994af7a9d224ef4d09fc4	neigh	1	0	0	NA	NA	4.04	NA
0059d4b1cf79efbc6e6ed50caee0448e	neigh	1	0	0	d7f78b5e5da98419	6	1.05028	0
005ccb378ced61c02105ed7ee0a62038	neigh	1	0	0	08088d7aec5e2599	1	57.097	16640
005d76c0f37b33d8b752f7ebdd157a99	neigh	1	0	0	6fbc73397b6f6f82	3	0.179229	0
00613b57720df18bec8d8dc68dc57a7b	neigh	1	0	0	NA	NA	3.38	NA
006282ac3d0013b911249d14c326f53d	neigh	1	0	0	b8de01ee8f746803	8	3.59591	19200
0062dc10471119b9e13da682216b190f	neigh	1	0	0	NA	NA	3.4	NA
0064aa2e16c9d4b18d32a45d3073fce9	neigh	1	0	0	NA	NA	3.3	NA
0067d012901f358831afb6d6e5f83767	neigh	1	0	0	NA	NA	0.18	NA
006be0fb3ae0a75aac0e386c2e6c4669	neigh	1	0	0	ff70b2b84caad9b9	30	173.427	187864
006c57c6c09a6e4a4402f1dd264cab15	neigh	1	0	0	NA	NA	1.9	NA
006cc1f4e081e7fd96a50a2171792f21	neigh	1	0	0	NA	NA	0.29	NA
006da0e3f4ad5b1ecd3651e66dbea36d	neigh	1	0	0	NA	NA	0.24	NA
006dcf7e3d0fa7c39b0f542ad0ec949e	neigh	1	0	0	NA	NA	2.74	NA
006e293dfc476b21c246b963c6eb16b7	neigh	1	0	0	6097e4e6fe4fd6a8	33	93.2694	109472
0071b624d91ebe408b0585f8c4e34fd9	neigh	1	0	0	967cf46bfd4f473a	7	84.8704	302152
0072b0ce5c4ab8386763d10ef88f636e	neigh	1	0	0	NA	NA	3.58	NA
0072b38614d34eb3c6ffc36aef13ee3a	neigh	1	0	0	NA	NA	3.39	NA
00784e1e1a9ae772aae7f33c1fa5fbe2	neigh	1	0	0	a0c4fdabcc106cca	3	71.8782	569600
00847fca81490df01b9e239fd6027378	neigh	1	0	0	aa08a41851ad7f17	33	75.0545	82776
0085c7242003811caf4b7eff64022e55	neigh	1	0	0	NA	NA	3.58	NA
008d1f79eec2b7712637e48aec7a63cd	neigh	1	0	0	NA	NA	2.48	NA
008d78352c3d630340e6a3ef0d7242d7	neigh	1	0	0	NA	NA	2.89	NA
008e7716c69009090ff6bd0048dc55f8	neigh	1	0	0	NA	NA	2.46	NA
008fa3f37db9759dee825665e78e2e80	neigh	1	0	0	NA	NA	2.17	NA
0091ac9434f528a4007d82d2443d2dc9	neigh	1	0	0	edf935a0885ddbe9	3	8.42041	163256
0092f19206d4641caaa3a638914bee3f	neigh	1	0	0	NA	NA	3.6	NA
0094d44002500c187e3c2d07a13bee7c	neigh	1	0	0	f642bba428ffe6f9	3	0.194224	0
009a4a6c23299b864508393ee726625a	neigh	1	0	0	f05dac6c7bc5dee1	8	1.92596	19200
00a1604721e43896a93b5329e5b38af4	neigh	1	0	0	NA	NA	2.69	NA
00a30fb1c0150fe3d6692afd2b220887	neigh	1	0	0	a434030935c584c2	18	12.0108	28160
00a62eb89afbf27e1addf8f5c437da9b	neigh	1	0	0	820643506af2637c	5	21.9698	119532
00a981f385cd209d41e1efa1f5f29bac	neigh	1	0	0	NA	NA	3.83	NA
00ae4072f9b57d5d3cfe8919aff1b776	neigh	1	0	0	NA	NA	3.49	NA
00aec3b2e38968bf8a922709e2acfccd	neigh	1	0	0	aaf92d4540264a59	3	30.4877	276596
00aefd1fc30c425075166ca051e57218	neigh	1	0	0	NA	NA	2.37	NA
00b1c27aee52d6dd9e112fa55d4cc1ca	neigh	1	0	0	NA	NA	1.52	NA
00b46ace235e3915a439c77a231a5657	neigh	1	0	0	ec07cf187733b29b	8	7.48775	28160
00b9b467c26540853360491401da61a5	neigh	1	0	0	NA	NA	0.17	NA
00bb0b4ef28ed38c49de4c54b9fabc4d	neigh	1	0	0	9f26617ada57d13f	12	4.26677	17920
00bbdbb1bc700e4c4ceb0d6e86e33c23	neigh	1	0	0	d3748c9bd674c91d	3	0.138781	0
00be4c67683c8edeca138279e13942cb	neigh	1	0	0	NA	NA	0.38	NA
00be590675417eba2bb2585790ac392d	neigh	1	0	0	83cb945a24c07e32	4	7.81437	53760
00c4c1dfa04e7cd8b7abc80a4a4f7153	neigh	1	0	0	7666951d279c9410	3	0.175174	0
00d0eef039aa1f9cf1cf2647a58fe313	neigh	1	0	0	NA	NA	0.34	NA
00d1fe07ab948b348bb3fb423b1ef40d	neigh	1	0	0	5f75539b010c6672	9	2.71879	14080
00d239e486137a4f7264adb4fb57d5ae	neigh	1	0	0	66c88c5faca06e8f	6	0.09604	0
00d25e6106c5c09bb5d8d0f7eae7385a	neigh	1	0	0	NA	NA	0.36	NA
00d3338cd6cdfa099ff29f036c77d93d	neigh	1	0	0	NA	NA	NA	NA
00063d88244921d6ec46aeab6866a8e2	adv	0	1	0	ea8fa0f0ecfb333e	26	9.17959	31724
00072cf107ae1349c8c59a15c5ce4af1	adv	0	1	0	9e072dca530d7a40	4	0.026835	0
00076733bdbce94d7e44eca84f1425f0	adv	0	1	0	5dac3f1f46833edc	9	47.2634	342616
000781b7a545fe723159e53127aff659	adv	0	1	0	45a7d68952db5ce9	24	61.3273	165944
000a41cdca43be89ed62ea3abf2d0b64	adv	0	1	0	8817ec1923525b06	12	31.0126	227872
000e4e0db67e27083649c20a2a3f761b	adv	0	1	0	94844a435ed1faea	4	121.904	1400420
00107d84f57e2371476a7b2cabe0b351	adv	0	1	0	NA	NA	3.45	NA
001304ba2e4e8adbd179aa3d8acb697b	adv	0	1	0	6d9a2b4a9b19dc5e	5	0.027908	0
001344c9b3cb1626af1c7c35155cf26a	adv	0	1	0	NA	NA	3.48	NA
0020aa0c69379226948904ad455b6c09	adv	0	1	0	1dc57ba8b2339b4f	3	0.085789	0
00213e27dabcf679205144f3dde5d37e	adv	0	1	0	75d0e0dec90793fd	3	0.099249	0
0022f125b13bd7ccc91e793431c67a52	adv	0	1	0	0199b25a47d2b690	13	162.298	764108
0025a06f00f6e467f7cf4ef9e649b2a7	adv	0	1	0	31c4689dd616263e	40	56.8826	100044
00260e67c792062bc3e10e6b94522101	adv	0	1	0	edf8274d724e3b72	24	93.4029	220804
0026aaf8bbf2df73cb5db34a7b7a7a04	adv	0	1	0	7ebe76a7710dc065	24	81.8442	211968
00274d0721d26f867b2573377712cac9	adv	0	1	0	392597cc7b19ee73	15	19.0764	87568
00275f3018d50ba38867268739dfc44f	adv	0	1	0	7d70a2e3d8c2ae0a	5	0.038693	0
002a0330958a14deb23dcc84b5489e8a	adv	0	1	0	969de1369e9085f1	58	170.961	224804
002bed2572e6e326815e674f288de8b4	adv	0	1	0	1b235a796fe28868	20	0.643455	0
003154fc91d34d29ec5cf93b0bc32143	adv	0	1	0	49d0aac6c7fd6222	24	26.2287	80604
00316e383123773ae35d3210f5396205	adv	0	1	0	481daf60799368ae	5	0.130745	0
0033baadbd48d3f880e9b5a733bd4950	adv	0	1	0	29865d9ee527fa44	1	0.023214	0
0035666407d4ccb5082630045d60a5fe	adv	0	1	0	dff16a564dc8782d	3	0.124204	0
0038cea06eae4c3234b7bb65d9a8497c	adv	0	1	0	86fe91bc55cad0c4	3	0.13381	0
003a77d2aa15a5f93aa2cfe79b986c9e	adv	0	1	0	0c2edd9658356c79	2	0.427846	0
003de2086be59a5fb7a7aaad0992cf47	adv	0	1	0	8b28f3ae06e19023	6	0.076068	0
003deabca05a76f3ee449221a80d8b62	adv	0	1	0	7562db52ecefc111	24	78.5681	174324
0041051c73dcdd885d412a38e8b09fba	adv	0	1	0	f35b6f503c96c353	3	0.099208	0
0041f01bcd7d0d1f9541cea6da79ad57	adv	0	1	0	3c49a0f8ebc04e7e	5	1.04185	0
0042a627dfba7daa62d6ce175540c8a2	adv	0	1	0	a619ad377631421f	4	1.24566	0
0043cfdde474fa37dfeb5ce5952d22f6	adv	0	1	0	0e42ef80e329f296	4	0.059903	0
0049919cdf9556bfda5bb365af72414c	adv	0	1	0	703f1c7e72447ee6	24	74.7018	189412
004b0f451f7d96f6a572e9e76360f51a	adv	0	1	0	NA	NA	3.65	NA
005093e294b0ed0f7b23f341ff68968b	adv	0	1	0	64ac332d146c976e	24	60.6816	144988
00547b9476397463c8220560aeeea086	adv	0	1	0	251ce6c2f5e38c82	74	109.686	74516
005522cf558f9b77ed345a289384e191	adv	0	1	0	c8c861131ca7239d	4	0.059387	0
00597fb425e994af7a9d224ef4d09fc4	adv	0	1	0	5dde3a5eca7c2735	24	64.4628	172196
0059d4b1cf79efbc6e6ed50caee0448e	adv	0	1	0	41e2586528b587a5	10	0.225012	0
005ccb378ced61c02105ed7ee0a62038	adv	0	1	0	b542535416370414	1	0.456946	0
005d76c0f37b33d8b752f7ebdd157a99	adv	0	1	0	0d312ba0b15a2b1f	5	0.071723	0
00613b57720df18bec8d8dc68dc57a7b	adv	0	1	0	2f54ee68f4f4a6aa	24	81.4589	200632
006282ac3d0013b911249d14c326f53d	adv	0	1	0	15907c054a561d51	14	1.45745	0
0062dc10471119b9e13da682216b190f	adv	0	1	0	3d14806330b14302	18	129.358	455780
0064aa2e16c9d4b18d32a45d3073fce9	adv	0	1	0	eff8268e46a34739	25	24.3985	59436
0067d012901f358831afb6d6e5f83767	adv	0	1	0	NA	NA	3.15	NA
006be0fb3ae0a75aac0e386c2e6c4669	adv	0	1	0	06ca2609a4844ff8	59	60.5666	57940
006c57c6c09a6e4a4402f1dd264cab15	adv	0	1	0	54d1e8cbec124e4f	24	59.6774	154820
006cc1f4e081e7fd96a50a2171792f21	adv	0	1	0	3f5fc4f09e673fa3	24	34.3207	83204
006da0e3f4ad5b1ecd3651e66dbea36d	adv	0	1	0	a14792f5ee1c21c9	24	23.4557	92460
006dcf7e3d0fa7c39b0f542ad0ec949e	adv	0	1	0	NA	NA	2.76	NA
006e293dfc476b21c246b963c6eb16b7	adv	0	1	0	05f6b88530de9659	63	43.6554	38460
0071b624d91ebe408b0585f8c4e34fd9	adv	0	1	0	3fdf9329fb76b486	11	10.0209	50060
0072b0ce5c4ab8386763d10ef88f636e	adv	0	1	0	318e795c66b3ad62	24	69.5851	154568
0072b38614d34eb3c6ffc36aef13ee3a	adv	0	1	0	1c39b8804a93717b	24	55.4973	145400
00784e1e1a9ae772aae7f33c1fa5fbe2	adv	0	1	0	1249d822eb0d0c8b	3	0.593815	0
00847fca81490df01b9e239fd6027378	adv	0	1	0	f0d88e4dbb09334f	63	26.0969	31568
0085c7242003811caf4b7eff64022e55	adv	0	1	0	b2395d4f352a8721	24	91.4628	173340
008d1f79eec2b7712637e48aec7a63cd	adv	0	1	0	936f0bc65967897d	24	66.4051	143144
008d78352c3d630340e6a3ef0d7242d7	adv	0	1	0	fcfe20a84118561f	22	84.5078	209484
008e7716c69009090ff6bd0048dc55f8	adv	0	1	0	c45c905b90f3a615	75	80.8301	77248
008fa3f37db9759dee825665e78e2e80	adv	0	1	0	70f5c54b0536467f	24	50.1497	115804
0091ac9434f528a4007d82d2443d2dc9	adv	0	1	0	392206f617911784	4	0.8982	14080
0092f19206d4641caaa3a638914bee3f	adv	0	1	0	a57d2b8f218bf689	24	33.6678	137248
0094d44002500c187e3c2d07a13bee7c	adv	0	1	0	356c59011990f7df	4	0.072477	0
009a4a6c23299b864508393ee726625a	adv	0	1	0	1e915d55b801dce6	14	1.36218	0
00a1604721e43896a93b5329e5b38af4	adv	0	1	0	NA	NA	2.64	NA
00a30fb1c0150fe3d6692afd2b220887	adv	0	1	0	4c0861b174ac6cd8	27	4.59328	12800
00a62eb89afbf27e1addf8f5c437da9b	adv	0	1	0	9356b6ed708bf0b2	8	3.09567	0
00a981f385cd209d41e1efa1f5f29bac	adv	0	1	0	NA	NA	2.51	NA
00ae4072f9b57d5d3cfe8919aff1b776	adv	0	1	0	NA	NA	2.39	NA
00aec3b2e38968bf8a922709e2acfccd	adv	0	1	0	5c817c779ba898c6	3	1.06774	0
00aefd1fc30c425075166ca051e57218	adv	0	1	0	NA	NA	3.61	NA
00b1c27aee52d6dd9e112fa55d4cc1ca	adv	0	1	0	NA	NA	0.94	NA
00b46ace235e3915a439c77a231a5657	adv	0	1	0	b1aab2c350a388b8	10	2.5466	19200
00b9b467c26540853360491401da61a5	adv	0	1	0	4a50c8f02ea2077d	NA	27.0811	18204
00bb0b4ef28ed38c49de4c54b9fabc4d	adv	0	1	0	027fd33175ef0091	22	1.85843	0
00bbdbb1bc700e4c4ceb0d6e86e33c23	adv	0	1	0	1e40bb3078cae1a4	4	0.049364	0
00be4c67683c8edeca138279e13942cb	adv	0	1	0	NA	NA	0.38	NA
00be590675417eba2bb2585790ac392d	adv	0	1	0	4d67bfe0ce63ef78	6	0.363243	0
00c4c1dfa04e7cd8b7abc80a4a4f7153	adv	0	1	0	ead3d2789f23bbe5	4	0.113421	0
00d0eef039aa1f9cf1cf2647a58fe313	adv	0	1	0	58c83a603fbf6e81	4	2.56354	23388
00d1fe07ab948b348bb3fb423b1ef40d	adv	0	1	0	0100995234908c80	16	1.45972	8960
00d239e486137a4f7264adb4fb57d5ae	adv	0	1	0	c960dd85d83576f1	10	0.055119	0
00d25e6106c5c09bb5d8d0f7eae7385a	adv	0	1	0	NA	NA	NA	NA
00d3338cd6cdfa099ff29f036c77d93d	adv	0	1	0	NA	NA	NA	NA
00063d88244921d6ec46aeab6866a8e2	sum	0	0	1	779efa1ba6c29dba	26	7.06742	31884
00072cf107ae1349c8c59a15c5ce4af1	sum	0	0	1	01ae9f0328d3deb1	4	0.023692	0
00076733bdbce94d7e44eca84f1425f0	sum	0	0	1	5059e2ed6d186af5	9	26.2763	332928
000781b7a545fe723159e53127aff659	sum	0	0	1	1d5727988274486f	24	51.2919	148236
000a41cdca43be89ed62ea3abf2d0b64	sum	0	0	1	970bdaf6f332a578	12	31.0551	190672
000e4e0db67e27083649c20a2a3f761b	sum	0	0	1	09569a6f3eeded03	4	124.419	1040064
00107d84f57e2371476a7b2cabe0b351	sum	0	0	1	NA	NA	3.52	NA
001304ba2e4e8adbd179aa3d8acb697b	sum	0	0	1	9b0d5e41292af638	5	0.023834	0
001344c9b3cb1626af1c7c35155cf26a	sum	0	0	1	NA	NA	3.67	NA
0020aa0c69379226948904ad455b6c09	sum	0	0	1	be9c844f1fd2c383	3	0.061691	0
00213e27dabcf679205144f3dde5d37e	sum	0	0	1	2833e981afc83757	3	0.07136	0
0022f125b13bd7ccc91e793431c67a52	sum	0	0	1	e8eaad4f7dabaf02	13	107.934	626944
0025a06f00f6e467f7cf4ef9e649b2a7	sum	0	0	1	99ed468e2442f9cb	40	40.5167	89012
00260e67c792062bc3e10e6b94522101	sum	0	0	1	9a0a65803a9fbe15	24	77.0936	197904
0026aaf8bbf2df73cb5db34a7b7a7a04	sum	0	0	1	f690541151e355b1	24	66.9088	182324
00274d0721d26f867b2573377712cac9	sum	0	0	1	b531b7c091fefe4e	15	14.5869	88412
00275f3018d50ba38867268739dfc44f	sum	0	0	1	a39edf0fcdffab0b	5	0.032447	0
002a0330958a14deb23dcc84b5489e8a	sum	0	0	1	39d62f8b14740837	58	118.237	182424
002bed2572e6e326815e674f288de8b4	sum	0	0	1	2a3c5afa403d053a	20	0.517439	0
003154fc91d34d29ec5cf93b0bc32143	sum	0	0	1	bf6dfddb1b9febb3	24	19.8371	76452
00316e383123773ae35d3210f5396205	sum	0	0	1	ae261860dea0b9ca	5	0.102778	0
0033baadbd48d3f880e9b5a733bd4950	sum	0	0	1	145a3bdf4a540ac2	1	0.023708	0
0035666407d4ccb5082630045d60a5fe	sum	0	0	1	aecf268c6a6a9d8b	3	0.094184	0
0038cea06eae4c3234b7bb65d9a8497c	sum	0	0	1	857f3c4e40fce11c	3	0.09732	0
003a77d2aa15a5f93aa2cfe79b986c9e	sum	0	0	1	8cccd4e4f7dd6e61	2	0.335702	0
003de2086be59a5fb7a7aaad0992cf47	sum	0	0	1	65d5c1aecd6301ad	6	0.062039	0
003deabca05a76f3ee449221a80d8b62	sum	0	0	1	cf64bc7f092edb4d	24	55.8698	169636
0041051c73dcdd885d412a38e8b09fba	sum	0	0	1	c2fb59d8c738db43	3	0.091933	0
0041f01bcd7d0d1f9541cea6da79ad57	sum	0	0	1	5b3d60a4325af2dc	5	0.818045	0
0042a627dfba7daa62d6ce175540c8a2	sum	0	0	1	a39991ed92ca1751	4	1.28551	0
0043cfdde474fa37dfeb5ce5952d22f6	sum	0	0	1	8a0276be15f346de	4	0.073173	0
0049919cdf9556bfda5bb365af72414c	sum	0	0	1	40a3fcc7bef35e69	24	58.925	170184
004b0f451f7d96f6a572e9e76360f51a	sum	0	0	1	NA	NA	4.07	NA
005093e294b0ed0f7b23f341ff68968b	sum	0	0	1	e462177f8dd00423	24	61.7057	139028
00547b9476397463c8220560aeeea086	sum	0	0	1	55bf2c2062d7c241	74	104.91	70024
005522cf558f9b77ed345a289384e191	sum	0	0	1	4e0b676e22dc5406	4	0.053776	0
00597fb425e994af7a9d224ef4d09fc4	sum	0	0	1	b57d363e1224d49e	24	62.8106	154472
0059d4b1cf79efbc6e6ed50caee0448e	sum	0	0	1	a28402accf817779	10	0.18361	0
005ccb378ced61c02105ed7ee0a62038	sum	0	0	1	ffaf590f17a83835	1	0.353444	0
005d76c0f37b33d8b752f7ebdd157a99	sum	0	0	1	3fc6972c63dd7011	5	0.059674	0
00613b57720df18bec8d8dc68dc57a7b	sum	0	0	1	c663d03838a26eed	24	72.9544	176764
006282ac3d0013b911249d14c326f53d	sum	0	0	1	6bd9467922517be9	14	1.18257	0
0062dc10471119b9e13da682216b190f	sum	0	0	1	bddddd85c5ed8eb1	18	101.231	414540
0064aa2e16c9d4b18d32a45d3073fce9	sum	0	0	1	299229dd71d6b41c	25	14.251	51632
0067d012901f358831afb6d6e5f83767	sum	0	0	1	NA	NA	3.43	NA
006be0fb3ae0a75aac0e386c2e6c4669	sum	0	0	1	669bf02ab23ad2f7	59	44.0981	54040
006c57c6c09a6e4a4402f1dd264cab15	sum	0	0	1	9d51663eb29771a2	24	33.3429	139788
006cc1f4e081e7fd96a50a2171792f21	sum	0	0	1	bcfc773f7661aa40	24	31.1879	82796
006da0e3f4ad5b1ecd3651e66dbea36d	sum	0	0	1	eec5615b2b45f220	24	33.1123	90328
006dcf7e3d0fa7c39b0f542ad0ec949e	sum	0	0	1	NA	NA	2.81	NA
006e293dfc476b21c246b963c6eb16b7	sum	0	0	1	f4333bd9c9573c35	63	25.0516	37432
0071b624d91ebe408b0585f8c4e34fd9	sum	0	0	1	87b722f737735340	11	5.65932	42924
0072b0ce5c4ab8386763d10ef88f636e	sum	0	0	1	183a203d00729481	24	65.6702	147268
0072b38614d34eb3c6ffc36aef13ee3a	sum	0	0	1	7a848b1e64055e92	24	44.2374	133960
00784e1e1a9ae772aae7f33c1fa5fbe2	sum	0	0	1	d8c8af140eefbbb5	3	0.350752	0
00847fca81490df01b9e239fd6027378	sum	0	0	1	3a8c585446ae2b59	63	32.5914	29868
0085c7242003811caf4b7eff64022e55	sum	0	0	1	c7ffd7a3ce4d6674	24	57.3116	166048
008d1f79eec2b7712637e48aec7a63cd	sum	0	0	1	320c7d869efbaf55	24	54.853	123764
008d78352c3d630340e6a3ef0d7242d7	sum	0	0	1	362117ed3de8349f	22	43.6412	183660
008e7716c69009090ff6bd0048dc55f8	sum	0	0	1	de121910cc557153	75	66.9579	61328
008fa3f37db9759dee825665e78e2e80	sum	0	0	1	b6bc6bcf90b1877a	24	45.9889	108712
0091ac9434f528a4007d82d2443d2dc9	sum	0	0	1	f9777362debf9eaf	4	0.357878	14100
0092f19206d4641caaa3a638914bee3f	sum	0	0	1	ebd5354c6cf8af6b	24	43.4897	118664
0094d44002500c187e3c2d07a13bee7c	sum	0	0	1	aecbb5a2d6da7125	4	0.06079	0
009a4a6c23299b864508393ee726625a	sum	0	0	1	9adc2e081a969cc9	14	0.579267	0
00a1604721e43896a93b5329e5b38af4	sum	0	0	1	6ba3fc4169523be6	24	58.4538	144920
00a30fb1c0150fe3d6692afd2b220887	sum	0	0	1	b83566a1f63f6de0	27	3.7257	0
00a62eb89afbf27e1addf8f5c437da9b	sum	0	0	1	73987d2ce4bcd4eb	8	2.40019	28676
00a981f385cd209d41e1efa1f5f29bac	sum	0	0	1	NA	NA	2.5	NA
00ae4072f9b57d5d3cfe8919aff1b776	sum	0	0	1	NA	NA	2.31	NA
00aec3b2e38968bf8a922709e2acfccd	sum	0	0	1	f609c4e8532f48ac	3	0.811237	0
00aefd1fc30c425075166ca051e57218	sum	0	0	1	NA	NA	3.66	NA
00b1c27aee52d6dd9e112fa55d4cc1ca	sum	0	0	1	NA	NA	2.68	NA
00b46ace235e3915a439c77a231a5657	sum	0	0	1	1997b61ea7ba3b6c	10	2.16138	0
00b9b467c26540853360491401da61a5	sum	0	0	1	53c23b89f8202399	NA	23.4058	16640
00bb0b4ef28ed38c49de4c54b9fabc4d	sum	0	0	1	f39f4c34ad60c759	22	1.49567	0
00bbdbb1bc700e4c4ceb0d6e86e33c23	sum	0	0	1	9e3345b1a83dddd0	4	0.040654	0
00be4c67683c8edeca138279e13942cb	sum	0	0	1	NA	NA	0.34	NA
00be590675417eba2bb2585790ac392d	sum	0	0	1	c20d4c72f8a4c2dd	6	0.272948	0
00c4c1dfa04e7cd8b7abc80a4a4f7153	sum	0	0	1	a4ea43e12344d451	4	0.050093	0
00d0eef039aa1f9cf1cf2647a58fe313	sum	0	0	1	ba387d0d2fe5b387	4	2.02746	22104
00d1fe07ab948b348bb3fb423b1ef40d	sum	0	0	1	14a0c8386e5fdfdb	16	1.20418	10240
00d239e486137a4f7264adb4fb57d5ae	sum	0	0	1	8760aeb818b416eb	10	0.048654	0
00d25e6106c5c09bb5d8d0f7eae7385a	sum	0	0	1	NA	NA	NA	NA
00d3338cd6cdfa099ff29f036c77d93d	sum	0	0	1	NA	NA	NA	NA
