ID	k	max_iters	wlhash
00063d88244921d6ec46aeab6866a8e2	1	10	f207acf9245a1c85
00072cf107ae1349c8c59a15c5ce4af1	1	10	07300669d9cf4222
00076733bdbce94d7e44eca84f1425f0	1	10	60529e3f7e774c3f
000781b7a545fe723159e53127aff659	1	10	e3aaab81959785da
000a41cdca43be89ed62ea3abf2d0b64	1	10	cb4e65352eb86ef8
000e4e0db67e27083649c20a2a3f761b	1	10	97e18ab99c9ac8f5
00107d84f57e2371476a7b2cabe0b351	1	10	fac74a94e7453909
001304ba2e4e8adbd179aa3d8acb697b	1	10	c1e7dba132a04a33
001344c9b3cb1626af1c7c35155cf26a	1	10	08cf71aae7bfcf4e
0020aa0c69379226948904ad455b6c09	1	10	f6267df96b60e91b
00213e27dabcf679205144f3dde5d37e	1	10	725a3d82b6906ed7
0022f125b13bd7ccc91e793431c67a52	1	10	e8e9428a4ec01848
0025a06f00f6e467f7cf4ef9e649b2a7	1	10	b150126cdb0fbf86
00260e67c792062bc3e10e6b94522101	1	10	bec83da3d02a96eb
0026aaf8bbf2df73cb5db34a7b7a7a04	1	10	40d2a4525723e9e6
00274d0721d26f867b2573377712cac9	1	10	96f46300c7fc0bd5
00275f3018d50ba38867268739dfc44f	1	10	4d83c52ffc921992
002a0330958a14deb23dcc84b5489e8a	1	10	b041ad9f3654ce70
002bed2572e6e326815e674f288de8b4	1	10	94ab2394a261ee2a
003154fc91d34d29ec5cf93b0bc32143	1	10	f516603de39cbacc
00316e383123773ae35d3210f5396205	1	10	97816664403306e1
0033baadbd48d3f880e9b5a733bd4950	1	10	44cbcdec84ab96eb
0035666407d4ccb5082630045d60a5fe	1	10	1fda578b3e158a24
0038cea06eae4c3234b7bb65d9a8497c	1	10	0ca81faed0b3a2bc
003a77d2aa15a5f93aa2cfe79b986c9e	1	10	10238997109004fa
003de2086be59a5fb7a7aaad0992cf47	1	10	32da9769cfa81b04
003deabca05a76f3ee449221a80d8b62	1	10	8b74ce99884fd36d
0041051c73dcdd885d412a38e8b09fba	1	10	970910c33418e399
0041f01bcd7d0d1f9541cea6da79ad57	1	10	4ffe112f83da2cf8
0042a627dfba7daa62d6ce175540c8a2	1	10	c5067dad5dc418d3
0043cfdde474fa37dfeb5ce5952d22f6	1	10	7598b22a5893af63
0049919cdf9556bfda5bb365af72414c	1	10	466de22b68672e78
004b0f451f7d96f6a572e9e76360f51a	1	10	ea93858afaf2bac8
005093e294b0ed0f7b23f341ff68968b	1	10	411712aa44aa0a82
00547b9476397463c8220560aeeea086	1	10	aba75e9c82980de8
005522cf558f9b77ed345a289384e191	1	10	7c36632b6e0e17bb
00597fb425e994af7a9d224ef4d09fc4	1	10	8cd0d61de1b9ab5e
0059d4b1cf79efbc6e6ed50caee0448e	1	10	136aabca76058849
005ccb378ced61c02105ed7ee0a62038	1	10	e26bbad81e0f0373
005d76c0f37b33d8b752f7ebdd157a99	1	10	33c589a49c1266aa
00613b57720df18bec8d8dc68dc57a7b	1	10	6962961ae46290ba
006282ac3d0013b911249d14c326f53d	1	10	018b26b428f88ad0
0062dc10471119b9e13da682216b190f	1	10	6a70f27a20cecf63
0064aa2e16c9d4b18d32a45d3073fce9	1	10	f3e827fdbe7a30e8
0067d012901f358831afb6d6e5f83767	1	10	117c58f56b166291
006be0fb3ae0a75aac0e386c2e6c4669	1	10	d5cffe448992c002
006c57c6c09a6e4a4402f1dd264cab15	1	10	8bb6dc42164ffe05
006cc1f4e081e7fd96a50a2171792f21	1	10	8ece26a5f8244493
006da0e3f4ad5b1ecd3651e66dbea36d	1	10	bcc71e33f29cbde6
006dcf7e3d0fa7c39b0f542ad0ec949e	1	10	NA
006e293dfc476b21c246b963c6eb16b7	1	10	1beb050368b6f7fe
0071b624d91ebe408b0585f8c4e34fd9	1	10	3c720cb91367ee29
0072b0ce5c4ab8386763d10ef88f636e	1	10	f169a5d537e83c67
0072b38614d34eb3c6ffc36aef13ee3a	1	10	f4e71ae4e530c2ab
00784e1e1a9ae772aae7f33c1fa5fbe2	1	10	a8c99556a0c5b8f5
00847fca81490df01b9e239fd6027378	1	10	68220422d2cf7a05
0085c7242003811caf4b7eff64022e55	1	10	8ac5a602a918420f
008d1f79eec2b7712637e48aec7a63cd	1	10	973a8418e61d28bf
008d78352c3d630340e6a3ef0d7242d7	1	10	c805e80ab438cb19
008e7716c69009090ff6bd0048dc55f8	1	10	bd9a2f85b260d920
008fa3f37db9759dee825665e78e2e80	1	10	152f965cf0b822a4
0091ac9434f528a4007d82d2443d2dc9	1	10	140c4f6e58f40040
0092f19206d4641caaa3a638914bee3f	1	10	6b2f14173625a47c
0094d44002500c187e3c2d07a13bee7c	1	10	42034e84951f77b1
009a4a6c23299b864508393ee726625a	1	10	9dd90ac0a44bdcfa
00a1604721e43896a93b5329e5b38af4	1	10	68d5ed9ab466fbb7
00a30fb1c0150fe3d6692afd2b220887	1	10	dcb61104b0a57485
00a62eb89afbf27e1addf8f5c437da9b	1	10	964917e1494f1b70
00a981f385cd209d41e1efa1f5f29bac	1	10	7b8229fda80ebd1f
00ae4072f9b57d5d3cfe8919aff1b776	1	10	4c399fc5c8df0c78
00aec3b2e38968bf8a922709e2acfccd	1	10	8556403015f7381e
00aefd1fc30c425075166ca051e57218	1	10	NA
00b1c27aee52d6dd9e112fa55d4cc1ca	1	10	aeba0d05d40c56b1
00b46ace235e3915a439c77a231a5657	1	10	4a9e72fedaf1508c
00b9b467c26540853360491401da61a5	1	10	ee3bb7227ebb7093
00bb0b4ef28ed38c49de4c54b9fabc4d	1	10	fddbca5b95be7d68
00bbdbb1bc700e4c4ceb0d6e86e33c23	1	10	7c8cd625f80d160e
00be4c67683c8edeca138279e13942cb	1	10	0d58b4d5809aeb58
00be590675417eba2bb2585790ac392d	1	10	984bdfbb0099d2e8
00c4c1dfa04e7cd8b7abc80a4a4f7153	1	10	d4c7a2fb70b2c5f4
00d0eef039aa1f9cf1cf2647a58fe313	1	10	0f800c3fa7f06d5f
00d1fe07ab948b348bb3fb423b1ef40d	1	10	566384aed5a618f5
00d239e486137a4f7264adb4fb57d5ae	1	10	b92b3320f06ab980
00d25e6106c5c09bb5d8d0f7eae7385a	1	10	eec50e5f6065dbc2
00d3338cd6cdfa099ff29f036c77d93d	1	10	11c3f0ab86fc6886
00d41fe5805aef9e2e3b63e1d9497edf	1	10	6255c02472ff0b61
00d46b1518fddf95bc8ba424e1b5b77d	1	10	4a41776245599e53
00d5f0932042a96518b03e6fd2feaf48	1	10	8620a8555ec1c1b1
00d74259dcca2176f1cd561f52bc0326	1	10	4d8ac2ad2ad97a91
00df199d465391a52fc37b87f81a957f	1	10	d0aa3f04bab7bc79
00e010712b854966aa56caf9c9dc4696	1	10	6b4871aaa04d201e
00e1e5a05ed04bcb437bd7fc57a88b7f	1	10	465caf4965e135db
00e289099ea9bcef6a056a8c8ba8a3c0	1	10	96be225751597a1b
00e32767bee1894beb0b71867f279d36	1	10	5a9097d0db513aa9
00e45ab8a1baf16155af6e59c3df5dbb	1	10	0374142f74b6c277
00e5aac4701e62ae50c9f1504057fce8	1	10	3c7a0f2fd4bdcdd7
00e974264f8f9048b68c983f36643115	1	10	bdbcf56796a2edeb
00ec2992d59f85705eb8e1f4f1e01b3d	1	10	2f6ec1ad45d0e6c6
00ecd19c442956ff9a22584fd9bf439e	1	10	a83fa23544605156
00ee79ac35e86f955a633d339777cfd5	1	10	72e1c4fa3eaa5137
00f122e0bb11a9bf197002715699e204	1	10	5df12a61d16735f5
00f2eb377986e7decbc863931680a3b2	1	10	00680bba902de51e
00f4aca773e5675f35263dcd46b15bde	1	10	f6541f0e1623949a
00f88a15e12e7b364077c33125a35547	1	10	90fc4eb60b8d2cd8
00f969737ba4338bd233cd3ed249bd55	1	10	0645de2877a7d992
00fefbd32304db604a87910d187e8365	1	10	44cef2122e181a7d
0101d013a916d903e8e618d7db1edbb3	1	10	8d938ebb6416eb1e
01077fa04638a98befd66bff16f4accd	1	10	377156c883225c01
01079ada0aa5a4f3bf4bb131b807eb38	1	10	714716bb7edc3097
0107da33f8475f96dcaa3bd57e3cfb0f	1	10	0c146a7387602c65
0107f34364dfff8ab062193b2c71b4de	1	10	174a51995990400c
01092687660de604975b7e75932607b7	1	10	d8a0d47bb72e1c01
010a035bfd273b17438896d04f47b4be	1	10	NA
010c2e0ca6399116d206100ca14aa880	1	10	d5ea6beea6772f05
010c9d7a6e9e6cac63f110915d9dd56e	1	10	bcb550e0c113acdc
010eb724ccc815100d40bcc948f9c598	1	10	a49c52aa8545597e
01135f7a79d555bd0406f00fac22cbe2	1	10	5e492e5be4669d71
01136f74588604a67b5e5950a2525129	1	10	88a1f2732d58f30b
0113bc2aba73927ba3828baab15fb8c6	1	10	1d5c0d94b4f82d38
0114ad337fee86dfb02871d8a971b130	1	10	ea87b242cbc7c32f
0119a8fe54c110d927344cd950a43671	1	10	7c137fedb8ac8155
01209700b6b45ca5fda7fbcb17765db1	1	10	35a7b473b1cfa673
0121f7a2adac25bb3f01fb841fdce55f	1	10	d1c4aa6687a475b3
01225987412b6f8423cc68be93385f6e	1	10	5488c6d0f0810f4e
01243b47967a3d012ea22e993355c833	1	10	98a13a83176587a1
012a40c3c94a3f1701efa5e73611529c	1	10	444a2f324175e607
012e56e8b23c29cb222b64bdeb523409	1	10	702e89c71c20cac4
01363e6edd7b668dcd8706534c4e1f4f	1	10	f2eabcb27904472a
0136adb99bdca756b28f8aca2bf8a1b3	1	10	1354966cd357fa00
013a51ccada51812061ed2d6504e23a5	1	10	b019fb024385ed36
013eb6c4963e5a4724c4b34599f0bb64	1	10	811c677a5cb718d5
013ed5a359706d5bc4ce7e2dac38bad8	1	10	f35ad7a8360a3cc9
0141b82b3d2a411d8c2168119e2d7452	1	10	e2515cb380c6ae43
014a36afe8dfc0c7cd6098f66fb8756a	1	10	cff539aa4f202ae6
014eb73b695be1a41c61e15ca919f0f8	1	10	d2abfd53e0f4520b
0151782431fa0ec1f855523721c52682	1	10	90a274be3961af0b
0151bedac526ee195bc52e4134cd80e7	1	10	c22c274a83411e6e
0151ced92d88d7b46424ccf1d26d7716	1	10	9ce7cc049f16b4a2
0152ba35c2942027426ebe4a074f5fdf	1	10	a095b90d72de060b
0152d286cde406747d179c36a95c2fdc	1	10	3664e8c883844666
0154182ac2508df34a7bf7120a368e70	1	10	e6bb6a72bdfed472
015a78f0b46546a98970be8f3101443c	1	10	0f800c3fa7f06d5f
015a8c86d53869abb26f9dbe4a5f1e54	1	10	1b9ffa7b454733a4
01653db16d6cedc27f5314d680efc055	1	10	fc890facb38b466b
01657386753a1369dd286a3fee9062e4	1	10	1b9491b601ed943d
01665130994f549bc94ea4b1e91111cd	1	10	d5899c7322fc693d
0167ead7da1e981805564ca981f64bea	1	10	7846b6ae8a1c98cd
016ad2dcc5ac2bb3eb555f2a8a6e412b	1	10	78d85a002fff62d5
016c52d4105ea384ade3644ab71415c4	1	10	5f079baec8da8534
016fa607917cff1ece5bd5c624a49491	1	10	cb27cfaa00104d14
0174593b6652936010405e3f4b6799c1	1	10	d8cf1ec59d1fa807
0176764afff2ea9f16a90fec9a516ed2	1	10	b9e447ee90dc4acf
0177419016ca9d3abad0c15998bdf72f	1	10	29d1afbfee4a1424
01796eb1fc5b82e2d36e60dacb631250	1	10	f5b6a7a9cf418d1f
017ba03ed108f492c9293c7c95e5cae9	1	10	ee0c2ae0a09eef56
017bba0f995e6d9921253e5a59521435	1	10	cc680c8d84a81711
017d217fc0568c83c47f2c35bb685481	1	10	4a42286d870d5bbc
017fe0fa773f3213acb3fc70d12a0d5f	1	10	e50378b09919d0a6
01813075a2ddb68ae1fc655ca003437e	1	10	11c3f0ab86fc6886
01843a0195183ca14246a88bf7bad482	1	10	cf7359809d25c9c5
0184fc46a3e15163bf4f114a2689fe5c	1	10	47727748fcf81ac2
018b45eea6e1db3dc076ce5650c1b33a	1	10	5b40ba3565471841
018baa8023b064875f9459bb4b164239	1	10	2368f8364f8b28fc
018e0d55855905e9914c4c1af52eea55	1	10	62f7f6026ec7a4ae
019044d2c20a2f868da3325a8392ae49	1	10	46e66e194abd84d2
0191a0bf3412ed407ba669f8d69081ee	1	10	06e505806daea8b1
019312023ae44dd892cd3f62550aea6e	1	10	1fda578b3e158a24
01933666e24a4fcb6240ce46b6160380	1	10	955851c7db76e270
0193bb2b5b7c07ad179001c34a885f6c	1	10	ae8eec09e0b10ecd
01943b1d6f8e65a44e99f97da3236241	1	10	31d54c3baca9e154
0194a15658e15953f779d436681f1199	1	10	aa97d6bd9bacf27b
01950351dd73990085d75e125b1551de	1	10	83f22582ef905690
0195cb8a6b36b6e6fe6b23365828e198	1	10	2f0f4aec4a4c4a50
01966a0fc52b2200a13f5f835275a919	1	10	7010ecd99adb2c8b
01979ca4966cc363ec3caeebd8d3fc31	1	10	5bcc6195883b23d2
019dc69c96737c3d62696c9acf3edf1b	1	10	NA
01a160920ac2891c97339805cb3093b1	1	10	53776bd341f9cbe6
01a2e098e96522a52a76c783a5b0b587	1	10	ffd049b3244044fe
01a74343f618546e9ad2a60849140317	1	10	65e44730788419fc
01a7a38902771cf5e7f37b7e0275b0fb	1	10	46e3aa1299566d50
01a82297e8d8f68eeeb26329d1bf26c2	1	10	74ff04fd7847133a
01af042093bf36119811b6e658e7a231	1	10	424cb84741d564e2
01b105afb0dcb7a28cfe775c98b6ee00	1	10	18b7d74e2fe309c8
01b4cb9b343aef8334f5d22e4d8f0380	1	10	bcc495e087cc0250
01bc467c0134087a88cb308e5fb259ec	1	10	8f38a1a3ca47b4a4
01bc4d75a43a8293132d0be627341207	1	10	68c6cf340ac14f9d
01bd0865ab694bc71d80b7d285d5777d	1	10	2d4799c5bbede338
01c09bcfbd1f9c2cf781d37abdfc7473	1	10	f5f0058d32ef7475
01c48559d4870a5f3216291060fbeb39	1	10	40f73531b55859dd
01c64036a1e08f96e79e92d72cb8626c	1	10	354f7c43b6d96bb4
01cced75cb378574bc849f76e909c94f	1	10	d553ad8eb2b14ee9
01cf0326d2ab46b71fe4e2eac97b2b18	1	10	c505c094b1897770
01d037bf22a943430790eedd667f415e	1	10	dd7ebf6b8373cbb4
01d12e6a44b845def1455663b490d7cc	1	10	cbcca3c2adae738b
01d142c43f3ce9a8c5ef7a1ecdbb6cba	1	10	a2ee211bcd3cf38a
01d494c2afa4960a236bf8412e2bd08a	1	10	f4f37180c06c2011
01d55a3ba267f6b2a2911c9239f2bd31	1	10	ce3d56679d7c89e0
01d7029fd605b0f8aa31ce2260b9f874	1	10	00f1c05f24e97e03
01da0d23a7273b00c0252c1ca964444f	1	10	cbcca3c2adae738b
01db0170c4c634550cc710a645093cfb	1	10	bd1ae2ffa611b9c8
01dd5feb463fa80f73809718f6ff735b	1	10	d62f730a0520c511
01df60e0a1690421fa6d8e73358af751	1	10	654a8afe4a51f6d1
01e407c1be777e7a6bff6f69c871191e	1	10	f11e9aae4d54aab4
01e457295031b531787c8f092a9487f1	1	10	2c21beccf306f381
01e460fb1710367a663ab3f7274270db	1	10	860e2e63ef29ff72
01e6b02d61a5105f4cc4d1275e4ee626	1	10	6441bdf0aec423fc
01e7e51d745a9ffd5d8c0d4be157a6ea	1	10	ceabffb2c8ac50e9
01efd93e498fa0aa8b15a225c0222824	1	10	e83d5ffa977b879f
01f6f378126fba702bfdca976b9ae406	1	10	2fc2fe6bcbb529c5
01fb606163f23f52d676aa4f46b4381a	1	10	d6294b96f58e732d
02009b14e291072e12a5b27dffdf5a7b	1	10	406909170eade746
0202cc5d16223bceb61e66cc4d7168f7	1	10	ddd32b2f6dcda41b
0202d973562cc1efd380b93faf711df3	1	10	7838b794d8929f55
02039a75cd47093fce9f1af3ab61a5e8	1	10	f7a3654997760da1
0205c97b33f228ca830b36156eae9bc9	1	10	46cb669f24ef42d2
0205e0724a8a912dde9ad7dfba2aee0b	1	10	15ecd8b3a6fc7a82
02066c116dbacc40ec5cca2067db26c0	1	10	f3e397e3c46377a9
020bb8e3ad83c3e377648b6103c6fb4a	1	10	a9dbd1c65625c1c6
020c63aa1ae5c6fe7aeb8e2fbef99a3c	1	10	NA
021331d523ad3092616ff99cf0c6c355	1	10	8ce18a93f2b8e964
021686368317a35103f1f671f783d958	1	10	NA
0216f9d35f2b695b904fffb312e3e611	1	10	d4d137086e6eb49d
02189c82c0395b9968ecb32895bc73c2	1	10	7f0598dbd5ea4874
02197ec055ea06c347bf1c6ceb6facf7	1	10	5e8389309f082cb9
02223564bd2f5c20768e63cf28c785e3	1	10	eb6ad112c7fc0bb8
02257f12aa71e6622d2bf4d0f7111ebf	1	10	ffb02ee7f6a89778
0225fa9581c622e5abbc8497a97edf4e	1	10	a62da19afb38d59f
0227c865edaeda75e13eea36d57b7eed	1	10	fd98591147257ad3
022b841952d37f0d6a0d050c9b4b0071	1	10	e21b09fc1e72ff05
022d902dc901cc9dbcb9e9af8b6728e2	1	10	b7fe8e9704cc1f6a
022d99ed11a6bbad03a8d07be558411b	1	10	51cbc291c244cf1a
022dc7e9935f3570c088db58bd84b2c6	1	10	d3a98b9ddf8a097f
022e05157f3057a9888a85eb94a26d3a	1	10	2db9053db1f96c0f
022fd6b1d5a66e11de5fdb58d51db99c	1	10	76917374adf63eb7
0230774d18baa0fb8e3267dcac0014f3	1	10	1409907d4775928e
0232a4f59601e7a78fa29e06d5091764	1	10	b86c64212aaef585
02393be00525d205cbe0b6ca8ed22f48	1	10	7bbe0755821ed36e
023e522c9160d4d1584c5ce1a6ce48d1	1	10	b38ea9e4c69f6200
02404a08ea36dd43362bbddc578c839d	1	10	420138ff735abb28
0240f5bddc39ad2f0a786c811fc434a8	1	10	7bcb585128c6bdfc
0241f35c5752768d2b0580533d143a14	1	10	7a8282362968d269
0246c609c3a0f893028313b2291dac7c	1	10	33478e3b5cf1738a
024750eb1d45dbe3c081ff3372fff5be	1	10	0c055d5e0e6c5008
024af9416f8c1dad1b4f974757e38d51	1	10	c230bfa9dd953c39
024bff5f92c610e530b3756f2ccb037d	1	10	ec7d6bc72cc8594b
024d71cebfe2f5c3b574e2482b2c7b66	1	10	47e3be5b3ff5f40e
024ea469a7c368eadf441544cae9f90c	1	10	800cd10152e64b69
02505bcdae17368b0b44efe673160eda	1	10	8fe7ce9684516216
0257941d88a81ef2839a94587d03e87f	1	10	04f9ba935b53c1fe
025890af6c6f91ea4e405dbccab6be90	1	10	NA
025b05bcc900fa8e2675ba23c6e6d454	1	10	399197cc8fd3a5cc
025b4355cf82995a0c901b109bb2be55	1	10	e7531d5906ed68a3
025fe6b9b2e74c53011badb9f2c79976	1	10	7152aaee61f8a5e7
02609dfe236c0c2beeac79e61cbe6151	1	10	0ac51b6d440f8b67
0261b44c278c36459061c368aa00575a	1	10	d789cd2909a887fb
02627689047d06fbb642eef14768d751	1	10	c36ed274d09bac22
0262e0507796703aeed95b8eb6346828	1	10	d60f3b065319a4ec
0265448c232e3a25aa5bcd29b1b14567	1	10	c9283bc2dad4a928
026697efcbda72c2263c11b12cd22677	1	10	bf6c72d2c2415c99
026c28cff76457b2fa8eba99520a0f9a	1	10	9288aa3214fd7be3
026d5d5889dc62956ad30fa3a6ed61e4	1	10	f335bf4d38499974
0272edf70e38a36b32b924ceb16c7156	1	10	f5f12023b96e2405
027330866147a897c5c9b5d4d47d28cb	1	10	20b181463e48867b
0275407378707ad9eed2f8b30386a789	1	10	097860c2614bd493
027761d107a7927810afd569bfd81a4e	1	10	4ab104c782ac7750
0278eee117c3821771e2d18d710a89ad	1	10	b95e8b51d6c2a8c8
027b35979bc619b89cad395d958b3270	1	10	36ced18f6a75003f
027dd75e80e8fd4374ed8eec187f956a	1	10	1b9db7358499d990
0286e90d6f0176c6f49ca4b6d0c08dff	1	10	70a0957fff45950a
028d0cc7af63e9bba5795f20e24db4f6	1	10	86f02821a7b037b3
028d1cef617dc62904ce9a7718081d4b	1	10	fdeea8b0f238af1b
0291268a34c2d681dbed04f2c169fa9f	1	10	NA
0294158664d9ada36bd23fbb652cb823	1	10	ed04d96a8b59bfd5
029769d31380aed4e9915d27c73d18d6	1	10	34779b9a9283e840
0297c2a35f116ffd5382aea5b421e6df	1	10	10be92ab0d871271
0299da6b2088736e46a6ebf067804596	1	10	e493261fd0e965dd
029a78f54a28bab5de0ac9ea07823e74	1	10	41e20211b6510227
029cf5345cbde37e75d11fe7c9f07ded	1	10	a52366aae35408a1
029ef821bff942b1be483e35b4256d79	1	10	43b4287c7634bcef
029f943a34e4b12fa59c6a3664e481bb	1	10	a3b0c7f668d4fe79
02a5d44d0559dc046e591dd8c10f2c10	1	10	5df08cd8e19354aa
02aa8df7d5f231c1fa8c138bf71881b8	1	10	ddc3e62009a95b5a
02aab5b634bc3b1de8567a15f468dd53	1	10	09645d73bc7e0d72
02abb73bd8e7095a9f18f82d8239eb97	1	10	b682f68b05a02595
02ad1665470545464a4d28a0d4b94570	1	10	58e959ba5beeb793
02ad294c09a41578dac649a64b6aadd6	1	10	5aeda727cc0125b5
02ae49a7f45355f52f90208a8ba5164d	1	10	bfc10f990410d1bd
02ae8832f0c2821eef1e72d3df540a22	1	10	34704c588572999a
02b0ba33fc854c843c151f951be44010	1	10	be5e3f76a8f4aa1e
02b385a378c232c0671c7ccae533ddfb	1	10	3f78094817205e82
02b3ef3c69fd77ed8ef830f4256b0022	1	10	12e1e3d9f84e8798
02b60dfe8004125530bfd1b4d055dc6b	1	10	974ca66c3ec9abad
02b69d0e5c2b68d5c3d650164b6c277d	1	10	17d60490d9c90483
02bc149bbe801807912f651c7bad3e74	1	10	943390430c3ca826
02c18b0862662b066404f55c815e459b	1	10	2bddb48f46ee3683
02c1c6307289afd9f6ac81979b251df2	1	10	11c3f0ab86fc6886
02c1d1c6fb0c6558032f7b5f115702cf	1	10	2c39939c2ed621b3
02c23ebafea72bcb7135ab806aa3e1a6	1	10	d7c1ed32be7036ff
02c3dfc0e9c16c69a66b5b7412e512ef	1	10	cf1563f2ceb61bed
02c3f1d24074cba45a64d0b4b5aa0238	1	10	7736d69ab66ca564
02c6fe8483e4f4474b7ac9731772535d	1	10	3e22c470a182cab3
02cba4bd89eb7ecbf0f063c4c4fef7d6	1	10	d91b65af175a1ca8
02ce47de081045ece3d651b805235346	1	10	08b850c8b9ef49e3
02cf287a41c2cc7a79c682495df002d4	1	10	5dc826d234856042
02cf500db31aa951989bf4947d9165e5	1	10	b50c3ff529683489
02cfa5a71b5c89a1b10b5f5a5221ed05	1	10	5385394c92c1d39b
02cff9bea08ed95b701d23e743e2ce13	1	10	68a27d2029fd117e
02d15c71f00ba4808c8efff0ed6d71ce	1	10	6f972c1f1599d231
02d4f72ae5dd9be8edcd3bff7e63f8ad	1	10	9e393acd1a864034
02d8847ee38504792705d794eb93e9a7	1	10	a69903487c678391
02d8ce98d8be14b6cb115dd4752d7c09	1	10	1c23a2141861b8f8
02da8e9305ee7b4ad33c348f46afebea	1	10	5f2c59bcbf0342eb
02de69784e1bd36ed3ac1a0a7371fad0	1	10	4c333d2e6630fc37
02e336c79a69ddf2e868232321abd154	1	10	78be5cc09ba7cfa8
02e4f23ed59566d343b605dc2cc30a01	1	10	555bf0cd8e245f7d
02e781d6f1761a8135a599de8c34bc88	1	10	356827af707fab58
02ee4550987a8545d00d0ad14d4b215c	1	10	04d0d00f6ff336d6
02eef920cd1aab9ef3492fe27bf515c4	1	10	fff2e26f7b5426b8
02eff2cc9db1e6abe53e55e9e3f5277f	1	10	373ccf509d515484
02f019f0a4040c0f9b52cd910997a362	1	10	1d53439f9f64a2df
02f2343e32f9070f149708d77556b4aa	1	10	NA
02f3a178829aa3838b2ad9a14f986913	1	10	04561cc7a56a4db6
02f3e7cd5ffb56be6f619896a40fd628	1	10	5f3c0137a6aa2b2e
02f6ca52f1ada872d82035088701b66a	1	10	NA
02fe323166b147f507e045f04062854d	1	10	320010cd2c59912b
02ff9a8d99be52af14523c433e6caff4	1	10	e92d1ca67fe72be8
0300d80a6c897c389a07ee4bcf3e926c	1	10	96f940eeb2808a2a
03041657b7177746724b819433c83b20	1	10	f379d84b64f5c5cf
03083b81684212efcf3f415df0127130	1	10	64457e7f22e04946
0309535f129965796de4193e1605bfa9	1	10	7faaa8b322a51bca
0309ea422084568c2b4df13b32094380	1	10	9e01e43584bf85c6
030ae49b1ccd2bdce8a35ae95997bdca	1	10	8e3cd158ada8d4cd
030f36e3ef0e56533706d6c1b4fd31e1	1	10	4d9a6a2c5840599d
0313ef9736992ac0bef42713aedf8a1f	1	10	cff539aa4f202ae6
0316093cadcfd18a4e30b7974e62fecd	1	10	25df3219125d98a4
031757c0a6797eddf3e84bcefbbdb753	1	10	NA
031a9d2143b30c6682f1f8fe23526804	1	10	584b337a444d0479
031c116d206f65d7c267d30108cd00a0	1	10	6ccd0c0dff6c7608
031c99d72be38eedacc8b402784e9821	1	10	a250eec943c6069e
031daf860acbce867db7559c74bb1c60	1	10	8d817261e0eb4bd0
031f2533749fafff58983d342f8c7ee3	1	10	305c1f7e2a3ca6b0
0320af21bba8b8cd940a95277377803d	1	10	1dee5e5f1c963862
032117a0ac42531420174f9b1234b6de	1	10	e55e2d2369c8f475
0321654854668173ef9983b879622722	1	10	37d8946df460ec40
032172c44f98289cf10e06ffeaf7745b	1	10	104cf3e03dbacad4
0325f5bdfff16d1756f786bfdccd2d26	1	10	634edbb19261f529
0327aa4bd6b07b94d14e53efc57d0d00	1	10	4fdc7ea09d9476d5
032941f5f28c9ac53fa1c80d35f3206f	1	10	NA
03332c1d032fcd09f91254199387215a	1	10	bf3d1c7407bdd01f
033560dbd1b4d3545b4b40ef90aaaa29	1	10	0fd6eeadde89385d
0336f81b60baac5b8f481dd3c32861a5	1	10	846f2e1191a645ce
033743e540b7f6e2114a3e6981558795	1	10	ea183268f69bbf69
03385e315b37cbb189ab45f90acf5af0	1	10	0ca81faed0b3a2bc
033b0be3724bb9a94ffbce3d0901db59	1	10	8878710d7d8076f6
033bdaf71d51a1645014a54ea614312f	1	10	a471d28d51a9028e
033d611722714d5206cc0184479e92e2	1	10	46ff497462806335
033f38da07bdbbad4763eaf1fe97ce37	1	10	41f3f5abd205dabf
034619cf0ad20017ed9dd5f88caacae6	1	10	45e4084643a2be83
0346be00d2d7d3393d134d8be1138c45	1	10	905964aa4189d8ef
03475e329b9fbc8246a09a4f888f9023	1	10	7e3d58581bd1a4c0
0350d0a0f0922b1184d3183ae3d58f4b	1	10	a3cb231be6386bfb
0358188e041daccdd2fad07e1188f28c	1	10	898bed5805858a47
0359596347daa117da50950748bc06d1	1	10	a9120c8371a706b9
035c200bbf0a783e4ec9656cfa9b2f68	1	10	dacfad78c57d9bcf
035c23ef8339c6d16ecd45601af8a589	1	10	26671eb9ab22f783
036126151ea302c37e340f6552777678	1	10	e45e495d4bcf355e
03645a35cda06bab02dd280017fa8c3f	1	10	c0906d157d4bf8be
0365db8065a89550e1ba73d86ec48cc2	1	10	d6d0d4ced183f5e3
0369497a41c3914b796cb81e64dd2e55	1	10	5ad14d3ed183831c
0369d8788498fe92e8337f326a929367	1	10	28084b107f9ef8fd
036b541db9d0839b0591d408ff4f77ae	1	10	1c8cc16b2e4e0c27
036bb9f40335cf9c6bb167e8c3703926	1	10	3c606a5292fd92d4
036bbc647cdc27d4ca455cd3cf311262	1	10	e67a9115d731d735
037030471a83c04cf17c7cdbc8236e83	1	10	46ebe650240f0f6f
0379936c75c225f1a9a113762b019da6	1	10	352ee9dbbf80b36c
037a2d470c1c9727d55d5d947dd8394c	1	10	80ba40b0ae837345
037a652d6e4bea27881073be25176934	1	10	86f02821a7b037b3
037c423f56548082b1935e88c48ffdda	1	10	340ccda82d526d83
037cdc23d5ce303ee466680f4fdfe1fc	1	10	804e95bc64b4c919
037d21e060a2e3eab8b080aa84ceee75	1	10	f0623755be916154
0380d80ca292251e5afcf16c65707eb5	1	10	84582741b08ddee0
0381d8662f1fbc50581c54921a178b0a	1	10	d1e8224d11dc1145
03873e44115e30db6c3ccc2941c14101	1	10	c5737ad02cbf3891
0389d1800e05f1ef2e60e640b86279d9	1	10	77a3316f9c8816d4
038b307ca27d32bbf2535bc7fbae82b3	1	10	512c6a722166ecae
0391a7be47a1d4f1bf2180cffea667b1	1	10	465caf4965e135db
039378621dce8907fe5286ce965cce5c	1	10	d5e60e6c02c25223
0393ff33cb3cade4b83e0b5bd60996a4	1	10	eeb7275170d63545
03942ae21753e7dead072ab1f6c1c3b1	1	10	fa6f284fe7f413d1
03980ada4055f6198fcd7ee52bb220f1	1	10	7ede8f5d67b45cb6
0398e6b20de133ba8b49c74b67dad7b7	1	10	a358df59b604c27b
039b45f4a3979c9176b115bb8e88342f	1	10	67a823d5c2d0953a
039c2bf64eab47d423b7740f3863bc49	1	10	7c0b5ad7198186d7
039d09672019a346c710ba7d49c4f91b	1	10	9176e8dfbbb9ddd8
039f5e361b0d24319e37e08dbc07e50d	1	10	c10292fc8ab5b978
03a1a18521814692f56a8ecbea0031d4	1	10	1bad174d41ff0c65
03a1ada3e778fcec8a7ee0c9e685d4be	1	10	93ada0c52b3cdcf2
03a43a7ea55217f53542ed3f029963af	1	10	8917844e6894ab35
03a4cfbba1ef7eafe2b4f01e444c411f	1	10	dbc4ac01ba3ebc78
03a6f26e998c764c46c97dd9778036a1	1	10	ecc11899f06eb543
03ae7447931228f49a3eec4f2f8fe9a9	1	10	703e350bd47d83ac
03b08ff6f932aa7c6597059061c5fc6c	1	10	04686f16313eb00e
03b0e7b608a5f1052c1cdb58ffc69262	1	10	fe44b5e6cc369e0c
03b297cfd24f7fffb743780ef9578886	1	10	67ededc2a3c85a3e
03b75ba4f3a1bdcc58c89e6846eecaab	1	10	ef7cea70a4f2fc9e
03ba29d5cb38d345357a74a7b5ccd759	1	10	5c510bea0bb9b8c6
03bb7baaa45980753a0e7050ae44755d	1	10	114ad44676645b3c
03c41956324a467d4f265ee58af51f25	1	10	328da9cc29af6884
03c44a93577c98119dc498053888937a	1	10	0916e258aa67f7d4
03c5fef8cb8957ecf687548c8d504d10	1	10	7a7885a0bb6a4ca2
03c6170c9b8917706b0ad0a28400d195	1	10	6093399e908a07ee
03c7c131fc68f902620c24f5f28cd179	1	10	3b3e5a50bf990e95
03c8a9ffce923a8cb3452f18d371eacf	1	10	f4d829911a4ac981
03cb9868146a1c420ba8e3b1b08865b8	1	10	1dc084cfe282a79d
03cd587fe1f5eb6c6c10ede767571241	1	10	57000a6b35a6e48b
03cf322e6530ef37b455bafbf451bd77	1	10	ecfd3231727e7011
03d1940f76051f548ee86eb71a38ff14	1	10	b65b5092f581334e
03d1d6df36fdec5be7b60e6f0cd382f7	1	10	7ade88649984ab22
03d74bc7a2c848e5f834eb31bc6c839e	1	10	515caf02dc0919e9
03d8064f3be30daecf2ffe4c54361e61	1	10	b8ac5a3547557087
03d93f5c0378205e17260e16e463ac67	1	10	0907658ba55e9bf2
03d9b7f7c619fdf000a1ba5eab146379	1	10	9c8ae20e2a45223b
03de316ba1e90305471a3b8620cb9cd7	1	10	e9bf8034ca7f1919
03deea471ff6f90e6b7519407f8b2056	1	10	48f578a2d97e337f
03e1a95e608657462464d0a748428d34	1	10	0d9e7481c7d1e4e2
03e399326b5d3dc202cdc3a9fb1b71f0	1	10	8cb8fae6c7376fd1
03e3afdc2972da43f4549ba405ff2da4	1	10	a8c99556a0c5b8f5
03e7f2c151ed62ad925ac241e4e1d792	1	10	4db0459aba981b01
03e906525c3ec52373157721a7ebba48	1	10	5ffce423f6da2963
03e9d1abe418a1727bbf2ead77d69d02	1	10	3d0aa7b3081be040
03f06674e02ef12873c8f4e542c5c805	1	10	a2f9cd2c69fcb3b0
03f08e458eea1ef5ce14661c8a7bdc60	1	10	b630bc6bfe317415
03f25e67e52baf9fb1e782026d46c8a8	1	10	570a46406f53de2f
03f59ceb6fc1c1825ab604d526620a54	1	10	e59c9ac4315e8a6f
03f8fb3e8459ebb1e526bedde7a121a7	1	10	e741cc9788617069
03fb9af7b390fe9e0739150ca3410cf0	1	10	NA
04017562bd59e5a511debb2fd6051f62	1	10	897c09d4198e432e
0403cb413f30fe0fac6ae792a93364c9	1	10	019a04092c215060
04071576275e4113b60c21601b364345	1	10	855d1a29f3706327
04091a59646a7e0f1c64c57c26d3d91e	1	10	561f375ef4c2386a
040dbf7981a3ede37ecc00548fdede93	1	10	42eb946ad1b88d70
040e4bdb9f4b0f58d3ec4d2f869363f4	1	10	04561cc7a56a4db6
04121bd92efc49da7b54943da62c993f	1	10	b06e231178cedb5b
04121f3fbe313b7046c9f54ac1e26c75	1	10	190ff6dbefd583b5
0412f6f3174dfc4c27ad0b61280cd739	1	10	af777af5ac95d7a2
04157f716c1e9606c6a530657bf8f957	1	10	NA
0415acae197134f9d1cd7bea5ac3f2fd	1	10	1a1fc2856e4d76fc
04166b0a94fb2e4da58436ea480e2586	1	10	a8c99556a0c5b8f5
041699620802b7ed905f93976ae60bef	1	10	c4fd4f87a2acef21
041a4e925fd664bf8e2e41b8eb9f2840	1	10	3843b53e49c740b2
041aa7c18006a2f33e5c5ec83eb08505	1	10	bdb6e6a5d4758fd6
041afddade3479f2b9ebe3f5cf390c7e	1	10	445f005ab0852157
041bf8c064b4f6f8fabcd2a9793b8c7b	1	10	6fe9f9490f83049e
041df0acc65530f7e1e628130c3d411d	1	10	faf75b6f36855c4f
041dfae4c5f8679c1b54f1fb3b8cb0f5	1	10	23bc717c4973972d
041e654adaeb51d241eafd1e29a5fbfb	1	10	2d073a75da3d03a5
041ef0a56340a623c38e6b9012933624	1	10	fb32be03d651cffd
041f5fd5d1c9ae9f0ba37a745b5dfd23	1	10	cd6055ce3a934ef3
041f974b7b2e24ffbc50eda1bb04f917	1	10	13eb0832ec4f3e88
0421d8c1dec913b76dc72d781a864a80	1	10	63ebd9b7faede3d0
0422d43dc86ee9111d46c1a10992ea29	1	10	b1067708adf7b226
04282eb8fedd703fb176b37c5d037a0c	1	10	b4dbb722ff2e4760
04283728b84c4b0ff6cb44ca4bc4ab65	1	10	eb3227f467eb71c3
042846b7b23a617ad1730e9eb2dbdceb	1	10	cda2b8338e1daa78
04296c034b9b888599263926aab8ddc8	1	10	bb88f08ee456f9a4
042b503bc444d79e1593cbdc73d18c96	1	10	174a0571f7391a06
042cdc726a92bf0a2195b3b426f35bce	1	10	66dff12c2b69a240
0430dd41069c93d385b767e768c1095f	1	10	e24c41b015ade215
04327b18171b43ff06586707499b97fc	1	10	f5a7514e5d025ffe
0436f8cdece0f293915bbc6d711f6850	1	10	ca1142fb14f17e0a
043c40bb7bdb3a2eccb3eb0b79f47cab	1	10	237e287367625484
043cdbde77d0a494be264ee322847809	1	10	7176614e83b5244c
043ddf84451e8b1a50f3f5662897e385	1	10	ba774e807344c051
043f806db615f7a138d4beffe3367c1a	1	10	1f67e0318f77f89d
04411a580ede5fd258d84ce872b5f53b	1	10	9055bee16e8bfea3
0443c64d68e48da7bd100c03c82c0c4b	1	10	cc5789f5cb351a81
0445a4d6be24882bac0988a055e7f379	1	10	8eea5068352fc337
0445e60a23b32e2adc07e34ec3f5dbf4	1	10	0b8fa39b54a022fa
0447371bb8a97e8fe5d3cee6de1db766	1	10	03dfc068571e908e
0449da0fb33b7ed1f7b7f0e2924cfb14	1	10	77502d2e0ea6911f
044a4186f6873d19008743aa0dfd004d	1	10	c052c4961e4c4154
044a95f1445afa3e02a258417ab90ab9	1	10	9e74fb908afbe70d
044d27388c142e8e47812d9518e01b2f	1	10	64d00c96318974dc
044eced3d5aac22e0f34ad02071132f7	1	10	df93dc8d6f4abbf6
045182d177d3f95d7cfef1205d609f37	1	10	cc7b6d661df0313d
045490bc2ea6b39133e367e0d5985ec6	1	10	72d7ac50d8cd808f
04557a22f623dcbae86173fced057c99	1	10	b51109d3307d6b0b
045613366353b062992e68937ca53edf	1	10	4ed3fcdaed282baa
0458851a021830f297e5dc3418ece838	1	10	NA
045941155fcb708d6d80e421c87c2abf	1	10	b657d7b830638604
0459bb2e18a01e6f3f305dc8be7040bc	1	10	46ebe650240f0f6f
045e3c00486daba698458469f773f700	1	10	8969deea68c5d273
045eeffb8750ff847de87bc37f922c02	1	10	11c3f0ab86fc6886
046027fd1061d32ad6cba9174f9f37c8	1	10	e9dc369170d5efa9
04619a36750d6e3e9f34e433e9a0cedc	1	10	31b484b49e729beb
0461c116d94becf63a1c41b320f6eea3	1	10	610c97128b414b55
0462a0427297f8979588174b502bd044	1	10	38de18620fdc8056
0463b72200ae80c02835c027d3606c4e	1	10	c6ee227adf98e292
0464c7eea603a1169b0d74903226ee9c	1	10	1bbdb4df933f1b30
04674c7c9520c7edc0426b820f837726	1	10	36a2f8aa22be0ee0
0467f94ce29392897b1c964f6557ce46	1	10	b14899ef76384cf2
047566aaff65b42f2d1e89e0e1fc957f	1	10	73b2518a74d0437d
04782106e70a3e200feb487e5dfd826b	1	10	94a041a67fce417b
0478f201a06ab2219542330f36a3698c	1	10	b9d3d3defd7e8502
047a18e21c771877710468a88576cf29	1	10	98fc8f283f7de42c
047a24a20dcf32612975fff862a229dd	1	10	5d6be83ada797ee7
047c92e7c0a36a23d8107f4313517719	1	10	dfcb2bf3b839287d
047fbe00ecc60835f1ee9d458bbd7ee8	1	10	NA
0480133b8911f6e9c3b4bb2755327649	1	10	2835efc518c68e5f
048142b6048cb6c10415e08f68a2c3a3	1	10	NA
04823801df6304e0fd0f36b9f956c2dc	1	10	69aac76a23c55bf1
04842030167d0508d3e42d8f0dda29e0	1	10	dcc8efee609d0be6
0488830078c4a680d8014bbff36deeb1	1	10	9a315555fe0f9c63
04897f61ac34d82804d57aa07322a400	1	10	9445c404befe65ca
04898b587aa76d7625bdfe23fd8a1a0a	1	10	d2a7f22f59aa8b0e
048a70da40ea4908c783b8314be2da97	1	10	6fafe400d54a62f2
048ddbb09453a83d40fa85110d0958f3	1	10	7f2422e4e5b18ae4
048e257d6d04d3d17f6547ca07fedd76	1	10	e625b3983bf67748
049072033960eab882a3b0933d414f36	1	10	f8b9aaecfa3c077a
04909da47036ae2ccf4fd8d025b83344	1	10	0c3fb1ecffd793dc
0491901f00c8663e5b49a0dbbf96412f	1	10	89d4e001bf00fce9
04929ae99a2b834405a1db90e2747245	1	10	a32e7b53ec97f38d
04935c7718d4ada8516e0d99c46df41b	1	10	9b24d564e610d579
0494c37fc0ae2de1550eea216cfc1752	1	10	823e244bd8d2552f
04956720311452f8ad4bc3d771fdfbc0	1	10	a6494236320f61e4
049775f8bfc13fefc68f086cd3667df4	1	10	9c7ea2b0ffbced3b
0498569a656eb22b361a106e0cecff9b	1	10	7de218c7ac6a779a
04992f0208bb60792163c32fbc207165	1	10	e00baa3668e73097
049a5615101bbe36f025a7b87d3c7360	1	10	41fcd4138b17b91d
049ddd5ace159bd3d3363c9c36217d6d	1	10	b05fa2cf4085d8fb
049df9eac33b5770ea20ec1f022f0173	1	10	e54f8c18f78757f8
04a05b619dfddaebbe864e7b94e108c1	1	10	6b9b81850c7dcfd6
04a0b133fe5760af8a58451053673fc9	1	10	d7d6ac96f9359171
04a3e6aed6697c05b23934f51e9d5321	1	10	e0c91683189cf702
04a7b805cf12ae898f723b735fa959df	1	10	b33fb827f6789a40
04a97eb41fd59e3495641ea2442177c9	1	10	db49415cba510a22
04aa3db794a4a1129b037aac393e0bb5	1	10	b38ea9e4c69f6200
04aac627660a42b5661595b06de9685f	1	10	eece09e52dda378d
04afde06992c1171bbcac67b3b58c53c	1	10	c463b9b1cee7f2ae
04b111df3a3747388e923ae5252c9f4d	1	10	78165d123e421a4f
04b1f0add9aaef195413ca4c03ea58ba	1	10	e7b7383b45b090dc
04b21b20b0f2aca4b886eb7832b6b0e8	1	10	6914cd8cda5ab46f
04b2a7f442ed1b15439d0678ce902d6f	1	10	ecf2e1000654205f
04b4dfec9afb6529764a94d1cea16abb	1	10	90f66db46aef1cb4
04b58fb62b01369ce326152f7c7416e9	1	10	469ad7e75cc4c350
04b88891edf088b990a3b3b81763efdd	1	10	28dfe581a10f052f
04b9913aca917f957c43cd4d07e5785d	1	10	2cd242ae9c3558cc
04c03de21b275b4e5e9f5882bf2c5ec1	1	10	d490c712098e6d23
04c045b6ea95a35e248f3c5fa17e4c56	1	10	efc0c268ab0df3e4
04d00ada667e60a3153fb811809d7e34	1	10	ec0a012404bd4503
04d0ae28e10d4a35ebab62f42f0200e8	1	10	3b8b6d651de6b343
04d1b01eb1d69df1e9951f5243295833	1	10	6aae9b97f4542bef
04d22a87377168b4bae34b530adee132	1	10	de29e89b15803141
04d28cb98f3362dfcd4ab74d4bb82de3	1	10	47fcdaeec6a12683
04d2cca932a87b98ebfc7bbd0fe6ed5d	1	10	4ce2995d68db82a1
04d964003e9d42e6f2483e64564c1f54	1	10	2fccba609967c1dc
04d9e4c3ab38c5caa1983ac2c1263bc1	1	10	38ba16658c576a2b
04dbb417a7eeebd7ffe3199b414f4242	1	10	1b19a284759a7afb
04dcc4912a16549fc97d918545b68af5	1	10	b4f9a137cd968490
04dd37bd8e319df958e1e091ec60de5b	1	10	d9ea90aba07a28e1
04ded94454830d4ea960327e8b91f5a3	1	10	2a305996ab5efd81
04dee0e90b8ce346e65a60c81f6687df	1	10	b0be4e3e07d50d35
04e219c640ed59dc68ea2d50493de5b5	1	10	0590766fb56cede1
04e47e6635908600ef3938b32644825a	1	10	0645de2877a7d992
04e50bc7a121716e396dc538ab24490e	1	10	a2fee83b406c6aee
04e54fdde41e2e623789c3f7df6d274d	1	10	0a7466736019e5aa
04e6e374423615babd4062f67a532c5e	1	10	3ac13cf9412cefe1
04ed29d91e703f9ebfd81d2d4fa97103	1	10	2320faa1c7ab0305
04eeb39d680097817142fe4d52c0e422	1	10	791d20365874421c
04ef162792ce0f1d675cf363db2fd99b	1	10	25e83d1b11aac725
04f0b56ff8811424c3f44cb7662b3faf	1	10	59ae947c5f4f01f0
04f1442bafdd6433d41588d2c2e72e0b	1	10	a960c8d2f0e54ae5
04f43bb4a4f2c193a18e7195a4fd8e41	1	10	8145f6fae75f0fe6
04f542671e8167741228d22abd0303db	1	10	f246a1563e30fcfe
04f6dd1892f3382e8356d107ba156256	1	10	059d7c1d86211e9a
04f7b0f8afc58d5b7be2c486c01e8164	1	10	7f0598dbd5ea4874
04f7b83bdf8d56116cc9d7a659464c37	1	10	f210749c6f06201f
04f829be98c8646b8a08aa9a7f20af10	1	10	f327cdd3ef872f50
04f8b455b41f208ea19769f051ddcb1b	1	10	66858f33e0fba2f0
04f9cf38c15c4f048fc25f03cb621536	1	10	3909977b39b017c8
04f9f1f61d99108b7ad0fa77d275dc4c	1	10	5a76926d4ffe8901
04fa0a71339fa76067a75ff448ef6f67	1	10	cb7151fe786c3a1c
04fb14e644b1858851c739b1a2170334	1	10	67a6b82113d15409
04fef94bab64c9e3cc8b2b696f38f7be	1	10	0a095a6fb360855c
050214ecbd9e96136fe1bc73447f1303	1	10	08b61460e01ebb84
0502f436e37331d0b92274e0db73b134	1	10	f3d232aa4343013e
0504d4dc55e80f42ffa698a4ece021c0	1	10	d9693d4de4f24d01
05065ca3c3a5b2b415d7e9afd0bd2c16	1	10	8ad110ba6eabee42
050688d137e1f4d563f7bd5d84d7e344	1	10	ec0bfcb650a85e87
0506afbcee2355dd568a2923e4461649	1	10	f4dcb72178416f57
0506d033a4ca469af10d95dbf36a86e9	1	10	43e76ec7a6c6e5ed
05070c567100ecb6cdbc2ffe0fae57e2	1	10	3b2ca1125f70b7bc
0513c7d43a5874fa6a17a184091b3d68	1	10	d68187c78fe2f172
0515200de14d9d8eb513e88e3d28ad7c	1	10	dffcf4ccdc958e7b
0515bc0e0f1028fd4d086139035f5f38	1	10	cff539aa4f202ae6
0518b5dc204f26b356671785e02852e1	1	10	b3a55abcd1c17d59
0518c5a3eb17ee72f00424e63bd7940b	1	10	31f7d3c2ffa1726e
051b63ae234e63226a7984d76f9dc331	1	10	9595ed1604922fd8
051c7db6f9d6daa9238ad64ddae6cea0	1	10	f9a1afcba4e9720d
051cb2ec3e94e7f2a72232530f847408	1	10	be7a895a40e3d400
0520814ad7ca7c063109ee7a28e89de8	1	10	7ba104939bf1ad55
0521cd68355dd16e8f7940f43003d904	1	10	dc2bd6639d45e4be
0524e21cb713c3ba78906a6716409c80	1	10	9f6420898f92c861
0525891c206c0382ffc813834bdd526c	1	10	4d6315adbe740c3f
0529f3356671518a0fc851f09b693b51	1	10	33180ca8d9b982be
052e03355eef1d923d532699e04f0eb2	1	10	f20b9a25ee09ab0c
0533a1506eb61460bee3917f61ca4c49	1	10	cdbff7a973f971e6
0534387f90398a24495d4b7b05f9b342	1	10	84e28fa07c39d9d4
05373ec86c44b2afb60fb93316b30001	1	10	29e8f3377f267cf9
053c477a86dac016582436e67ecf0bc3	1	10	726aa872d0022cd7
053e06424279f5cfec8bb14dfa9af23c	1	10	NA
0541dc77ecea9c210d3c4231d97c02de	1	10	8d8cce1b7e480fa3
05423f54e9e0bf97ce3fca2abe2ba3e6	1	10	33d91a8c199c4b99
05469ff4aedf9286f024177d0d09fbd5	1	10	bf7d1bdf7028f9ac
054c1e5254cdc36bb85e06e53cafe8eb	1	10	17d5f2fc7a02aac3
054c7052d5110e9731a9d0bf34d651ec	1	10	f42c76cf0b5bfbf2
05513edb5e778987bd727804ed4fa01e	1	10	be0dacadf7336816
0553f2a01f0838c1f3347f622cc3c30c	1	10	41613f3c8bd42520
0554c1dc9f40db098fb58d3086515b6b	1	10	db24e74dbd40f8eb
0556cacde8ebb77956342a6e81309553	1	10	c7114d338f61f9b9
0557d21452d411c00f766973a59837a5	1	10	0c79e963b7e8a1f9
055836a43eb318de92f09c555ba4f3b5	1	10	18f27ac38be82188
055db8f900741c7b8d7b731e99662588	1	10	e93c17b096cee047
055f942145df4b6c9fd0d10a3f1da98e	1	10	05da034b30df2159
0561461e2c7ff1d87aec1e5c709caa1a	1	10	6d577e82c797b94e
056263f3ef83f1b0c0fd48cab346e8e4	1	10	01e827711c5623b7
05650550f21d60a3989cae43fb5ebd93	1	10	8b02e5152f275f0d
05670a916f890c9c4345ff4fd19561bf	1	10	7ebd2c8e1b525905
0567f2309e01e99021245fd34a97417d	1	10	cb8bdbd025f43756
05680de3febd39916e496dd772cb8c19	1	10	f6fe48f2463ec6b8
0568bb0b42891e57247ed4b436dff85d	1	10	c5ed16e465988cd4
0568ff4af327110a55355527e3c454e2	1	10	65097be4c990389b
0569ecb5da00dd3ffc8cdfab85a4956c	1	10	89b38cdfb4587f1c
056acec954f198b911fd8c6894a6fad4	1	10	73d576543f6d99c6
0574a9f4769dfe44ea0680aa8d935f13	1	10	a781602d81e2b893
0575710ecfdc61ede3807eb1c6a1b01f	1	10	0a399d817a8ac914
0578dbb863e1dccfd5d352c1b8ba198c	1	10	6bfc13649c7dc720
0579fb9d75e018b9366db9150db7453a	1	10	66a843c33a90e757
057ee74505bbc50bfb10d6814c5a3c4d	1	10	f6041e150b3b52d4
057f143aae50b8abc3e083b7609353be	1	10	NA
058129d7cf63b8a0a10e932a0728ac36	1	10	b564b125062cd63c
05817b4e1add561af0e1165e01fb48cc	1	10	48175fee9a7cf772
05833c2c6953b76638748b3b5152b17f	1	10	7b173609b4a23cd7
058414cd650e2309e2d3df6b3ac80f37	1	10	8e71996843b87e7d
05860ef5bb55efbd4bb5ec8b0de13d03	1	10	01f2241685af72b2
0586b0f2c13948bfd51b3694c5e9c676	1	10	0e69abd737bc6c52
05879c0b6a41bf08f08ea2f58a931146	1	10	d2be4e0c97a868aa
0587f345cca3ef8340e8e71829dce130	1	10	823667db932c3df3
0587fa4c5dc214a7470cfab3712f4699	1	10	555eeb287780bc5b
058b69e7c7923e2c71070c9f934f2c2e	1	10	efcbbb837e5cb286
058cac57444038ce7e8f6fd286ff7424	1	10	5eb2ed486e43bd02
058d2ff55a09eac11780d6a368b48a80	1	10	586c1a23cfbbf4fe
0593e6814f02ec9749e87bdc6aff8275	1	10	b2a7c12b141bec4b
05997924d9bb4497f0f8a027caad6bbd	1	10	3264d8a6f0129e7b
0599c0cc9fb43d1eb90c5590d4ecbf39	1	10	cea48e057ecc8e98
059aae70d73e0101c492106c4d214774	1	10	78134909a942bbf5
059d90867f6ed5c4e69ab0094601bb37	1	10	5f9feeaa2a2399a3
059f3479ab76bc97c3db74efc8558482	1	10	e7cc40e6a1ea9e47
05a14c9084e09730c52b65732fe19d90	1	10	450abb3e984d2a35
05a42b5c95a497c9b80116f537c48e32	1	10	16de4c34b5bf89d5
05a5c4f83946f8390e561e006f39f0e9	1	10	8b6196d76f24961a
05aaff6058ca0088f54881003c1eb57b	1	10	863127a0ec9c3096
05b04d362b374569a4eb63c4e4e132b7	1	10	8ac48059765317e1
05b095301362cf626067acd18590ea03	1	10	9609ea138593375e
05b20aaa3665b3688fe91e63b1d416b1	1	10	4af4c50a6a2d9544
05b26080370a69270bfd81327e616cee	1	10	54f4f162ab6a24ec
05b373515e803818e8991e855a1d500d	1	10	8be60cf78e76283a
05bddbf878fc3fd6becc0b13ae747bdb	1	10	30c72d389690f564
05bea7b46a68c2bc7761ff2424c5e58f	1	10	612e1c19a90c4523
05c042ebd6f763d072a86cac025584f0	1	10	3d82942b47eda1a5
05c46c3abf7acb1337d74ce98da20ec3	1	10	932ef96a7826a3c7
05c52a5f9133f5afca84767f2eff98fa	1	10	NA
05c5ed370ea11a2c19c111f4a5979921	1	10	b1a8722fd57b57e3
05c5ff612371a5773e857212174f625b	1	10	e80f73b8ba2d3f01
05c75485e42f747b9dba8da1aa1133ea	1	10	9bb94d1b47a270d5
05c7d8c4a5be0da9995e180fe65f0d9e	1	10	53e51eee5e4ddf12
05c8e94aaee86390eaf6e68dd3ec3570	1	10	91615f7125183b01
05cc4564c3160e7da7be1142f0448771	1	10	c4c7d3d6824c9b9a
05cca3e64d2d7766f5eb8eaff105eb40	1	10	3397c8e07fa508ca
05cf9b400cec8d7e6a606b8a2087ea3e	1	10	c787504342a06c72
05cfa69444404b03cce3310bfd633119	1	10	24daf3d59a3d3ef5
05d14498d98fd6ea69d30136eb95dcb3	1	10	c6b8e1a82a67c1a7
05d1a5e83b3a86de7598a1e089a86b21	1	10	e363fa97f7c40c2b
05d1e403eb79a9a1b4fd0182be89299b	1	10	1f26276844f77aec
05d545d220f72a6d28004dd5b092594d	1	10	2705625e7c525f92
05d6efa039dad1b207f1649aa4449fd2	1	10	2556982b33032541
05ddfe38031a7974a3d0510018ab253c	1	10	ba097b5178a37172
05df4430054ceba4fa065806e8c65041	1	10	0b45a5ae55a073a0
05e291c40b85447a181d7de47ae1a2bf	1	10	06b2758373cb072e
05e5b5a37a0d7cb5e96c82b84bbdca66	1	10	e2871f285c1a0e37
05e877d2709b8c20b3485e6b68c98bc0	1	10	35403b5316dc19fd
05eb87eb6fecb7a8a3bdc25154412c1d	1	10	e947e7537d02fc80
05ed64e4e6229f446082752936768489	1	10	14b81cbf3f1a2de8
05ed840c0a907e88e475c931f40fab83	1	10	64be019e224bcb5c
05eee75ab69270c322b9ef6bc1ee8604	1	10	948c53c3f2fbae0a
05f3a48298721d68cded8618b432e7c3	1	10	e5847354e2fac29d
05f5567936f582edc0d3ea9903f540bc	1	10	c6e0b34eb77e2f5c
05f6dbdbe30aaec98ca5fc1ce5a662b1	1	10	4e81ef0d7d459189
05f7448ef6a998da4d58a15cebe0b6ba	1	10	83d3a14607304cb7
05f8ffcc6372f5475a0b7c61b46c162e	1	10	019a04092c215060
05fa3b96505ec198385ce8bbb02d27df	1	10	d69b397e7c50eeaa
05fa862fc7acabb822b6f2afb5fb6973	1	10	6becae1fe21aa99b
05fb1e489956554f9115344bce4e71c7	1	10	7f8ba3818e06cc78
05fbbab9f0baf819ed9593cca8587629	1	10	22f8505848432304
05ff725eef6dbf5b1bff07bedd89d6c0	1	10	750365969fe93163
05ffa991da7ff48826faa3607de22e60	1	10	fdd95f95324c9e31
0601e6379f576d6ad6eaddcb5798c13c	1	10	ce71e13fbcef30d9
06049cbbea67b138b7900b6c7c5730de	1	10	a92f49be6c0a1c6b
060ad8240dd120ae1017c31c17fa88e9	1	10	04561cc7a56a4db6
060b7ed7ef9e59576b9ee62c998a5103	1	10	1fe24c13560ddc8f
060eaa97b6072e7d3ef9087d2421ddeb	1	10	c7a219a73cc7e0f3
0611c9a290bc9dc289bc097c9662913c	1	10	90893bff9700e2f3
0612deb9e6268ddf1381d042ab2e52ce	1	10	4970630af52c27d5
0614e1ae5100ee0aca4ea24424479fa3	1	10	bba638466b239b46
06166a0dd78f45c213add974a6711dfe	1	10	af555114b22567a3
0616ca6b1e0ae639d12e19ed310963a9	1	10	949ff64277824841
06172049e6804cbfb07f993023f2684f	1	10	68821ef075bec4c9
06221f824342f77b3d6cce7f05d70fe2	1	10	7dddd55e534de7b9
062b340de8f5fdb7ad62c3ec8a7d50ac	1	10	4e7ef0d4407507a6
062c3f614211a999d533cf5ba9108e5e	1	10	a1d2d52e73f7ab29
062e0ba3b2995f2a089b92e5bf004931	1	10	707e8c688062c9b6
062ecaf3e25632b7b6a20134f11c27e4	1	10	09c7c31ac9860909
062f58e44eb73f9274b57af5092cad90	1	10	b8adfe7bccac470c
0631fa9d32573af7de0062dd3ad42d2a	1	10	af1d47308da37fec
06326dd7bab63b892d2c147d5928468c	1	10	5ab9ffc9a51cf236
063486c4a139ae7a3874a5bac3459217	1	10	d60f3b065319a4ec
06385be5ecfc7df22b2c956093cef85f	1	10	9a6490dd310ce0df
063beadfa9d6dbd569d12aacbcb300c5	1	10	9f3f9cc8ccca6528
06441d7b824ead0325b07d7d7e943ddb	1	10	46729772de21718f
064850977be6689e4aa2165adbd8e866	1	10	d1a3d468569422dc
064ba3c61c5f105104edec8305853711	1	10	ecf94d205a909e3e
064bf6dbb752a83b4d3602779a4f5795	1	10	ba01d3d7faf59937
064cf5ae720265bdb95f553557e41f18	1	10	1e3e8156ebf3f9a4
064fe286277f695f42b556ef991036ff	1	10	cf4307cb0de650f3
065036e33ca5a147c353956348fc8cc5	1	10	99cc01fb3c68f729
06536364700e9f2297d14f2aa5a425bd	1	10	0d04212d84a31eec
065775fe69392642261b1436fbd6bab4	1	10	9bdf12f4ebe455d8
0657d7556552d692a009861a8df0187d	1	10	d06ae32293551c42
065882225b28a15ec62af09030001ee5	1	10	b845371756a048da
065b141f5b24a1ea858f9e63bf13d0cf	1	10	98da9036995f2c8a
0662b68319b8438792d39a221786680b	1	10	76061d354e7be163
0662df257be6c6d0691729cb23a17386	1	10	7dbc9a47732c0234
066813ab5f3b7b1cc6d2847c37f5fae7	1	10	ae850a3f8ff81c2c
0668d86f91d0e8aeea2e3fe722047363	1	10	64b8d486aafcdc89
066ade1d9e5bede84a078012ee14fdc5	1	10	1d1f28bbd57ea921
066cc2796adfff0382fed7ae88d5b41d	1	10	a5c051b690b30156
066d6a47dfd9648d913ba8dbce722d75	1	10	a8376ef5e7d63689
066f7dc6f15dfe89172f4b32e50ac826	1	10	90ebf5ce303c04e6
0671f3013bf168f4660edfb4b40fbfa5	1	10	a064e83f7113b357
0674a404bfea717643b7bf30d9f5eefc	1	10	f6c44934823b8a83
06767f7b8e23fd24f6df74fefef9c48c	1	10	5d50bbf8e005a100
067dc6945c4aec1c2bc1fdc2e5819124	1	10	0645de2877a7d992
0680b380fc7a80df4c5a33ed23e11ddc	1	10	c12cc8a54105c607
06810c46387bda32e8a1486bac64a7af	1	10	79e6c0576d879080
0684c9b8439112b0e3202dc1f13bae65	1	10	e24c41b015ade215
068594cad63ad63966d00272acbe72f7	1	10	a8f9fca4eb6822a9
06872e73223dc74c76b06f37a185dc22	1	10	0ab4d3e117014eac
068ab49cd35aa24078cd23170599484c	1	10	bed7a9f628be1460
068c64314f0f8405bc28bb4c52647145	1	10	399924ceeeceee81
068f2d23820541fe4eaebfb072bd6cbb	1	10	e2412668c3db010d
0696cb4f18fd63cc94f319fab92119e5	1	10	b92b32bc683fcb52
0697524f77ccd503f7e5fe15f23a1268	1	10	8224fbefdff802d5
069978487284dbdafb1bb8860adf19f0	1	10	4bb442c6b8dc41b0
069c9e38f21a431a293c2c158e43f1f1	1	10	a3b04789c5abeaab
069f7d519e820f6b879f880703907bb3	1	10	e9dcfd2899439146
06a36581f14e399a76a5110449ebe739	1	10	ef91469eb2aad2b5
06a572c0ad87e4465dc82c3d94efa599	1	10	651cb2843d530140
06a91842354cefee9d432cfd3ed50100	1	10	eeda97f677afaea9
06a9fbce25234a6938bcab419bcb54e3	1	10	98e556d7e1ff7d26
06aac1637bcefa8de3a9901f3c030d9f	1	10	38ba16658c576a2b
06ab2f3544c15dad7b9e4bfbce9982cf	1	10	d91b65af175a1ca8
06ac25321a9e8a0e2653ae9fc72ff939	1	10	66c54dbb9e273fcc
06ac45adf49f5e65a05904420e22def6	1	10	1b97ff951268de2e
06af18723348ccdd9b0fc20bfda1d7ff	1	10	0ee1fc5fc0d301c3
06afd800584013b69acf3ceb8a92dd39	1	10	a4f8f7b1fcf03924
06b138e8a6da806e88ac7da2919cef30	1	10	4d4b05f6d9b63c2b
06b234d992399a10a26d5be67230a20c	1	10	08d36fd0c4ddf8e6
06b238df161c9e24a31890a08bca22df	1	10	c8f859e465f46af0
06b27debc937e605bb3198297d4ccaf1	1	10	6e88af811880384d
06b3fbd3e0d8f0679e979e88d852089a	1	10	c85506a5d258bb6b
06b4ea25b64b0ea42d68fb06534a7e7b	1	10	ec01d35e26080851
06b6606fd021e9b4412bfc2fc42d7b0a	1	10	d08db9d787fe4418
06b6aecc3400ca0449c6b34efa6b2910	1	10	aa0894b7d87beac7
06b6d7b1e7f26c4290413956ada422a2	1	10	1a79e6843f73e461
06bb08c9c8624d8f6d795d1127eebffe	1	10	bdd788ca0d3e747f
06bfd83d0fba6a831d1f6db32b587d2b	1	10	8fd5000288c06290
06c4a06f6c791ebcbd2e90f94d898cee	1	10	d24d371b5f1f1c38
06c6e5b5ec743e16bc55089bf42546ad	1	10	48c414a40aba3d05
06c775a3db8f039e5684629a63398552	1	10	50c836a08cb64b61
06c9e7d682595a3ea26501bd57bc36a7	1	10	0c67775d4bfdcbfc
06cf898b21f50c827248a0f09c1d9b20	1	10	1497ef2d83efda53
06d2543c151c2478fde159c6dc0424ac	1	10	91c2362ffa5fb4ba
06d38596ee5a5fd90877de6c04ede06b	1	10	0b6f20f0a246f555
06d65173e592488f8199e9388d4d261c	1	10	b96c74bce7d9c953
06d6f4f8c3ac52d034143eca8d62d1e7	1	10	5baaa4c682f738cf
06d7ddacd91c84d9c6be5ace491b410a	1	10	4b11ef1b093775d6
06d96f79264e9991a5a0a417c401657a	1	10	f5dea3cd0a0975eb
06dd675f4930318f9a4e68c5737059f7	1	10	6ee476b385f5df05
06df09f5ff0b34724a6f43c12560c0b1	1	10	fd7214ac92583d4e
06df75fc09ba7eb9f0ffb8d45aa8edfb	1	10	0a5b1fdff62c75d8
06e03d438c75d06f8df09f2999509749	1	10	5514f3c4626166e0
06e13d42320e5c9d06d63abce2e978fe	1	10	3b435d45e4dc01f9
06e46ab0acac57a61638cbb741949a98	1	10	ec54e8f0cd9d06ac
06e5233a7d177a4f94b8a05eadb45368	1	10	50338d96f08aef2b
06e91448c6aacd9086890ea46b4659b0	1	10	be4c9d52da784d24
06e928088bd822602edb83e41ce8dadb	1	10	303d7a12c54b1d24
06e997650b24ac5b5f87c1c64f4a5dcb	1	10	a11edcf1303bda1d
06eca5bfcdc4fbde5715c34c87f9ab75	1	10	e9c85a634b580239
06f2da87052cef073227b497fcfcec79	1	10	0788a8ede8e580f5
06f4af23f9bd78087cf965f58487ae6b	1	10	798a31184675208e
06f538d7af257560476f9100e36d4445	1	10	b050906e73288365
06f692ab71fb031118f4c946556eca52	1	10	52a567e853891781
06fef0b1347542d174e91d14db9e104a	1	10	2d50833463b8da71
0700de953ca94b49501cb311542ee5fb	1	10	df32165aae9cf936
0701a1e3481e99b590185bd6a3f8631c	1	10	084e9be6368a79a2
0701a5b57f9b37c5fcb77463c8582693	1	10	8e688979a8145559
07022ad84cf8decdf213d2fd2c59fbae	1	10	d93b5064935c1995
07037b045d5d9dd7d777fa8a3b0366a3	1	10	9f3f9cc8ccca6528
0703f9c5516bcc84a0c03e872066523f	1	10	57ddd39d0627670e
0704b6d19c7f53060c2e6b918b955226	1	10	52dffcee0aec7b38
0705e4046a68c2cca4aefb38db7e9c40	1	10	d37d65c5f7eef1b6
070679b773977c574b9c7b14c7bd923f	1	10	025b0a7e9a30f4f6
070837da5e4923b6a5f8c0ba0e6ce0e2	1	10	763b0b979ff04a9b
0708595c44d0a967151517a03927d87d	1	10	NA
0709175593f5f943e5a793e15ae08395	1	10	2dcb57dc58ae8423
070e8e1dc84ee670df55e253450b47a4	1	10	df395eeaef5b7bb7
070fde310eca4ddf6967896052efcb30	1	10	d1e854cbc23f0fc4
0712c7bb6ba573f67604efbf64f37656	1	10	12ced0535fa57cdb
071e54205d91b7c174af2ca7f686f09b	1	10	9b8d2d3d52a95fa0
072199fed1704b4d1e60b996931c3d6b	1	10	25499deaf627a7b2
072785fd927ff0fd180ce8b9cc00078f	1	10	cb54cdc33a74f2cf
07284bf15be6d7faa78d4deb46c6b275	1	10	2447c604dcdff01a
072af700ad0e8957ebbaf2993d850923	1	10	6baf97d047205cf2
072cef48d683bfde42340d0ba84c5b1a	1	10	4e1f8a3a366ba415
0733ae02d303c907fa2887f9fbb4ff55	1	10	7babd6d6b6d51e41
0737a716930b33a5979d86c1eebd835b	1	10	2d97e9463fdfedfd
0739014c268a5a12568d0e641f88ad3c	1	10	a38c4968891f0d68
0739de5c877d844ce28f81e00916a884	1	10	bf9b268fab4ab158
073a405fde5b5c7434281729f24d8728	1	10	8ea606f02e2506d2
073c28dfd3204f4c51e03c297ac841c1	1	10	5188c5302abc5650
0742147dd68e5410c79a8506a7f54a1d	1	10	7d6582b67d0d729e
07434c4f17715737ade130bc6c57cf9d	1	10	22185301f5f79587
074394da9029d9c82840091246607065	1	10	8e1a1612df84cee1
0746ab2982f4d8c28f10df0900857dd5	1	10	04561cc7a56a4db6
074dc4fde5af08b45569f981209e8b76	1	10	d1615e24fe28306f
074ff9642153695f0fe804049c743f69	1	10	e69d6e24b2c88174
0754e62937ec75e569b8b4122ad77d7d	1	10	9e80d5f96cea4937
075c4fe7ae4cef57f1a4c00e58142e23	1	10	e71c855bc84bd25d
075ca0a158690a55b7254d9aaee2e103	1	10	506c0e9a0c312e10
075e1eef00500b25ceb5ea4823ccf1b0	1	10	b7890e88c38500bc
076305ce31dd18724a3de91045800acc	1	10	NA
07638411f023fe6a4334c53384415f11	1	10	a3de0072bcfa6799
07682e22f82f9257d44b45777ac06168	1	10	05138d8901a9618c
076955ba5ecdc2feb4587a8abdbe334b	1	10	a20aaa615c998dcc
076ab0a078db7377f3e7cfd6c2aab988	1	10	09687dc80303a2b6
076d4d6f83306ee69c35e3c99e30d8f8	1	10	30479b63c86959d6
076d84ee418eb4192d427e34d8829b93	1	10	c4a9ded96300fed9
076fba8945d3a54a06f326474477077d	1	10	47ca56cd47bac176
077942bcf7e284fd504ab832e1fa92b3	1	10	4fcb7e54a4fa1ea0
0779cddacfa34241cdf579cb2370ab8e	1	10	aed04eaea0026533
0779ed19ae69bf464cce003d1a573246	1	10	fb674be76c05b7ea
077a1a0ffd35b0166ac094b64b7de50e	1	10	4dfb005cfae29f52
077a92393c59108b44554b67217c8d7a	1	10	4393f768f3edf8fe
07851afab30a10e44c8c3a2ae7806177	1	10	004f47eab5ea00cc
0785d79729317f6ff8323ee9b0cf27b5	1	10	f707213da1c5dd3b
07896fe3639c24cd24bb032ae19199cc	1	10	5ec28255934ef506
078f045706cfda160cbe9d1f042df57a	1	10	b4fba57ebe8da594
079052907b863d58dae49e3bf9a89ef3	1	10	2d5a30bcfdef5629
0793e9607e3293c505b0fa62cbb4258d	1	10	14e31bb56d4c91af
0798737b490f0acf01738b9a45f0f2ab	1	10	0689a9ca22859bf1
07989235cf5ccffe2feed68ae979364a	1	10	0485d106292b4b6c
079b400eede86df1f1ffd6a3c303278b	1	10	7d5297d40cf28233
079b877e6d9da81bd36fc7bf8a812aa2	1	10	138ac8402ece2a14
079eca299ac6b96fc9c52995fcbf24a1	1	10	99968669e501e354
079fec8d04a6ee936227ea90ea0903bf	1	10	7bb4d7010e0920cc
07a160f359fe4e472773551d69816e83	1	10	38366ab4c82ee46e
07a27fe792de37e758e3351f270324c2	1	10	3b51a798d68b994a
07a39b7677af6e435341c115ad5772ce	1	10	8144f68b55a2f497
07aa35ddde44c01733038e5013b5a6ef	1	10	e26f75a742024470
07ab9b6d4190543591cbb0824588d392	1	10	37691c3779812b0f
07ac31424ed38f27d6b93195358e3968	1	10	d18e62f3c7e4da29
07aeafc4ee93bb832fa134d4f5971cf6	1	10	a002f4e480e824fe
07b22dd6ccdd07fa12548656c4ea97a6	1	10	ef192064e1b3e37d
07b46ab6d0c938fee77651dc4b63e1d6	1	10	aa65404570616d5e
07b476c83150d3cb7e08f5d045e255ab	1	10	10eaa47781b6695f
07b48aebb6cc968704afb001b7a50d8d	1	10	6a271586f99a0820
07b55eb389b521faf2ea347a14b68938	1	10	4e15b5bcecd1e119
07b6f34060b07d837482bfc3f238b252	1	10	105a5bcd7fe7721f
07b7859003d84402cbb1ebdc37655d55	1	10	f56722fe8c0c5e2a
07b8a0ca2372125b645a2fa257367ea9	1	10	7ed557af282f7059
07b9e86b020a209bd76474c4db8ab14d	1	10	91c804b09c1bbc98
07b9f32381ed1420def289ad69994262	1	10	df3d8be334b067e4
07ba380599457b2942af3b7cbb304c7b	1	10	f32e9fe0224609ce
07bbbb292324c8d8baeb232e144349fa	1	10	5f8cb52de80d6139
07c0800f4df07db586a51cd724332a65	1	10	190c4e24980c4c01
07c3cce524e2b85d8315ac4397ef08c4	1	10	04c47f4374b96c40
07c50b89d97a55b6e1629999a445a2ba	1	10	70e0a275d2d706d3
07c7baadfffe4f343b14dc65a7e62f75	1	10	e5e4c87ed3cbacdf
07cb45c60089b9008bf3118591a99bf9	1	10	34d9221ff3c103c6
07cea7a64248a60d509368d09d3057c2	1	10	fe860aa97bf50545
07d0f56eb2e603bebdcad7b76235e225	1	10	0b90afa660e83217
07d2092780df7b212645ddf99edf6e13	1	10	3e7c4da3a699c16d
07d20a83feca9295e862a7d583da5971	1	10	52fab8a8f2358a4b
07d3686b96c09ba65403b55f06c8d36b	1	10	5cee97ad30d77107
07d4876685a00c116054d146cb363bb5	1	10	b1dd7455dce2e13a
07d889e8690331078d965dd852626e84	1	10	79d462669b57566e
07d92f7130beefd10e6100908a6b0fa1	1	10	4784b86dc4733cdd
07d99afd1451385b8f59705370617b80	1	10	5fbfd49941c16434
07da51c683e5fa45251fef460cf66c60	1	10	80b7b9d40795fa73
07dab06913ef55d3a42e207a838c5c37	1	10	a12f52c7c636f2f4
07db5bda1aabc6bf013fd5c22501bda0	1	10	465caf4965e135db
07db9248a046677aa28dc35cb46a6ea1	1	10	7301efd5e1b0817f
07dd1f9bb66d375229df9f9c45237864	1	10	8fd9bb8caf44da62
07dfdde9b1020080213803c0777a04bf	1	10	9030e32c76dbde26
07dfe40c43d9bd2f1c45bf06d490188b	1	10	9693aa24a1c7dca6
07dffb6f565305790eb6442b986f1c24	1	10	391925f234f6a605
07e064dbe45135dd8b266eea0c0c9b6c	1	10	5aa4cc0c100be526
07e1e29969e7eddc13877d118187c68e	1	10	ab7934b8cceb7a70
07e6413459f92b613498a719125b6239	1	10	e356f3568f28492e
07e851c74295f7ddf472820c0f0164e8	1	10	8a1e133c237d3824
07e94be3f47652c83090dbc7576c74d2	1	10	a767fa51858700f9
07ea88806d406de24635fb1aa9e57389	1	10	0e6d51a447eeb199
07eb075757e5ea1d04d3b7ce7b4d9724	1	10	1e01c6c0f58069c3
07ec99f550accd7c9f4cd1bccc8692a1	1	10	04561cc7a56a4db6
07ed900724afdd89963eb73ca7b9634f	1	10	25df3219125d98a4
07ef18df9dba70fdd92316b51caf7634	1	10	96e8ca0d8ff6720d
07f29d4de0b77c6ef5b0a4d1868bb017	1	10	2e2503ff47f81081
07f5f3ca046261c3819c5c888ac837e5	1	10	e1f8df6301a70073
07fa3fcdf3bfea7d119e5b27c26bb189	1	10	679a5498f3d128a8
07fc0470c550aa7f7290a9442a3e2a83	1	10	ad75b8fcaf6dba96
07fc8dc21a3cac260e41353969025eb5	1	10	eb9dab06f79f155f
0802ae5412e1596c92a036b52792eef7	1	10	d92b4cdd7911f817
08032add3cca8760e3397cbeaf30fb84	1	10	20549b8869f7ef97
08063f5baf6655656a300c946aaaca60	1	10	8400a6d115469c95
080896c437245ac25eb6d3ad6df12c4f	1	10	b4e0cfadf50c9b2e
08099b9ad4ef3dbaa6cb53d8f04a9a5e	1	10	94fa1c301b2656ca
080f5cf5606bfb7ebb93501b8e8a10fd	1	10	1b6dda7b6e9492ba
0810eb03d022334fdd1d5a6ad4969d47	1	10	3d51197a00b6fb11
0811f761eee5e4ef28196fd98884a67b	1	10	2ad398702ea9938a
081ed301081776dc61bdcab61b720bd1	1	10	66a165754a6be021
081eeeb1adf1c1a6c008468703328211	1	10	b12e436fdb7397f9
081f111af59344b61346367a930e24f6	1	10	adc021a9e4317f6d
081f1d6563c9f40da1854ee2848491df	1	10	4e1f8a3a366ba415
0823bc5f954c6366702877556f0d3680	1	10	NA
0825876c0167b72f69077b744b5c167f	1	10	f203b9dcd11c3eef
082c9fdbce838d9b18260fa5c4de2f5c	1	10	112c61817656d25a
082f609e8e33aabc115e355976bc02a8	1	10	b896c215547a0e4a
08300e286c3380f7e7291ca6a534c97b	1	10	cd7e8a281571cdc8
083030713683d8ab8e1d54372f241863	1	10	d4212416264b69c0
083073b7820982b0bd5e9ff7de0b317d	1	10	c333c16735478267
0831000a5a9727aa5fa3332df10cdb57	1	10	bc783b58a688e6bb
0832446f790662899f2275ccef2e09fd	1	10	a767fa51858700f9
0833521b118f61bdf8198940a6fba69a	1	10	93ff7ea183d9c5d9
08365e3605c71b5363d5da9dbd92dc8d	1	10	fbda9943a5bf3709
0839f339c62831cc05032b3a63a98385	1	10	9deb3f24c12f07ba
083f5595bbec3402643615940b179ef2	1	10	c829e67105491ed9
083ff60b002cd12c03837d3f5122844f	1	10	91715df2b3b73aa3
0842ae941be93eb229e7cdc000445ff6	1	10	fd68f4f9587ff082
0842eb01dc00232edc0b26ccb2f19f25	1	10	7cadce1ec97c51f4
0845065a19d24f0c11ecad0f117d89b1	1	10	c5af8723b33c2518
08455b2e1e6fda910989f0481a20f1c3	1	10	NA
0845cac21beb56a1b208735eff6a31dd	1	10	ad313a787369d628
08469bbccc41da0c124d69c61ce7dc58	1	10	87102bce37a94022
08491a497c1e003292d84347af51ad91	1	10	NA
084b88b00ad7460eca3e5fdb44cf5b42	1	10	2a9b6c4373ae37a3
084f6e6da7f9c5125d6f28a044b6225c	1	10	1eba73d73930cbce
084f859b2fa74e16d609c654a6e5fb37	1	10	4a1a3c5b22355be8
0850db65220080c130d2f54005f9e2b3	1	10	4292888a27791962
08530caa5c9232f2ffc5163cf79b38e7	1	10	949ff64277824841
0854ef1b4b1aab957712863ca3bb86ce	1	10	2679555768edd86e
0855033e761d91ae367e867c5a569f9e	1	10	bbfc35fb5780fe24
085792654d945c1de700245916f2c7f6	1	10	d1f7baebfe549e69
085b8ebc423dcbd70eceaa04229cf5cd	1	10	0d0b6623fd6308eb
085ede801f42d9729807245a96cf71ab	1	10	3ead61f96c641388
0861f15a38e3614dcc2220a20ed1e96b	1	10	9b4da6f58ab465e5
086699aee5d37a1816b5afd81a1607dd	1	10	e434b8fcb096665a
0872cb17a6fd5afd67a85a7ad72ebcd4	1	10	3774aac8f2ced3cc
08746660617e2a41bf03337d181e7719	1	10	628f9ea39e93e74c
0876c518e5653369e20fb1ee0bb8db40	1	10	618d2b81e320ebdf
0877d9fd26eac8b48c93935689338acb	1	10	be0dacadf7336816
087904d57553076d5b9a1607315314ac	1	10	NA
087b4eb050ff793dc58a3d8e67c78928	1	10	7a5ed16a5cf27775
087c98d833ae9f5e94593f10f825143b	1	10	05b96233013d9415
087d747b5d4c1782d9bf4b8d12001441	1	10	92956c11ab7b600e
088779a0af750f81050c3eff80b6a83e	1	10	dad105cbf9be5ae9
088b4f7d1968efe52c8609027b8ec908	1	10	e86e7d801d0dee66
088be8f2dd0eafbbf7c27171a83c325f	1	10	172c7aa1c031a66d
088c6214346611341f3b8386aad2a54d	1	10	2d8641717faccccb
088ffd086f2d5e55553d5e79aa30aaf5	1	10	192c8f3d4144b77d
089456508f74be2d96f4112cc495f80a	1	10	c5ea594fb77c9c0c
089556ebc4280793795053996bae2349	1	10	173a7ca408fe0af5
08976c104ef1a1efd7b95c7bbb3c3e23	1	10	c325aa35daf204c5
08991fb6c7c45205df7f2bc2f51fb1d9	1	10	212b0b120bbc0f73
089a76488a6965710a5f3743902fd41a	1	10	1845fa41ec0d0aab
089c0775c15f15ad5810c69bab91f31d	1	10	da0efa3095394847
089ec06b35d6d5c89f2e47cf030aff36	1	10	5d91301175aeaccf
089f909e37b3ef0c4d90687f7e22b68f	1	10	4749f094e1b12d0d
089fb3a9b41e13d30852e8b023e39ed7	1	10	e4a193b4e4c5a24c
08a0b2a5c263a20e058fe1d98b079a13	1	10	a69e626bff02bac8
08a25022c4136f2ceb36db62ce3503bb	1	10	d0e00011ca599ec9
