ID	isohash
00063d88244921d6ec46aeab6866a8e2	fd5f9925c23132a6988d6b883cabf95d
00072cf107ae1349c8c59a15c5ce4af1	55060e6aa0f7a06dc70e163f2296eb95
00076733bdbce94d7e44eca84f1425f0	465f956423b4a18f2a53183fe4b5f682
000781b7a545fe723159e53127aff659	933f4c028a325d21969a109f37452e78
000a41cdca43be89ed62ea3abf2d0b64	fd393fdabc379273b867d42bc2be0ff4
000e4e0db67e27083649c20a2a3f761b	6d7ea93ecf5a6ecf074a8ee3e37a51f5
00107d84f57e2371476a7b2cabe0b351	9af85448704b171ddaca3cbe098d0477
001304ba2e4e8adbd179aa3d8acb697b	1d8c6a1369f306c697207991a8fd752a
001344c9b3cb1626af1c7c35155cf26a	b8ad4a74e22e562cc1fd916e66d1ca0d
0020aa0c69379226948904ad455b6c09	a0e2baa3cd0ab9b54e4b988b7d76898e
00213e27dabcf679205144f3dde5d37e	2e7a4e3cc27f7318cbd12a5e7c81987c
0022f125b13bd7ccc91e793431c67a52	4531ac0c9fa4e1da8207ce333773fa45
0025a06f00f6e467f7cf4ef9e649b2a7	ba32132b1e96ab95fe871286b54c6644
00260e67c792062bc3e10e6b94522101	93dedbb3167e6c7fbcec384ca2e6b8ac
0026aaf8bbf2df73cb5db34a7b7a7a04	c087ef0082d527cda74c8309567d79cd
00274d0721d26f867b2573377712cac9	85f167d1ee37171e5854653b023269f6
00275f3018d50ba38867268739dfc44f	fb9c4b5fc1c151737b9bf2544bafbc56
002a0330958a14deb23dcc84b5489e8a	41819b53af257e5824c966f99a674f12
002bed2572e6e326815e674f288de8b4	8f81ce6e493408fdfa378af509b73554
003154fc91d34d29ec5cf93b0bc32143	1fd3686deade6c001927f2b7ae622075
00316e383123773ae35d3210f5396205	9368b98845a0f9d0557d536ab072e400
0033baadbd48d3f880e9b5a733bd4950	fcaf6692ce3926f88b29be7261d7e90c
0035666407d4ccb5082630045d60a5fe	e90ee26a2201a661f55057494216b47f
0038cea06eae4c3234b7bb65d9a8497c	8656176747d4ba1bb8d71fb0b81fbe70
003a77d2aa15a5f93aa2cfe79b986c9e	15e705411d3e32c2a920b55373d97cb9
003de2086be59a5fb7a7aaad0992cf47	b4980faa72567edd1a8724e53088db1d
003deabca05a76f3ee449221a80d8b62	ab00d24e13fd2fea4a17fd6a945493e4
0041051c73dcdd885d412a38e8b09fba	f1c1b13dc59a79323a75ea7216a7a199
0041f01bcd7d0d1f9541cea6da79ad57	22b5bf714ba3ee056e82b7ad5290d2e2
0042a627dfba7daa62d6ce175540c8a2	d976f305a97c572b47412ad11977f05b
0043cfdde474fa37dfeb5ce5952d22f6	ba9fee662191441387d88924aaecb0ce
0049919cdf9556bfda5bb365af72414c	ab5652922d011c81849495d0a39ee2a9
004b0f451f7d96f6a572e9e76360f51a	0a43d61dce42ad07cad56bd38af947c9
005093e294b0ed0f7b23f341ff68968b	0ed85ca9a7ee20ae86bf5f732cb8a1ea
00547b9476397463c8220560aeeea086	598c1dbe9ddc1c9933d2d1b039d7101b
005522cf558f9b77ed345a289384e191	d43dd5500632fdef476e52fa8e48e7de
00597fb425e994af7a9d224ef4d09fc4	29d0473ac744058a54655f283e5154c6
0059d4b1cf79efbc6e6ed50caee0448e	d3dbe6b235de92f5b23cf6d9ebf942ab
005ccb378ced61c02105ed7ee0a62038	d6c1afa2a8bd742b6ddabe942b53e950
005d76c0f37b33d8b752f7ebdd157a99	0075735c23a69c9898351ac443af5d3c
00613b57720df18bec8d8dc68dc57a7b	74f9d53a5e2e1cff83295006a0b234bd
006282ac3d0013b911249d14c326f53d	3c4c4554658085ad5ae369edb8884bab
0062dc10471119b9e13da682216b190f	6132861c0d5cc00fa1043854d1252ed5
0064aa2e16c9d4b18d32a45d3073fce9	8693c7d818d054627a8f2e0375da3e3f
0067d012901f358831afb6d6e5f83767	affc40e1718a5f02e59132fec49e1fa5
006be0fb3ae0a75aac0e386c2e6c4669	5a62e320c54d89d37d7c06f575562863
006c57c6c09a6e4a4402f1dd264cab15	76d33c13a5e241b5a128de520c7d98c8
006cc1f4e081e7fd96a50a2171792f21	232b31a3d46f2cc407a16b649561b2d1
006da0e3f4ad5b1ecd3651e66dbea36d	42f7f92f24b1f65b5528f756becea720
006dcf7e3d0fa7c39b0f542ad0ec949e	52a5415b859827f33ee906ba1590c438
006e293dfc476b21c246b963c6eb16b7	99fda5fd76e6f900726bf142a94ad231
0071b624d91ebe408b0585f8c4e34fd9	f27542c4b04a66903a4c243ed7092ffd
0072b0ce5c4ab8386763d10ef88f636e	36a4a5897e03d8aba61d6d98ff5b844d
0072b38614d34eb3c6ffc36aef13ee3a	18e4e0d1744979df812611d50bc9dbfd
00784e1e1a9ae772aae7f33c1fa5fbe2	e72623ff4512ede4199ede6c98874ccc
00847fca81490df01b9e239fd6027378	80fc49ad4174665b753b2734f96ca55c
0085c7242003811caf4b7eff64022e55	06edaff573d032a3c0a240e555af515e
008d1f79eec2b7712637e48aec7a63cd	4cc3ae509a1a3c8e142c7e3599637032
008d78352c3d630340e6a3ef0d7242d7	6fb63376ddc2ea728255c763322fdee4
008e7716c69009090ff6bd0048dc55f8	dcccb780d1c39f0bc27411ff3ffbce00
008fa3f37db9759dee825665e78e2e80	7890f6b11cfbe2b1796807920fa6db43
0091ac9434f528a4007d82d2443d2dc9	59e8c0f81c192438aa18770cd8bbf5da
0092f19206d4641caaa3a638914bee3f	7cb214703fb24b53c1021a35da73dd86
0094d44002500c187e3c2d07a13bee7c	46ae543521d8a9be7f6332c2eda6e3e1
009a4a6c23299b864508393ee726625a	df1e5ad39dc83f781ea0a2d83dcb734b
00a1604721e43896a93b5329e5b38af4	6526643bf7a2b28411a60066c3d16e2c
00a30fb1c0150fe3d6692afd2b220887	aab159f1d5e7046f9f60ab76e1deaed7
00a62eb89afbf27e1addf8f5c437da9b	94f1d96f06624b89306ae6447028a237
00a981f385cd209d41e1efa1f5f29bac	622daec0bc128aa45b15a6fbff728dce
00ae4072f9b57d5d3cfe8919aff1b776	d5555c1b1a8118ad72b97610970a98a7
00aec3b2e38968bf8a922709e2acfccd	af4965afc8706fa533e4456efcd3144f
00aefd1fc30c425075166ca051e57218	70528529cc5c263fa246d8cc1b06cabc
00b1c27aee52d6dd9e112fa55d4cc1ca	f353e530283f6ce12cf26d591fc5e8c1
00b46ace235e3915a439c77a231a5657	3ac841079d7b8bcfe7d4c97da303fbbb
00b9b467c26540853360491401da61a5	75806fbc81366eee30679cd7b3063d1d
00bb0b4ef28ed38c49de4c54b9fabc4d	3c4101b6e0483ef743249d6722b45f9a
00bbdbb1bc700e4c4ceb0d6e86e33c23	d1e5e433ee2afe9787909170632c052a
00be4c67683c8edeca138279e13942cb	192fee4eacca0cb39cf7eb71cd47334d
00be590675417eba2bb2585790ac392d	afa3860667d0faf068cdcd6513ffe0d4
00c4c1dfa04e7cd8b7abc80a4a4f7153	9227900e1b46e592a66cc89ac5efcb31
00d0eef039aa1f9cf1cf2647a58fe313	a136890d0bfd767749c127c2c0e08f18
00d1fe07ab948b348bb3fb423b1ef40d	5d3300b44d1cc6cbe479aaa9120248f1
00d239e486137a4f7264adb4fb57d5ae	69e52edc1148f9bd856779b88acb00a4
00d25e6106c5c09bb5d8d0f7eae7385a	9645533b29b4fff4c51e2f9be14949a7
00d3338cd6cdfa099ff29f036c77d93d	4226542c8ce8b6a5826f03dcdf637696
00d41fe5805aef9e2e3b63e1d9497edf	459d121cc7c89becfb7066a809ac1e88
00d46b1518fddf95bc8ba424e1b5b77d	f5a08582740c81f30b72a950ba64ac8c
00d5f0932042a96518b03e6fd2feaf48	63f9e783fb913bbbb3f256eac877af48
00d74259dcca2176f1cd561f52bc0326	10a863017674e33615dde113b53b74e2
00df199d465391a52fc37b87f81a957f	83edf5c9db2b40e6234cd41c23398b7e
00e010712b854966aa56caf9c9dc4696	c9f1d86479ab924c3bc4472ce83e6976
00e1e5a05ed04bcb437bd7fc57a88b7f	0ca341de111dd723deb3d5b0de198426
00e289099ea9bcef6a056a8c8ba8a3c0	ecaadbaf679ea8993e9812fda41939f2
00e32767bee1894beb0b71867f279d36	f051841dd0534bd51cf584da0497aaea
00e45ab8a1baf16155af6e59c3df5dbb	fbd9767b87568fb21925ce9cdc75ef29
00e5aac4701e62ae50c9f1504057fce8	3a4da378a8efe9f4cfa7267abc02e092
00e974264f8f9048b68c983f36643115	9691f453179e96aac31201b89c79e0cf
00ec2992d59f85705eb8e1f4f1e01b3d	e2ad47ddab01e1a4ed52b94cbcf707c9
00ecd19c442956ff9a22584fd9bf439e	6a74fb8fce5fd8970a430e1aba26eae6
00ee79ac35e86f955a633d339777cfd5	a8505ab390029d71dd989b70e6e30a6c
00f122e0bb11a9bf197002715699e204	95a04fa7e5589383cdc787638d517b79
00f2eb377986e7decbc863931680a3b2	986973f68c3fe93d8b443e2931d88b9a
00f4aca773e5675f35263dcd46b15bde	db2b6be63f01647b1419b4d58e7cb66c
00f88a15e12e7b364077c33125a35547	b60c395c3edd4c0741093b5e5559c526
00f969737ba4338bd233cd3ed249bd55	b6a846af98e7e97166001b69470e69e8
00fefbd32304db604a87910d187e8365	1bccfd1f90fbdad0758f35f21cc3d578
0101d013a916d903e8e618d7db1edbb3	f1471b63b438a1d3cb93106a3931e4ab
01077fa04638a98befd66bff16f4accd	02ad2f43bc534d1b46cb826e5d4c3e4c
01079ada0aa5a4f3bf4bb131b807eb38	54e4a82c6980a05e8fb02d26b5432bc8
0107da33f8475f96dcaa3bd57e3cfb0f	faf2bc572225832865cc16a68ef6ee69
0107f34364dfff8ab062193b2c71b4de	8b67b1d0c57a298c90a25b2a05216372
01092687660de604975b7e75932607b7	12dea93c7854ec224fb5536707296526
010a035bfd273b17438896d04f47b4be	fc9be4597cb1aea2f4b3c9c795328ae0
010c2e0ca6399116d206100ca14aa880	a608e439ee87822f7ad83d96f8b94e52
010c9d7a6e9e6cac63f110915d9dd56e	f40502f75c54e32b5628e5d6c97b2c41
010eb724ccc815100d40bcc948f9c598	91c529138ce633b8fbfd2d7ccf038fd8
01135f7a79d555bd0406f00fac22cbe2	842b859e776e3d8a1feae010f01c43bb
01136f74588604a67b5e5950a2525129	b928adf100692a74eceb85d834688d27
0113bc2aba73927ba3828baab15fb8c6	45de4a1d9b3a9d7719532406aee5e6a9
0114ad337fee86dfb02871d8a971b130	312e5f8260e5b18343e5c10930431116
0119a8fe54c110d927344cd950a43671	15bbb697805cdc3412a2bf24fc6dbbcb
01209700b6b45ca5fda7fbcb17765db1	05271613b8d66b2765d46bd28d1295c2
0121f7a2adac25bb3f01fb841fdce55f	eb8e6e2581efae2dc040023d6f90ad7b
01225987412b6f8423cc68be93385f6e	ea570d3d99d39a137158fe559b7e2de7
01243b47967a3d012ea22e993355c833	efa45eb7676bb2bcef25270a9d1fb13c
012a40c3c94a3f1701efa5e73611529c	1c9c3c107aee918a8e96bfee23453e70
012e56e8b23c29cb222b64bdeb523409	44ea23e4dc9c53d7640cca9731a1ba08
01363e6edd7b668dcd8706534c4e1f4f	5bb3a68970388b43b37e88d8901b673f
0136adb99bdca756b28f8aca2bf8a1b3	526e11efc2301a03b8b26d4381a5a5e1
013a51ccada51812061ed2d6504e23a5	14f10a1197bc6e50af8dbfd150c2fcfb
013eb6c4963e5a4724c4b34599f0bb64	b708057e94b8a617d435266aac6e6391
013ed5a359706d5bc4ce7e2dac38bad8	3c24bd8e379e2360a2e264ad43b459e6
0141b82b3d2a411d8c2168119e2d7452	d6f329250ff03326cc9c25d9b53120ad
014a36afe8dfc0c7cd6098f66fb8756a	452524b9b9549bd254155d1dae860895
014eb73b695be1a41c61e15ca919f0f8	4f40d5b80d59bfbd9acb2b4078494c22
0151782431fa0ec1f855523721c52682	c6a942bd433cdee0eb31824cee941004
0151bedac526ee195bc52e4134cd80e7	250dfc329fb1f906f28117be53483271
0151ced92d88d7b46424ccf1d26d7716	ce13cbc45245b6b1a037be97e05b6179
0152ba35c2942027426ebe4a074f5fdf	6391fd6e321caeb4f4ea94056c344ac5
0152d286cde406747d179c36a95c2fdc	34d93bf1ed9b01b6a0803eeca529bd37
0154182ac2508df34a7bf7120a368e70	8dcf61edab056ec8b351935a9e1a3677
015a78f0b46546a98970be8f3101443c	a6ce37d56d152b31991da0025dfaee9d
015a8c86d53869abb26f9dbe4a5f1e54	5f5d3649a3976cf7ad7a596acc63b52c
01653db16d6cedc27f5314d680efc055	d461923633b51ba40da2ffd5fd24cc4a
01657386753a1369dd286a3fee9062e4	8e00c633ab899ee210e6ef1b561f3fb4
01665130994f549bc94ea4b1e91111cd	5d1effb10df17421e5483fe0efed08ad
0167ead7da1e981805564ca981f64bea	63c32dfddd9d208b02d1da8f6d2a74a3
016ad2dcc5ac2bb3eb555f2a8a6e412b	67cb8069e369b31f0a27920600e56b3e
016c52d4105ea384ade3644ab71415c4	64891287eb950fa926e57ab9fbc30547
016fa607917cff1ece5bd5c624a49491	ac6b218fecba97bf210ae5a6a85dc6ff
0174593b6652936010405e3f4b6799c1	359aac4a998c9ca9ced9b08369acdae0
0176764afff2ea9f16a90fec9a516ed2	efe865170d8eb00f599906daa6c5cb7d
0177419016ca9d3abad0c15998bdf72f	57bf9f5d75f80453114143e98f6982e6
01796eb1fc5b82e2d36e60dacb631250	55e247cc52ddfdd6dda53af8550c0433
017ba03ed108f492c9293c7c95e5cae9	09f3c0b4214cd4f9786789452f1d3fab
017bba0f995e6d9921253e5a59521435	eb71bf94f9827d3be3052ea1d2871136
017d217fc0568c83c47f2c35bb685481	ceb0ea519342abb5e72d1d0ca4bebd73
017fe0fa773f3213acb3fc70d12a0d5f	ffedee54d5520160b3e1d7d90722c7c3
01813075a2ddb68ae1fc655ca003437e	241d87b7c4be85cbba406a1cbb25314b
01843a0195183ca14246a88bf7bad482	be7381297d9ba379d6e559883b44e1c9
0184fc46a3e15163bf4f114a2689fe5c	c9b24da7b3881e29638862ffdcdcfe91
018b45eea6e1db3dc076ce5650c1b33a	5b05136ee094ce95bf1caaa5d77f6f19
018baa8023b064875f9459bb4b164239	9f156786b40bba40d536f618de0933ac
018e0d55855905e9914c4c1af52eea55	c92665c874f41308474105053c43b3ab
019044d2c20a2f868da3325a8392ae49	93b8a903d06cb8a3a47c250da562329e
0191a0bf3412ed407ba669f8d69081ee	9a0c97b9a252671594a88187e0ce9f00
019312023ae44dd892cd3f62550aea6e	8ec2a0cd91e681837cabe00ddf4091f2
01933666e24a4fcb6240ce46b6160380	7af12b8f742c8f134cb6bbabe0b78198
0193bb2b5b7c07ad179001c34a885f6c	df6fb429bcf5e923e36858d0a59d0187
01943b1d6f8e65a44e99f97da3236241	efe7d68a7da8905268a7c93e7397d642
0194a15658e15953f779d436681f1199	49ddbdfd66d79cc4da4a637ac411a414
01950351dd73990085d75e125b1551de	68c6cb055a1cc709a192e43f332533e1
0195cb8a6b36b6e6fe6b23365828e198	59dc4402f641e680b61e8de6c7f4444c
01966a0fc52b2200a13f5f835275a919	8233a5bd2225aacafbb36734defd113c
01979ca4966cc363ec3caeebd8d3fc31	a51a23aab42562ca9b38e140b6c3a9e1
019dc69c96737c3d62696c9acf3edf1b	f0924062e04e74a984dba61d41e58c98
01a160920ac2891c97339805cb3093b1	1f6cb38fe15c8370b039f1d61b41f842
01a2e098e96522a52a76c783a5b0b587	9986ef0540105c51b3a8659102341a98
01a74343f618546e9ad2a60849140317	2ca4d560947634ea77258d74513fe319
01a7a38902771cf5e7f37b7e0275b0fb	24599ce9c561900a406a3c553ba63bea
01a82297e8d8f68eeeb26329d1bf26c2	df7392588bba2e4c6c659b02a8c90643
01af042093bf36119811b6e658e7a231	68c9bda742febcf1a401bcfb0491861a
01b105afb0dcb7a28cfe775c98b6ee00	56af4c3ea19c42702d90cacad41cb94e
01b4cb9b343aef8334f5d22e4d8f0380	f74287cf47998d6b79c4312ff1dc8c53
01bc467c0134087a88cb308e5fb259ec	4c12063908e484f38ac532653da02463
01bc4d75a43a8293132d0be627341207	d3cefa7c8b56c47ed7f9b6130dd27c74
01bd0865ab694bc71d80b7d285d5777d	0ac3ea8ee8c34851935917bd738ccd50
01c09bcfbd1f9c2cf781d37abdfc7473	99f8ff3f32362cac3ed7e506a98027a9
01c48559d4870a5f3216291060fbeb39	dfd0b7e7926edb7bd4c68f4cf6cfb745
01c64036a1e08f96e79e92d72cb8626c	b5dbd27c41cb65d88f636d46b22a3d26
01cced75cb378574bc849f76e909c94f	b73ec0a09b7ffe271d84b2700010378d
01cf0326d2ab46b71fe4e2eac97b2b18	ae25da1943b75d38612e1b754a73a11a
01d037bf22a943430790eedd667f415e	888df5c1de0ddc430003e155b3c48e6c
01d12e6a44b845def1455663b490d7cc	390bfe9a7cb1a9f9ef03622bae506407
01d142c43f3ce9a8c5ef7a1ecdbb6cba	86ae67e7d02a4884956e00185ee6149e
01d494c2afa4960a236bf8412e2bd08a	912471facd07d0b010b8d6439ddd330d
01d55a3ba267f6b2a2911c9239f2bd31	f373a13b34588bbb78c7a7ee39888e8b
01d7029fd605b0f8aa31ce2260b9f874	bd7d3812fa886eb707c139f58dcdf1bd
01da0d23a7273b00c0252c1ca964444f	822e54b22d68a5e30b8d87de27b93d76
01db0170c4c634550cc710a645093cfb	2ce8c0af20d4ea015bf2e9b36c11d3e3
01dd5feb463fa80f73809718f6ff735b	8194ed2056db94e4ccc76dc008b85736
01df60e0a1690421fa6d8e73358af751	7b2be0e9ca8a7ce02f64caef7936546c
01e407c1be777e7a6bff6f69c871191e	0f415e3dd2ea0696c01ec0fc431caa18
01e457295031b531787c8f092a9487f1	d8ea267d807a715a89bfcc7289a072be
01e460fb1710367a663ab3f7274270db	f85300813bda88b3fd0a65d343cc8b64
01e6b02d61a5105f4cc4d1275e4ee626	21caab9301530e27a7c4e0aaccf2aabb
01e7e51d745a9ffd5d8c0d4be157a6ea	7cba6afdceb1ee7b10471598e5030daa
01efd93e498fa0aa8b15a225c0222824	d61aec55a0fecf37b09b8136c86df230
01f6f378126fba702bfdca976b9ae406	7c0561473d7ac2e90d5bde0b278e2726
01fb606163f23f52d676aa4f46b4381a	d279deadfc94937cf4de887d1a3b786b
02009b14e291072e12a5b27dffdf5a7b	968bd47ad97f746adba5dd779b909d0d
0202cc5d16223bceb61e66cc4d7168f7	a071657c8326077e5c3bcfcf70741383
0202d973562cc1efd380b93faf711df3	cf512264ac9b5a85a0225a8b19303dab
02039a75cd47093fce9f1af3ab61a5e8	01cb3ce010238102ee0213889c77b4d7
0205c97b33f228ca830b36156eae9bc9	19b324d06f230c503ae30ccef1ada083
0205e0724a8a912dde9ad7dfba2aee0b	5a0c7069b502a76a1ee69ad68e27eaa6
02066c116dbacc40ec5cca2067db26c0	b8351a984b78fe395cd27764ec0d0d35
020bb8e3ad83c3e377648b6103c6fb4a	fd42d2944c93d2936ad0eefbabd6d93a
020c63aa1ae5c6fe7aeb8e2fbef99a3c	9f913cd45bc869693d983bf128833eb1
021331d523ad3092616ff99cf0c6c355	717f96b30a94a3aae3faa3a20f129696
021686368317a35103f1f671f783d958	9bb5e6ae51885ce520b0f0dd6879116f
0216f9d35f2b695b904fffb312e3e611	fab39023bfca326e47a5ae7581e923fa
02189c82c0395b9968ecb32895bc73c2	0e9ac9c42c69a65dddcbc4fe6b64741e
02197ec055ea06c347bf1c6ceb6facf7	9e0c58b377670e548524c067404b631d
02223564bd2f5c20768e63cf28c785e3	49686ce09e373889a1b9ca5615c07212
02257f12aa71e6622d2bf4d0f7111ebf	48a7539adfb46f5fd634f09c100ffa24
0225fa9581c622e5abbc8497a97edf4e	3039549312e1fe7c008d505d5ce00423
0227c865edaeda75e13eea36d57b7eed	71f1a543a2470bfe09718f511b3e6869
022b841952d37f0d6a0d050c9b4b0071	04f4072d88e80be95102ef2cdc97e429
022d902dc901cc9dbcb9e9af8b6728e2	63fca42238cd83c82570f7aeceb04234
022d99ed11a6bbad03a8d07be558411b	aac7a5deb38a8d2228ec4244454dc433
022dc7e9935f3570c088db58bd84b2c6	376c56e7427b239e1c09ffbe827e7898
022e05157f3057a9888a85eb94a26d3a	0e4ee45d7e39aaa4925c50b051036a00
022fd6b1d5a66e11de5fdb58d51db99c	c1610dbfca82c2a2b25f773a59ac3958
0230774d18baa0fb8e3267dcac0014f3	a7f61955fbbd66fee4c28625a766978c
0232a4f59601e7a78fa29e06d5091764	193ccf91968e07d6cf85e510cd520e13
02393be00525d205cbe0b6ca8ed22f48	e6bfbecab48c1eff0b94b9d8731c1064
023e522c9160d4d1584c5ce1a6ce48d1	aa62afd4e3bd89d0264f1c4c57357950
02404a08ea36dd43362bbddc578c839d	376777e1cb55996f5aee1102ba58efa1
0240f5bddc39ad2f0a786c811fc434a8	051ec47dd381d99f6426b8cedf78399f
0241f35c5752768d2b0580533d143a14	29503425dce23d364a6f5f06b6c5052b
0246c609c3a0f893028313b2291dac7c	b7a97b27afa797e3a70162c0cc3ce356
024750eb1d45dbe3c081ff3372fff5be	931a773d600e471220a50173f084c64c
024af9416f8c1dad1b4f974757e38d51	1ca298706b78024343037eeaf1d811ee
024bff5f92c610e530b3756f2ccb037d	c9b807fe926a76403f8d0b8f6039b2e2
024d71cebfe2f5c3b574e2482b2c7b66	1f43df7aa62f98e98129f6615163d1ad
024ea469a7c368eadf441544cae9f90c	7937b8a961ec16540192ef905013dc55
02505bcdae17368b0b44efe673160eda	012ec858922b3b12eaea8b2ce86870ff
0257941d88a81ef2839a94587d03e87f	5f92ef4f548facfaf57f57082a38adfd
025890af6c6f91ea4e405dbccab6be90	6b201ea02bd18c94671b3a13401c8370
025b05bcc900fa8e2675ba23c6e6d454	8e0109f1fe6762eb8885b51295407c8b
025b4355cf82995a0c901b109bb2be55	51bc573f80aff4547847e8d51c799018
025fe6b9b2e74c53011badb9f2c79976	7f17cbd1f3b5a476c7c0a33fb5b25382
02609dfe236c0c2beeac79e61cbe6151	4e961d5e3355d7fe65780191b56bfbc1
0261b44c278c36459061c368aa00575a	8881a687fb7d3d3b997b4a7cc08acafe
02627689047d06fbb642eef14768d751	627f4e977c9cc4984adef76048c2abee
0262e0507796703aeed95b8eb6346828	3f6ad2872232f6ec0bbf85c94578d82e
0265448c232e3a25aa5bcd29b1b14567	b7dae5f3dca8186031e39890756c2ec0
026697efcbda72c2263c11b12cd22677	c515b5eec0ba3b938b83ab7c42a80f71
026c28cff76457b2fa8eba99520a0f9a	fe402c834a0b345008008caa12be660b
026d5d5889dc62956ad30fa3a6ed61e4	f816153d9e94a429550bf3870843d0b8
0272edf70e38a36b32b924ceb16c7156	bec458a7fb8ef8eceff3ef01811671d2
027330866147a897c5c9b5d4d47d28cb	d4f418f9c4b8e63675d2069d38cd1d2d
0275407378707ad9eed2f8b30386a789	3eb0fcfc772878399a1d74a7eedc1b1d
027761d107a7927810afd569bfd81a4e	2fdfb1bf84cdb340e3102fc7ee0d95c3
0278eee117c3821771e2d18d710a89ad	322eaa30323f10e147f9b1021395cf48
027b35979bc619b89cad395d958b3270	cc6c0fb570c8b4ca19de71b83c640b27
027dd75e80e8fd4374ed8eec187f956a	331e7dacbfa88f51ff9cd9eed2acbe7f
0286e90d6f0176c6f49ca4b6d0c08dff	e21cac932a45583cf51c7ef8c6133438
028d0cc7af63e9bba5795f20e24db4f6	e962d3bd093db39e70f0553113c681d2
028d1cef617dc62904ce9a7718081d4b	af5b27d11d1685d7db2442889d7b70b0
0291268a34c2d681dbed04f2c169fa9f	0b56f19e3a2b34ca09761200132ad45d
0294158664d9ada36bd23fbb652cb823	f9a5aec34766dacbaeadb46021039f6a
029769d31380aed4e9915d27c73d18d6	eb961e94fae8762505fb46d6cbbe2c67
0297c2a35f116ffd5382aea5b421e6df	da241e0fdc1008c48465b024baa17d09
0299da6b2088736e46a6ebf067804596	2aeef669c4fc3b0114437d0ddbcbb14a
029a78f54a28bab5de0ac9ea07823e74	d9df224d26418827cc2859ffc737a0f8
029cf5345cbde37e75d11fe7c9f07ded	335a26bd3937473bb44843baab157e6f
029ef821bff942b1be483e35b4256d79	07aab41968de173b2dd3febd77da7aa6
029f943a34e4b12fa59c6a3664e481bb	1e30c806bc86ad2d8c8e257e5d5beb50
02a5d44d0559dc046e591dd8c10f2c10	dc12e8849fdf6793ff3a54cc71ed45b8
02aa8df7d5f231c1fa8c138bf71881b8	58639b979e4125fca2af40bb0a86706f
02aab5b634bc3b1de8567a15f468dd53	1b78f5f18b6ccb395898ff5a8f51f999
02abb73bd8e7095a9f18f82d8239eb97	ab3ac329490211bbed454e6a1e5fe08b
02ad1665470545464a4d28a0d4b94570	b31e1f0a31cfe36902cd2287e8c50d56
02ad294c09a41578dac649a64b6aadd6	2e43b4d7b76b8d8481102a0f0eba3adc
02ae49a7f45355f52f90208a8ba5164d	386f4714331592712c971ee882f91e7f
02ae8832f0c2821eef1e72d3df540a22	6850f69682cdf0c7f689dc94ea177e4e
02b0ba33fc854c843c151f951be44010	1619cbf3adb981b28002977cd9228ffe
02b385a378c232c0671c7ccae533ddfb	0b531cb72c3ce175155b35367810d9fb
02b3ef3c69fd77ed8ef830f4256b0022	b7283c8d8bc92ab6b6b1c5c0b81d545b
02b60dfe8004125530bfd1b4d055dc6b	f45dae160abdb669c951583bc608653f
02b69d0e5c2b68d5c3d650164b6c277d	6f449b8aa0909c199d031d19f6545ff5
02bc149bbe801807912f651c7bad3e74	8b000f8123339b8e5e30c4e97cd21a37
02c18b0862662b066404f55c815e459b	e169459df78af85bc4bfd5cf95856120
02c1c6307289afd9f6ac81979b251df2	a0c102712326f1ee1b7833074edb986c
02c1d1c6fb0c6558032f7b5f115702cf	473a127f8877071d4cf62809b802fa4f
02c23ebafea72bcb7135ab806aa3e1a6	21c975592a493bc17ca201e773155a9e
02c3dfc0e9c16c69a66b5b7412e512ef	d53f1196854946fc91701525888bb030
02c3f1d24074cba45a64d0b4b5aa0238	9dd1bcdeabc5cf4d97dbde3f4f4af72a
02c6fe8483e4f4474b7ac9731772535d	801a9a165cbfc8bcb0a2576f3a7582e3
02cba4bd89eb7ecbf0f063c4c4fef7d6	b426465346444f38e9aaa200299dc997
02ce47de081045ece3d651b805235346	9dfa4b52d52aa1553c4ceeb18b229014
02cf287a41c2cc7a79c682495df002d4	04b631ce5bfad4ec80ba98dae79429e1
02cf500db31aa951989bf4947d9165e5	883ab06b4b2e56ed47bb048a5b5b3705
02cfa5a71b5c89a1b10b5f5a5221ed05	813009635b136c141dfa4cc8cea96e30
02cff9bea08ed95b701d23e743e2ce13	753c7beb17929adfb98cf91027c098af
02d15c71f00ba4808c8efff0ed6d71ce	1199f91d3948b0c8a33c3d88085cd333
02d4f72ae5dd9be8edcd3bff7e63f8ad	8a4305b9927a94b929ba78ab3e525e86
02d8847ee38504792705d794eb93e9a7	f5184bd86825ea335ae2d1ab80dcf9b4
02d8ce98d8be14b6cb115dd4752d7c09	99fccf0158732f71979345a209f02178
02da8e9305ee7b4ad33c348f46afebea	1431c60a3d7a52e2cad06e23a28ac56c
02de69784e1bd36ed3ac1a0a7371fad0	601f36a1911088a8722bb02db7770b50
02e336c79a69ddf2e868232321abd154	e057a0403cc9fb11b664c8f2da61819e
02e4f23ed59566d343b605dc2cc30a01	2588a7d3de277e35da6f6704c244bc2d
02e781d6f1761a8135a599de8c34bc88	c36bde0365d15a28bba657b99b77ae75
02ee4550987a8545d00d0ad14d4b215c	2edbd93440c3acff72fe37452662b3bb
02eef920cd1aab9ef3492fe27bf515c4	b8aa9d6320e697ef0e6c152b0e9d1946
02eff2cc9db1e6abe53e55e9e3f5277f	be58afa15217b64687ef4f608029be15
02f019f0a4040c0f9b52cd910997a362	6fe7eead4dd120a77d4e9acff53724b2
02f2343e32f9070f149708d77556b4aa	803f782738de32e014628e7cd69410d4
02f3a178829aa3838b2ad9a14f986913	bb0879ac74ac1b01c41eb78a3673315a
02f3e7cd5ffb56be6f619896a40fd628	33c8bb687161c0a0aad0b48421e719dc
02f6ca52f1ada872d82035088701b66a	afac55ac558ed682c598faf52338e41a
02fe323166b147f507e045f04062854d	746bb47a652988bfbca20a2b53417c88
02ff9a8d99be52af14523c433e6caff4	61c430ca53c8197d03e105f65502b961
0300d80a6c897c389a07ee4bcf3e926c	6750d836f284c856f9b68455f21fd918
03041657b7177746724b819433c83b20	7403ae86f4bbc6f1b36ed9a464337561
03083b81684212efcf3f415df0127130	77860e953bef8059d54d142d74b41b06
0309535f129965796de4193e1605bfa9	4a683a62e4baddde8c082a49ca789675
0309ea422084568c2b4df13b32094380	544bbf7cbab5930344a09be1adfdbe45
030ae49b1ccd2bdce8a35ae95997bdca	0b5c401f5495a4c71dba8980e8ba9bf2
030f36e3ef0e56533706d6c1b4fd31e1	1bd66dd1716e8cf342a0f2a2c451d468
0313ef9736992ac0bef42713aedf8a1f	1a903c1ce11826efc5a9176f57e6eb0c
0316093cadcfd18a4e30b7974e62fecd	6f1660711870401f45ef081ea2e8b195
031757c0a6797eddf3e84bcefbbdb753	e34954fb1da3985c5b2964adc504a3fc
031a9d2143b30c6682f1f8fe23526804	acff06ebb04f96df800e196dd08e7850
031c116d206f65d7c267d30108cd00a0	ca4acbf46bfb0fcc14cd60e12179a2fd
031c99d72be38eedacc8b402784e9821	4b5400660db7bc94eca67a45196592ca
031daf860acbce867db7559c74bb1c60	05a25e86502466b19b65c329709f6761
031f2533749fafff58983d342f8c7ee3	26b704caa7f64bf6ccb5aee8232b8cfe
0320af21bba8b8cd940a95277377803d	b47539b79152e13f2a33ffcb4e0f3b62
032117a0ac42531420174f9b1234b6de	c4174bcfdce7159ee371c7b3605d4167
0321654854668173ef9983b879622722	0cdaa0c81e9e041be013f4472ee1096d
032172c44f98289cf10e06ffeaf7745b	931194b8a0c5d7de82817dc4cebe81e5
0325f5bdfff16d1756f786bfdccd2d26	d78cae846afd6b3bf92ef03405c59dd7
0327aa4bd6b07b94d14e53efc57d0d00	60a57913a1e9e49e4a32e978cee4df4e
032941f5f28c9ac53fa1c80d35f3206f	1d9d546782b94a91dbc680d2a78d4169
03332c1d032fcd09f91254199387215a	bedc3aff6e1a21693bb289be3872c878
033560dbd1b4d3545b4b40ef90aaaa29	5a1fef0b84240542f3202d61bc2d4d41
0336f81b60baac5b8f481dd3c32861a5	46b22c30c0d2126bda92853275a168ae
033743e540b7f6e2114a3e6981558795	617033b7574b98d476e1cdf76de15ef5
03385e315b37cbb189ab45f90acf5af0	bab8b38ab447cf765485073976e9e618
033b0be3724bb9a94ffbce3d0901db59	5901904b01b95ca92d614968b3471243
033bdaf71d51a1645014a54ea614312f	436afb0d00ee157a7717ceac44250abd
033d611722714d5206cc0184479e92e2	1ff6435257df4717bd4ac370dff81a6b
033f38da07bdbbad4763eaf1fe97ce37	b6d96e7c00df137106af5d6945045411
034619cf0ad20017ed9dd5f88caacae6	287bbf99ba54587a33991038d1c25e48
0346be00d2d7d3393d134d8be1138c45	e77f3477442bba62777507d4e4d4fa1e
03475e329b9fbc8246a09a4f888f9023	c6bfd1bcbcec032dc0441ea0c3e98903
0350d0a0f0922b1184d3183ae3d58f4b	2e49ccb2458bb611bad946f77e42a070
0358188e041daccdd2fad07e1188f28c	c00b6701820781e069ce18e987d553c6
0359596347daa117da50950748bc06d1	f9143cd876f1bfe3afb13a4152144edf
035c200bbf0a783e4ec9656cfa9b2f68	ad5fe649cf8f01273d4d86595f62b264
035c23ef8339c6d16ecd45601af8a589	e093c8cf82680bd99957652ecc60ecc1
036126151ea302c37e340f6552777678	126771264383f5725f6678aecc6c2320
03645a35cda06bab02dd280017fa8c3f	9c05555478ac6b42e57aad75735de2a6
0365db8065a89550e1ba73d86ec48cc2	14c2af539678ad5002fb62a294a9fa9d
0369497a41c3914b796cb81e64dd2e55	71f4566cfb25f89623002b9f1305bed6
0369d8788498fe92e8337f326a929367	c5cc1c2bf2f08de4cd7c9872866fa82c
036b541db9d0839b0591d408ff4f77ae	9dc211154d8b58e6a7c78186ac573f82
036bb9f40335cf9c6bb167e8c3703926	4c7632c8462e7fa25aba82c52f953a48
036bbc647cdc27d4ca455cd3cf311262	9297e00ce8aacd33a4afb86b537003d4
037030471a83c04cf17c7cdbc8236e83	35a69fab68aeb8074596b55f5aec4b88
0379936c75c225f1a9a113762b019da6	b9261ea79e84ed73d3124295c54f9605
037a2d470c1c9727d55d5d947dd8394c	3016520d2f10e9cc84c1baa1b80c742f
037a652d6e4bea27881073be25176934	e962d3bd093db39e70f0553113c681d2
037c423f56548082b1935e88c48ffdda	7c5fce77d25e6297e60736a23e9b355e
037cdc23d5ce303ee466680f4fdfe1fc	9c55d396e37faa608c50c327a296f90f
037d21e060a2e3eab8b080aa84ceee75	3122f397e9165394c75f0144e371ed82
0380d80ca292251e5afcf16c65707eb5	edad8d790b68bbb0faf929f5dab737d7
0381d8662f1fbc50581c54921a178b0a	07a75e4c148e4f1564f3cd2127acca38
03873e44115e30db6c3ccc2941c14101	4c87a63109bb6fb2af8ef5a779906903
0389d1800e05f1ef2e60e640b86279d9	260a90a998b84a3668d666677b63316e
038b307ca27d32bbf2535bc7fbae82b3	584ba5572ba1e06a385150e28ebceb6f
0391a7be47a1d4f1bf2180cffea667b1	3c0b47eab791bfeb0e65182f55c20edf
039378621dce8907fe5286ce965cce5c	8b32ddbf5fa1c776cfd8f4c6ffdc0fe8
0393ff33cb3cade4b83e0b5bd60996a4	77a25049bfb38edbf07f795045c4ff9d
03942ae21753e7dead072ab1f6c1c3b1	07d8915b0e9f9ec12058fd1c10336930
03980ada4055f6198fcd7ee52bb220f1	f78a996cd7f0031c9552060fdcc16dde
0398e6b20de133ba8b49c74b67dad7b7	e8a6b7027973c75756b8826906c57ea4
039b45f4a3979c9176b115bb8e88342f	955a6f6f4beb7e66654e87986016b341
039c2bf64eab47d423b7740f3863bc49	33377892d0804e2d6e8a35a74e6342d0
039d09672019a346c710ba7d49c4f91b	3e3bc939515a34cad988d1525ff09e29
039f5e361b0d24319e37e08dbc07e50d	0a2a0028247c7fde30a03b762b7a66ac
03a1a18521814692f56a8ecbea0031d4	d0e67c1ac24b882f3b794feac859234a
03a1ada3e778fcec8a7ee0c9e685d4be	7e75c1dff26d1b68c9a6dee92df56972
03a43a7ea55217f53542ed3f029963af	1e195dd195c471837bad1ddf4733319a
03a4cfbba1ef7eafe2b4f01e444c411f	1cd58e580e21cf04a5d861179dcec3bc
03a6f26e998c764c46c97dd9778036a1	115b4c3a6c4c5f840218a5a87b6f1115
03ae7447931228f49a3eec4f2f8fe9a9	b1855de3438cf353b081746cc3d36392
03b08ff6f932aa7c6597059061c5fc6c	49faee729748fd5837e0f4266d7a4bc5
03b0e7b608a5f1052c1cdb58ffc69262	fbfd5581ffe1e89360d7ef96bec079af
03b297cfd24f7fffb743780ef9578886	88f84c3cf71e912cbf926f901108635c
03b75ba4f3a1bdcc58c89e6846eecaab	04d95979581535fd59b9c58ac4211a8f
03ba29d5cb38d345357a74a7b5ccd759	75544181a1665693b1d6612c35218bde
03bb7baaa45980753a0e7050ae44755d	f2afb20350e49eb25c261e9af23dc266
03c41956324a467d4f265ee58af51f25	2b15a1f8004099fb34d915bad2d54145
03c44a93577c98119dc498053888937a	8e8098da27af501a6ae1123ea93c20dc
03c5fef8cb8957ecf687548c8d504d10	e4a1ffc45ffe570f17f979c48f60c62a
03c6170c9b8917706b0ad0a28400d195	b8c994bb66196b88da57889953ed2e1e
03c7c131fc68f902620c24f5f28cd179	63e5bb640d05ee7255d3b26f42298b04
03c8a9ffce923a8cb3452f18d371eacf	1b069d22d267eb3dc45ad24a39d2ed4d
03cb9868146a1c420ba8e3b1b08865b8	a74e417375022042b7ab342d32d666c7
03cd587fe1f5eb6c6c10ede767571241	b199092de723d64f203e3835f4e60bf5
03cf322e6530ef37b455bafbf451bd77	d4a53d7ce81f3f335c0b30b4b49d8aa3
03d1940f76051f548ee86eb71a38ff14	bb461917946e19c29c2bb64dfdf037f0
03d1d6df36fdec5be7b60e6f0cd382f7	1dd0f5d8a6290bf39f71edba63384129
03d74bc7a2c848e5f834eb31bc6c839e	8bfc8c7c0fbc720b6946d513328dade3
03d8064f3be30daecf2ffe4c54361e61	11716bd59b46b1a0a28b7a9795d3c7e7
03d93f5c0378205e17260e16e463ac67	96e6f602bfd6bc171ad939f75e3b4bcb
03d9b7f7c619fdf000a1ba5eab146379	61043468f775a0d8748fe3129faa0355
03de316ba1e90305471a3b8620cb9cd7	7752d00c1af167e6134591ce62ff4494
03deea471ff6f90e6b7519407f8b2056	90f05b722a01315cfadc3e264c46e8ec
03e1a95e608657462464d0a748428d34	827dca708c901f261398d89505376c67
03e399326b5d3dc202cdc3a9fb1b71f0	8a9db9e8e9ae51d80a399e1e0b946c7a
03e3afdc2972da43f4549ba405ff2da4	ddf39c9cdd077e70cb243bf900f266fc
03e7f2c151ed62ad925ac241e4e1d792	451a919c52ecdb4ba575a1c1885fd8b1
03e906525c3ec52373157721a7ebba48	ba2fc9c0441af5247e357233b6da23e6
03e9d1abe418a1727bbf2ead77d69d02	a90e4f16a3ef13a92c8b11729d373461
03f06674e02ef12873c8f4e542c5c805	15f9f627f8fd641638887bbdb75343ff
03f08e458eea1ef5ce14661c8a7bdc60	9798d046ddb52ae65dbff560887fce8c
03f25e67e52baf9fb1e782026d46c8a8	de59260012a8cdd88600764da663b19f
03f59ceb6fc1c1825ab604d526620a54	3b2c4e84d4b04c21a7a29afc5cfbe0ec
03f8fb3e8459ebb1e526bedde7a121a7	6647b2d83a4ed46827fa647d6f9506a4
03fb9af7b390fe9e0739150ca3410cf0	de73fb0b1d3ffe743eac88f9479a00af
04017562bd59e5a511debb2fd6051f62	bce742bc04ca3433390fcb7cebab6cd4
0403cb413f30fe0fac6ae792a93364c9	865ab37e9b9ab8daadcfb37fcb6cd98e
04071576275e4113b60c21601b364345	c9a1b399ba902fd04e22103e8ead9381
04091a59646a7e0f1c64c57c26d3d91e	b822ebebba751911f438b8a3d7de678a
040dbf7981a3ede37ecc00548fdede93	eddcc820788726934c8d71fcbad5a679
040e4bdb9f4b0f58d3ec4d2f869363f4	0e201cff009a776a850f96d7e01a11f2
04121bd92efc49da7b54943da62c993f	93647e5fdc361e08c9093d0445635b98
04121f3fbe313b7046c9f54ac1e26c75	9da5512aa0cf97ac7cbad8f0927af4ff
0412f6f3174dfc4c27ad0b61280cd739	91758554d43a78943ca6325474765455
04157f716c1e9606c6a530657bf8f957	a82cbcc3b27235179f988288121fe9f4
0415acae197134f9d1cd7bea5ac3f2fd	39975c2690d73d56b94b7bcb9bfda6f9
04166b0a94fb2e4da58436ea480e2586	02cbe5d42923c5b8d2dd7521ce3e5fe9
041699620802b7ed905f93976ae60bef	858511b11211ee12cdf1adf07cdf372f
041a4e925fd664bf8e2e41b8eb9f2840	4c3994d445ddbdfd6f9a5bb7ded18a1e
041aa7c18006a2f33e5c5ec83eb08505	c43bde8f1659d34f6e3170cbfdacc278
041afddade3479f2b9ebe3f5cf390c7e	750ae8317e176130a16c8e58e76c8790
041bf8c064b4f6f8fabcd2a9793b8c7b	506efc8420324483d37e6dc5029b82f5
041df0acc65530f7e1e628130c3d411d	9c34581fa96513b573078c6d2644402d
041dfae4c5f8679c1b54f1fb3b8cb0f5	7d02c792d7d5ed0037973e0da9b46ac9
041e654adaeb51d241eafd1e29a5fbfb	ed049f4d71420c9d210e4676477ae17a
041ef0a56340a623c38e6b9012933624	b703a40d6566c73c93601522a78f6340
041f5fd5d1c9ae9f0ba37a745b5dfd23	c5e93dcea58d0895c8442aa26da08c39
041f974b7b2e24ffbc50eda1bb04f917	4f525325e1f2f6be75cd79756b272187
0421d8c1dec913b76dc72d781a864a80	5f2252b9fe311fb6e19dc72f20857771
0422d43dc86ee9111d46c1a10992ea29	0f0bb21d0e3b0418039eddad928e1d1b
04282eb8fedd703fb176b37c5d037a0c	bfab09e7036d5ca6d7cfe13eb83f7f55
04283728b84c4b0ff6cb44ca4bc4ab65	4cbb6424f7cbcfb4c94756ee4434c0fb
042846b7b23a617ad1730e9eb2dbdceb	6117f8c8210bee40288f7e7fd7de4d29
04296c034b9b888599263926aab8ddc8	3e693ec6acf2d82ad8005b5eeef26a95
042b503bc444d79e1593cbdc73d18c96	a55a6beb492c4c9be6c88c367ec21e79
042cdc726a92bf0a2195b3b426f35bce	6f1438a530a8686f5c0faa8638516c10
0430dd41069c93d385b767e768c1095f	555ab6a8dba86d9f7707014cadb69ea7
04327b18171b43ff06586707499b97fc	8db83e677cfaf07644f85c1f98b8d85b
0436f8cdece0f293915bbc6d711f6850	afc5adc84b803fea5480aca28f7349af
043c40bb7bdb3a2eccb3eb0b79f47cab	5efe237346c7b12c57dc5a5fbb21bcc2
043cdbde77d0a494be264ee322847809	e37c193c03699eabc201a2922dc0398a
043ddf84451e8b1a50f3f5662897e385	8059c9b28676d27c717122d9cc57db50
043f806db615f7a138d4beffe3367c1a	6112e651a191fdd9704ca6ef2e8ae96d
04411a580ede5fd258d84ce872b5f53b	c032372740b859f4e551c10939543749
0443c64d68e48da7bd100c03c82c0c4b	5d1a67f8d83f48f44e5d9d8790a7ed8b
0445a4d6be24882bac0988a055e7f379	953ecd9a1c971a8da311af04d29a42c7
0445e60a23b32e2adc07e34ec3f5dbf4	89590f63af18100a141dfae662236413
0447371bb8a97e8fe5d3cee6de1db766	f7dd9ec4fef1b90a46745ed6627c9f0d
0449da0fb33b7ed1f7b7f0e2924cfb14	ee4eea8932b23cc465397c6254945f7c
044a4186f6873d19008743aa0dfd004d	502e2f1fe33ff3cbe83ad55661be0825
044a95f1445afa3e02a258417ab90ab9	63727ce34eb508a10bae8af275eb9ab6
044d27388c142e8e47812d9518e01b2f	6cea06a98ee9f29a804ef8a135e18263
044eced3d5aac22e0f34ad02071132f7	e4ff784a75a5c915513b2e52f3eb0309
045182d177d3f95d7cfef1205d609f37	6a8267288af63ca09dec2b3e3b712167
045490bc2ea6b39133e367e0d5985ec6	92d644be52422db7a0f26a073e6ba856
04557a22f623dcbae86173fced057c99	2163bab895764549ca5ec85129b2145d
045613366353b062992e68937ca53edf	789b08334efd4285a99bc5f44b8f02dc
0458851a021830f297e5dc3418ece838	dd9f60a589207a7c1a82e8ef77d18491
045941155fcb708d6d80e421c87c2abf	f36e4f0058ced7abbafbc151ccf5eafc
0459bb2e18a01e6f3f305dc8be7040bc	3491b36e6b39bf86ff8b4ade9d05a421
045e3c00486daba698458469f773f700	e8c72aa4e0bd8b466f5e85c5075c1bae
045eeffb8750ff847de87bc37f922c02	088c16611994294c95b7da682aded705
046027fd1061d32ad6cba9174f9f37c8	3010cf43c861810d886fe09161b772e4
04619a36750d6e3e9f34e433e9a0cedc	7c041c5cfb6ce91e3f1914d3bbabed82
0461c116d94becf63a1c41b320f6eea3	52bca4f122b6b946c53e25245fdc5c02
0462a0427297f8979588174b502bd044	b4c884c9d3d2224519953da3093fe30a
0463b72200ae80c02835c027d3606c4e	d3f3c87d4a29bdb3706d0750042d45a9
0464c7eea603a1169b0d74903226ee9c	cc6c0e049e2b64d472c8170421f66fbf
04674c7c9520c7edc0426b820f837726	390f2f4d009b82ffb5e747785bea2937
0467f94ce29392897b1c964f6557ce46	a7acb3e4f7225f0eb9ae36a75feec3d3
047566aaff65b42f2d1e89e0e1fc957f	021a40c3a77f0b1b5484f1ad2907acd4
04782106e70a3e200feb487e5dfd826b	95353ed6e1d79f40513afe37e87b417b
0478f201a06ab2219542330f36a3698c	a4280d2b2443385f91b673b2688a064d
047a18e21c771877710468a88576cf29	1617259009716d3793fc14211617b826
047a24a20dcf32612975fff862a229dd	2ae0cc76c421581965f1543a41ef782b
047c92e7c0a36a23d8107f4313517719	b2308721b9da20292fe04f7333e81602
047fbe00ecc60835f1ee9d458bbd7ee8	2cf94cf343e88ee98e5915a088e748fa
0480133b8911f6e9c3b4bb2755327649	8b19359e12ee025e7952c6697442ab37
048142b6048cb6c10415e08f68a2c3a3	3181a238da6744d58ad5c085f791438e
04823801df6304e0fd0f36b9f956c2dc	24756b2e9e89a36938aa7aaadc70d314
04842030167d0508d3e42d8f0dda29e0	bbb461227bf68dc46e4490d9fc937444
0488830078c4a680d8014bbff36deeb1	965914f96369b43c5d510b959fae61b8
04897f61ac34d82804d57aa07322a400	a6810579a22415afe56a9ad4425dbe98
04898b587aa76d7625bdfe23fd8a1a0a	3d3980f1ce19f4e7430d5b187dd2a283
048a70da40ea4908c783b8314be2da97	ef66bcfecafba4a66ccdba5859ae270a
048ddbb09453a83d40fa85110d0958f3	1a9fcdb8d70e9102c2436f1394573189
048e257d6d04d3d17f6547ca07fedd76	b142558c4aef809fa2cf35a5bc6d382a
049072033960eab882a3b0933d414f36	9ade06872fc56bbadf6c01a9e10d4c23
04909da47036ae2ccf4fd8d025b83344	5fc5186bccdd3176997ffa09efd03e24
0491901f00c8663e5b49a0dbbf96412f	02b91ffac66285f119f03356e8edf398
04929ae99a2b834405a1db90e2747245	3a785d0d6561650d6cae3be4ab544774
04935c7718d4ada8516e0d99c46df41b	e723481b0231148e01cfece2b361cd6c
0494c37fc0ae2de1550eea216cfc1752	d7b514ce813add5a9f9ef412ae7c84b3
04956720311452f8ad4bc3d771fdfbc0	1e9ba4553c3d6c780e00511bbdd4a0a3
049775f8bfc13fefc68f086cd3667df4	8eb1f46ea798aee5f8ffd584c5cb4c1a
0498569a656eb22b361a106e0cecff9b	89a659cbfe4205071fa313b649da95d4
04992f0208bb60792163c32fbc207165	6520ce4a1eefed87ae688674fcbfafc0
049a5615101bbe36f025a7b87d3c7360	9f32dbecd5c39e38d7e0cd938ac847cd
049ddd5ace159bd3d3363c9c36217d6d	d36e081efed17d07b597af357bbe1101
049df9eac33b5770ea20ec1f022f0173	0696ee95c633a8584a89719b8bdd2c8f
04a05b619dfddaebbe864e7b94e108c1	51d3e43f72b75288ac81301d9a5718db
04a0b133fe5760af8a58451053673fc9	9262f17fcc9d7104e0bd98c268889eb9
04a3e6aed6697c05b23934f51e9d5321	cc0044fb6d13b191632f0aa4d50d9757
04a7b805cf12ae898f723b735fa959df	862dc31d0b4b39adf3a967b09c5819cc
04a97eb41fd59e3495641ea2442177c9	f6959ebfab4a66edc5e51f926e967cec
04aa3db794a4a1129b037aac393e0bb5	0f360ea2c4e8175225bbd98c3677ce87
04aac627660a42b5661595b06de9685f	6b3557a35f13db494b9b4fe41d100f62
04afde06992c1171bbcac67b3b58c53c	efe847dd6675cc65c3e40ca0a58fddd7
04b111df3a3747388e923ae5252c9f4d	3c4101b6e0483ef743249d6722b45f9a
04b1f0add9aaef195413ca4c03ea58ba	d3a1e7d34bd590949643658fa40ebe2e
04b21b20b0f2aca4b886eb7832b6b0e8	311cdc0b60d315f3f016d566e8ffbc3e
04b2a7f442ed1b15439d0678ce902d6f	061ca0576e6a97ccee763e8bbcea4ab7
04b4dfec9afb6529764a94d1cea16abb	cb2ed255d61ac1071a8a2ae350fac10d
04b58fb62b01369ce326152f7c7416e9	b0c740699a016fa5c32a37057c6fc805
04b88891edf088b990a3b3b81763efdd	234d4ba18fd51ff71d8b021228976695
04b9913aca917f957c43cd4d07e5785d	3304dadeb50cc9a4a8798cfc0a50bc37
04c03de21b275b4e5e9f5882bf2c5ec1	797a32fbe634cf60719b7f3fc11d8e75
04c045b6ea95a35e248f3c5fa17e4c56	f6f723c89154e3ee3f459030fcca0ae1
04d00ada667e60a3153fb811809d7e34	bc70ddf253f42db5e1b08637892d8926
04d0ae28e10d4a35ebab62f42f0200e8	e18163616e98b7a73116bbd992fec4cf
04d1b01eb1d69df1e9951f5243295833	7db78bdd8b38ab28fd3c996aef43c509
04d22a87377168b4bae34b530adee132	0849dc64d659d27c5b1bcbad7b3e2cf0
04d28cb98f3362dfcd4ab74d4bb82de3	e0e9f80cda296d25d35de6d16afeee69
04d2cca932a87b98ebfc7bbd0fe6ed5d	01212b3fdc4d76441c6624d3fb763d61
04d964003e9d42e6f2483e64564c1f54	aa58895f162abeabf91de4c402d2ce56
04d9e4c3ab38c5caa1983ac2c1263bc1	eb05f6a56171d0f05190d29a5b640656
04dbb417a7eeebd7ffe3199b414f4242	e75abb61a2a58bc236692eb646a86211
04dcc4912a16549fc97d918545b68af5	94fc1d2fa2ba2cba61a5aa2f69e047cb
04dd37bd8e319df958e1e091ec60de5b	f73000e25571b66ea6842c74bf5bc92b
04ded94454830d4ea960327e8b91f5a3	0c79f2a45bce40e0454024a7bc76f2df
04dee0e90b8ce346e65a60c81f6687df	c2c075cfaa35a30fa0d8bd2ee62a1816
04e219c640ed59dc68ea2d50493de5b5	f7f2b03329afc4b9ee16dd510427068b
04e47e6635908600ef3938b32644825a	b6a846af98e7e97166001b69470e69e8
04e50bc7a121716e396dc538ab24490e	8ec9fd3c955854951d3481b0e7298137
04e54fdde41e2e623789c3f7df6d274d	ee3003363992e8b924040f50f3fe1666
04e6e374423615babd4062f67a532c5e	be2343923d2686ac38699bdf6b577a5d
04ed29d91e703f9ebfd81d2d4fa97103	bae52268c200db95f555d93f84de47a2
04eeb39d680097817142fe4d52c0e422	847a44cf3447445a7f76c0fe1bbf881b
04ef162792ce0f1d675cf363db2fd99b	543641857aa020f487a304a9d557f059
04f0b56ff8811424c3f44cb7662b3faf	8008e64e3b43c76af010af1202eb1b9f
04f1442bafdd6433d41588d2c2e72e0b	087d90696f7b61653b03004035d2371d
04f43bb4a4f2c193a18e7195a4fd8e41	0b90efb376e37a6fc8b29d97017add06
04f542671e8167741228d22abd0303db	aeaa0da758fab66873a39bcf6c150ac2
04f6dd1892f3382e8356d107ba156256	704584a070412ee6c848ae5631a13ff0
04f7b0f8afc58d5b7be2c486c01e8164	5164572216c9ad125f58f906a8857043
04f7b83bdf8d56116cc9d7a659464c37	70b6f439a69017fe341040f7bdd3aa7d
04f829be98c8646b8a08aa9a7f20af10	86316f30eae6fe0b234136d04a9968b7
04f8b455b41f208ea19769f051ddcb1b	d877b8888479192180a008e7bad7118e
04f9cf38c15c4f048fc25f03cb621536	c36886d0341400a3055be9a8be99a743
04f9f1f61d99108b7ad0fa77d275dc4c	958a0ed16d72eb97c535b98a76ce8441
04fa0a71339fa76067a75ff448ef6f67	ccac5af71a3fb178dcd2a5db43bb15cc
04fb14e644b1858851c739b1a2170334	f1b033f3652bfbac5ef3db774b9e93d5
04fef94bab64c9e3cc8b2b696f38f7be	ad0b115dab414c366abbd85af7bbccd8
050214ecbd9e96136fe1bc73447f1303	e561c1201908a130968d0ad7d8e9df0d
0502f436e37331d0b92274e0db73b134	fe2de6fbcbd5e194f89539c63c4d0580
0504d4dc55e80f42ffa698a4ece021c0	db5cb44839110db8bf51b6caa084157d
05065ca3c3a5b2b415d7e9afd0bd2c16	5a02669c837f4158f88f7912758bb1ba
050688d137e1f4d563f7bd5d84d7e344	762927a9a3cd7e3911e4d874c7779be7
0506afbcee2355dd568a2923e4461649	bed79387466761ea18b55e0fb8ea4898
0506d033a4ca469af10d95dbf36a86e9	e7e36769a5813b247646b10841b6bc17
05070c567100ecb6cdbc2ffe0fae57e2	bf7bbad6b26edc1df4f10766afba173f
0513c7d43a5874fa6a17a184091b3d68	132fe5d4c6ed6da049127b31c007b7f8
0515200de14d9d8eb513e88e3d28ad7c	311f08aba368c2d0ea6b68b45257e7e7
0515bc0e0f1028fd4d086139035f5f38	f3df1115eb4a5bed8362040a2972be25
0518b5dc204f26b356671785e02852e1	729a945a4f4aee059618c954237160ff
0518c5a3eb17ee72f00424e63bd7940b	56ad05bacc1a228db32be6b656adfcab
051b63ae234e63226a7984d76f9dc331	3bdebce019e406d9f03f91b962687ea5
051c7db6f9d6daa9238ad64ddae6cea0	c33e769a1831e8a1f23c0c1d9fb8fa59
051cb2ec3e94e7f2a72232530f847408	d9307a7517cc4140ccf7d6dc04eddd49
0520814ad7ca7c063109ee7a28e89de8	7e6141d4e9ccc79954e8dc548c927c68
0521cd68355dd16e8f7940f43003d904	da4fa62c60987b5166dc44d27195c0ab
0524e21cb713c3ba78906a6716409c80	d848f2fa9f130db89ca2fdb179c5f198
0525891c206c0382ffc813834bdd526c	65f0cc214a4d8905ab1d1cdb1969f652
0529f3356671518a0fc851f09b693b51	63cf206b73cf3919b5620b16918260c3
052e03355eef1d923d532699e04f0eb2	f3ba12e007e3149b76bb3904d9b1c246
0533a1506eb61460bee3917f61ca4c49	9afd52d0aaf3bb46ec85d2d0a3523b7c
0534387f90398a24495d4b7b05f9b342	51547935fca98ab1104887c7f5d21de8
05373ec86c44b2afb60fb93316b30001	4600ae1fa41769decf9b49b5ddbed60e
053c477a86dac016582436e67ecf0bc3	382aec64160053eedd6d12b166e8c722
053e06424279f5cfec8bb14dfa9af23c	83cbdae6c104f6dc4ad567a059673231
0541dc77ecea9c210d3c4231d97c02de	5eb39713c76ef1659a4ae0522feb66b6
05423f54e9e0bf97ce3fca2abe2ba3e6	639df6fae63343a01aacf17cdbd42f5d
05469ff4aedf9286f024177d0d09fbd5	f30a194d67f6c55966749f99c21fde22
054c1e5254cdc36bb85e06e53cafe8eb	a3548f2e09f3f272b52062b3f1423109
054c7052d5110e9731a9d0bf34d651ec	52a362ca189e4959ae258680d2f94b41
05513edb5e778987bd727804ed4fa01e	905c0d6c8841adfcc7a3f015ef97bc24
0553f2a01f0838c1f3347f622cc3c30c	265fc1eba9ded30c79a17bb077815939
0554c1dc9f40db098fb58d3086515b6b	ec4b0b4d624f089b8d64bd1296da2c95
0556cacde8ebb77956342a6e81309553	99ee4c0ca53301d76ac1135a4ac5051b
0557d21452d411c00f766973a59837a5	6eef1308df8ade2dda21bfa3c0a7ed2a
055836a43eb318de92f09c555ba4f3b5	c1574afd825c84fd114fadab17e9e239
055db8f900741c7b8d7b731e99662588	58a9df78e458729cc9e98da6ee237dd9
055f942145df4b6c9fd0d10a3f1da98e	510cf09c54a8f1d78cb5072e811529b0
0561461e2c7ff1d87aec1e5c709caa1a	7fce02f22535ab37866280fbbf113d7a
056263f3ef83f1b0c0fd48cab346e8e4	1ce41d00e4d7c5970f530bee7564987c
05650550f21d60a3989cae43fb5ebd93	250dfc329fb1f906f28117be53483271
05670a916f890c9c4345ff4fd19561bf	fe83c8f799bd2018321fddd1f6607129
0567f2309e01e99021245fd34a97417d	ef4a5318cc723e5fe19b5584c1057d28
05680de3febd39916e496dd772cb8c19	8f6576e84693874656afa848c2ba3f4a
0568bb0b42891e57247ed4b436dff85d	0339f014f59f2eb069a2e4daa4675c84
0568ff4af327110a55355527e3c454e2	00925782a34b07cfdd04928705cd9672
0569ecb5da00dd3ffc8cdfab85a4956c	b2f60f21507c31a1c7cadd6139b37056
056acec954f198b911fd8c6894a6fad4	173447551ebd6303456ebf168881cb82
0574a9f4769dfe44ea0680aa8d935f13	2826da31dbef2cc6a967798e3a8e4c74
0575710ecfdc61ede3807eb1c6a1b01f	adc5290c7cf4ec98d28c544abe5dbaa2
0578dbb863e1dccfd5d352c1b8ba198c	3ff593631f3d637e76885f224824b04b
0579fb9d75e018b9366db9150db7453a	9a9a352569deb789ab8ecf5d1ce0adea
057ee74505bbc50bfb10d6814c5a3c4d	58e8f3d49f7d4419f1cb67abc9346cec
057f143aae50b8abc3e083b7609353be	dca82bc3b3a3c38282750d5388345563
058129d7cf63b8a0a10e932a0728ac36	4055a3117e62906b62f1726a80378b1d
05817b4e1add561af0e1165e01fb48cc	dce86d20c01faeff7f0fbb6bab8e79ae
05833c2c6953b76638748b3b5152b17f	99134b13d7c59a31129d0d8360fb8a27
058414cd650e2309e2d3df6b3ac80f37	ef609faf4b65143163ed7d820238e184
05860ef5bb55efbd4bb5ec8b0de13d03	34d5bdfb6cc6ebb0f3dd3389965e369a
0586b0f2c13948bfd51b3694c5e9c676	50749c736340c991252e8995ae4f6b76
05879c0b6a41bf08f08ea2f58a931146	0fc2ee1f632a703669635f7203e094c8
0587f345cca3ef8340e8e71829dce130	a8805e913ccd44d882e63522a5e0bb8f
0587fa4c5dc214a7470cfab3712f4699	f00cb5e55b2c35cfbfe99e5feb413b99
058b69e7c7923e2c71070c9f934f2c2e	94909fdf592f4daea2c1c521c462c26b
058cac57444038ce7e8f6fd286ff7424	5bdc5186719e12b0d83bd8041e3301c6
058d2ff55a09eac11780d6a368b48a80	2611dafc927f5388d6c60858c6066c62
0593e6814f02ec9749e87bdc6aff8275	1e8e06fbacfe88b3339a023a7e154d7d
05997924d9bb4497f0f8a027caad6bbd	29c0424ddc8265ca95f9d868ef7e2447
0599c0cc9fb43d1eb90c5590d4ecbf39	67e26f644f49720ae04f6be02d187f3c
059aae70d73e0101c492106c4d214774	5b940d6e5215266e7513b0afc40310cb
059d90867f6ed5c4e69ab0094601bb37	01a9cd44b2a75e69a0b6cf86d51cfb4d
059f3479ab76bc97c3db74efc8558482	e8be4f863ff0d60f142871f827194cfb
05a14c9084e09730c52b65732fe19d90	cb442762762ab25fddd696d9d30267a6
05a42b5c95a497c9b80116f537c48e32	35150192652cac30c3d196f8d4965463
05a5c4f83946f8390e561e006f39f0e9	75a903810e9b5d44f836b5d530e6a38b
05aaff6058ca0088f54881003c1eb57b	67bda580cd086370aa9c30f802b44667
05b04d362b374569a4eb63c4e4e132b7	11afdba62a76990af8f73a2fd9676585
05b095301362cf626067acd18590ea03	32d1f6b28f725c962712351fbb635f98
05b20aaa3665b3688fe91e63b1d416b1	4ff8821059ad7dda75f69fbe82a7dea9
05b26080370a69270bfd81327e616cee	54b104d86d402df80ebc5142c82aa81b
05b373515e803818e8991e855a1d500d	d5be14871e19a6f41a5a59a02b1fbeaa
05bddbf878fc3fd6becc0b13ae747bdb	5a9acdfa0434f4b50055ea7e06d2c7da
05bea7b46a68c2bc7761ff2424c5e58f	1f1dd49a22394ef57b77bb25e84b2b82
05c042ebd6f763d072a86cac025584f0	d31e15b8bf01dc9db05e37370f11feb7
05c46c3abf7acb1337d74ce98da20ec3	14bea7c9fc91b575ed9a98750cb3e320
05c52a5f9133f5afca84767f2eff98fa	7c6c8cfb6cd993ed397a707f91465097
05c5ed370ea11a2c19c111f4a5979921	2258964d31cfe544f39dbbf2422c393f
05c5ff612371a5773e857212174f625b	96156288d7a6c6ac656c9b57a0bc651e
05c75485e42f747b9dba8da1aa1133ea	61bcb2d2a51c8cc7223edc7ede9ca7bf
05c7d8c4a5be0da9995e180fe65f0d9e	16d773ab26e0b402674184a5fb175d4b
05c8e94aaee86390eaf6e68dd3ec3570	f88265f1b24a4588f4f86f7d57eaea10
05cc4564c3160e7da7be1142f0448771	7c918134ae255ec7d8dc69192f0c3d4a
05cca3e64d2d7766f5eb8eaff105eb40	0d8964c6a05df534e28de222d7de390b
05cf9b400cec8d7e6a606b8a2087ea3e	b86f5cca262af9bee32359a64dc0ed5f
05cfa69444404b03cce3310bfd633119	c63b3e449791f5925115094e0fb6445f
05d14498d98fd6ea69d30136eb95dcb3	51e99ff38dd22b94a7c5cc98224614d8
05d1a5e83b3a86de7598a1e089a86b21	d4a7798f767390b48c351951147ff336
05d1e403eb79a9a1b4fd0182be89299b	be85e8c0888c9bab782eb883b45825f5
05d545d220f72a6d28004dd5b092594d	d66bfb3ee50e1a41f8f8e8bbd27bebcb
05d6efa039dad1b207f1649aa4449fd2	5919030dc7daa9bf54014772b332ba1e
05ddfe38031a7974a3d0510018ab253c	6b8dd839cd5fb56b4328e2a04323ab94
05df4430054ceba4fa065806e8c65041	c0b108301c7130c71e2e854c8425da51
05e291c40b85447a181d7de47ae1a2bf	93d4e27ca38fcff57b2673239197224b
05e5b5a37a0d7cb5e96c82b84bbdca66	df4825df5b1f42deb0f4fe43a6b2c70f
05e877d2709b8c20b3485e6b68c98bc0	a6d32eb98afc98424515e4ff2c413aa0
05eb87eb6fecb7a8a3bdc25154412c1d	3dfeb7a070b03046dd04582e4ff9d48b
05ed64e4e6229f446082752936768489	3be31a7ee953f1db4f16d16cf69a5643
05ed840c0a907e88e475c931f40fab83	b3c6700b900f04760b163c3c770892f0
05eee75ab69270c322b9ef6bc1ee8604	3aea6c9d9083a7f62cb4b9cafdfcdb83
05f3a48298721d68cded8618b432e7c3	3abbadb2c4412d6877e734d739a59579
05f5567936f582edc0d3ea9903f540bc	697ab8f808c9394a71852198b90ff418
05f6dbdbe30aaec98ca5fc1ce5a662b1	2eb2ccb950e918b17d50aa496ac945c4
05f7448ef6a998da4d58a15cebe0b6ba	1c94b1147e036e997c305786a7131270
05f8ffcc6372f5475a0b7c61b46c162e	2cfd896841cd6acd6bf655f49074beb8
05fa3b96505ec198385ce8bbb02d27df	97374706f0f8b974b97dc5d73903ca2d
05fa862fc7acabb822b6f2afb5fb6973	d235e01de3a12916e43fee077554690e
05fb1e489956554f9115344bce4e71c7	33bdd535894b3472af2df1f59353ef20
05fbbab9f0baf819ed9593cca8587629	7bfd1c157cc1847d171ef973c4a4f20f
05ff725eef6dbf5b1bff07bedd89d6c0	081370583574da0d6b8f651bf1d45a2f
05ffa991da7ff48826faa3607de22e60	7097f1c8927f4655bd172bcbc4aeb588
0601e6379f576d6ad6eaddcb5798c13c	d12f2df7e2b70a728931778e96391790
06049cbbea67b138b7900b6c7c5730de	06b767284058bd56c3013ec398c64e1d
060ad8240dd120ae1017c31c17fa88e9	c5210e8d017952016a2b114cc5f2cffe
060b7ed7ef9e59576b9ee62c998a5103	ee4b18fe98db0fa905b19b23ec8e19fd
060eaa97b6072e7d3ef9087d2421ddeb	ac13b06b7ea490471489b787dd55c696
0611c9a290bc9dc289bc097c9662913c	5abb6487dbe61839b5142daad66d6ebc
0612deb9e6268ddf1381d042ab2e52ce	f03241f1c1563a3e6cc84519d54e0010
0614e1ae5100ee0aca4ea24424479fa3	0746306a5e34a2bcd39f6f9b7ea7a666
06166a0dd78f45c213add974a6711dfe	6eb13b87e7631e2e084c7bbdb7da8912
0616ca6b1e0ae639d12e19ed310963a9	22cd25bd4e156c5ee84fd3eed2983ba2
06172049e6804cbfb07f993023f2684f	d52846f7893cf9140b2f576e4cd3ebe8
06221f824342f77b3d6cce7f05d70fe2	93ce0bfea11017960c4bb2b2771b4e94
062b340de8f5fdb7ad62c3ec8a7d50ac	0c220f1fa95e598de33857c6c94cfc2b
062c3f614211a999d533cf5ba9108e5e	ad7afbab0552c8da453dc450faf5a556
062e0ba3b2995f2a089b92e5bf004931	a7fbd952416cda1f49fa8e23769f5c0d
062ecaf3e25632b7b6a20134f11c27e4	820b85e7251cfa09431150d31eed7d3b
062f58e44eb73f9274b57af5092cad90	21e293cd0afa3576eda869c38e234a87
0631fa9d32573af7de0062dd3ad42d2a	2f2f2f3aa2dcebb0c023e5c95f78e410
06326dd7bab63b892d2c147d5928468c	dde6ebdd54b3987f89e10f3b2d15eb25
063486c4a139ae7a3874a5bac3459217	9d3caf69d64c4c3d6b370fd4fdbe609c
06385be5ecfc7df22b2c956093cef85f	e787476615a0e93649e60499f0c6cc07
063beadfa9d6dbd569d12aacbcb300c5	26a1175c32b2ab173f3aea429f373d0e
06441d7b824ead0325b07d7d7e943ddb	c8183575c0ad33aba0b5e2aae7922533
064850977be6689e4aa2165adbd8e866	a6624ec89a699c0084cd26c4070cf068
064ba3c61c5f105104edec8305853711	590f091ea92f8dc3ea80b1af139c7cfc
064bf6dbb752a83b4d3602779a4f5795	b3383a242487879b1d6194e2e040e6ef
064cf5ae720265bdb95f553557e41f18	f64ac848d04dc82bab9b710343d5f0e6
064fe286277f695f42b556ef991036ff	b28e9021c95876e737e1a25db9926e31
065036e33ca5a147c353956348fc8cc5	c3c9a6207ceadd6a90e0c6142deb07cb
06536364700e9f2297d14f2aa5a425bd	3a28a95d36a15ab45ea78bc069b94958
065775fe69392642261b1436fbd6bab4	d3ddbdae5f04f82f7b1d33f059fa9a12
0657d7556552d692a009861a8df0187d	4201be02a79308da98e9edc834eb8077
065882225b28a15ec62af09030001ee5	0e7ecb462cf3b0d5e70be1717502dcdd
065b141f5b24a1ea858f9e63bf13d0cf	f469abee7c187978af4d1cacfdc61f7e
0662b68319b8438792d39a221786680b	fc232c5b2b238ba164aa9892014c3cf7
0662df257be6c6d0691729cb23a17386	1e2da369e6a282d3f2bbe1f6e690d46d
066813ab5f3b7b1cc6d2847c37f5fae7	c51c2ec6f6f1885875b690e88311d950
0668d86f91d0e8aeea2e3fe722047363	daf7ad2d468a39335f23f38b0244dff5
066ade1d9e5bede84a078012ee14fdc5	65d3e7c42dfd956fa8f1e890a79e8dee
066cc2796adfff0382fed7ae88d5b41d	1a0c3ea054edefe6427581974f3e5576
066d6a47dfd9648d913ba8dbce722d75	c90c9817c0f18efe54c28dde5210ad78
066f7dc6f15dfe89172f4b32e50ac826	753d1a9e4bcbf50a5010b032d96667c0
0671f3013bf168f4660edfb4b40fbfa5	c40859e15c18b7405942ce2d88a30aca
0674a404bfea717643b7bf30d9f5eefc	a5284cf2b707bd7936d1abfde1b2b803
06767f7b8e23fd24f6df74fefef9c48c	900568e454758c59063f1bddefd0be7c
067dc6945c4aec1c2bc1fdc2e5819124	b6a846af98e7e97166001b69470e69e8
0680b380fc7a80df4c5a33ed23e11ddc	439f544e6d0a8601ef78ec24ebff1b44
06810c46387bda32e8a1486bac64a7af	d845dcb0ddad2bb2e977e7c645e8e739
0684c9b8439112b0e3202dc1f13bae65	e8f33c4160b90248c8395a511c16827d
068594cad63ad63966d00272acbe72f7	af2d2005da0b9a4532e20b5a77205c8a
06872e73223dc74c76b06f37a185dc22	f035cb4d62242afc171f9e6af24c437d
068ab49cd35aa24078cd23170599484c	48f70bc15a75d2d71089bfafbf2b9c84
068c64314f0f8405bc28bb4c52647145	5d070c6a105603351a2bb9e3afe6043e
068f2d23820541fe4eaebfb072bd6cbb	c51f1ad93d7c1dd2c6bf8f7431b11d4c
0696cb4f18fd63cc94f319fab92119e5	15b21fb1c17badc7f6279569338333c3
0697524f77ccd503f7e5fe15f23a1268	de02dd8e0cf16130bdda0c4463d1c2c6
069978487284dbdafb1bb8860adf19f0	bce146bfba6d067f50e444aa92a438e0
069c9e38f21a431a293c2c158e43f1f1	4c5bf51274a0eb2c005a13fd32ed4a41
069f7d519e820f6b879f880703907bb3	5e44ec6131e6df50400d15264440069f
06a36581f14e399a76a5110449ebe739	75861d01ec7accf83fe5288ef9575662
06a572c0ad87e4465dc82c3d94efa599	f78ed7290f9772933717c598f43d35c0
06a91842354cefee9d432cfd3ed50100	35e2c56dea028f471fb8b85209291df6
06a9fbce25234a6938bcab419bcb54e3	3b727593a4e5e7a4c385d87adafd0e43
06aac1637bcefa8de3a9901f3c030d9f	83ec16562b0cc38c7d8108381ca97707
06ab2f3544c15dad7b9e4bfbce9982cf	417a3cae73feba9facbd87c3d16fa0f6
06ac25321a9e8a0e2653ae9fc72ff939	4d2073da0fb84fadd58634e8d27b1a60
06ac45adf49f5e65a05904420e22def6	b3b79c57c52176b6f19e91eba09ed7d9
06af18723348ccdd9b0fc20bfda1d7ff	6b1e6b418952c56be5f9967fc4860a0b
06afd800584013b69acf3ceb8a92dd39	66b19e28801cdb240c8d5b66e82d10c7
06b138e8a6da806e88ac7da2919cef30	9dd4d093b54f6365ffefdab50e5f9acd
06b234d992399a10a26d5be67230a20c	fb5a192498fece73d9116532ef9a0c62
06b238df161c9e24a31890a08bca22df	734951448621e58fe5a40a739e89256f
06b27debc937e605bb3198297d4ccaf1	53b54a93ed3325c5fa42c628c768aa5e
06b3fbd3e0d8f0679e979e88d852089a	4e6b21f1e56f12f6021490e9c3b4dd07
06b4ea25b64b0ea42d68fb06534a7e7b	37254f54aa7bf5a573dd396f06235449
06b6606fd021e9b4412bfc2fc42d7b0a	c7dd27642d1898ed809f6725bdb4fbe7
06b6aecc3400ca0449c6b34efa6b2910	a942b94b148848b45041ea527d5c6eb8
06b6d7b1e7f26c4290413956ada422a2	bc7119c8e0eb9d8e5b73d83101fe8cdb
06bb08c9c8624d8f6d795d1127eebffe	e9714a19087a83b80af823de2ef84c3b
06bfd83d0fba6a831d1f6db32b587d2b	be896d953dd424b4b7c7003ee6b7cbfa
06c4a06f6c791ebcbd2e90f94d898cee	94bc4d569757fee859905e778bdad1f1
06c6e5b5ec743e16bc55089bf42546ad	787f6ad1ffbd280441de840ff63dd01f
06c775a3db8f039e5684629a63398552	af64f41f0f796a252f38c6e678f24a5b
06c9e7d682595a3ea26501bd57bc36a7	07895d4c3b4219aded6eb2aa17b01efa
06cf898b21f50c827248a0f09c1d9b20	8fdbe80023b8d834867ad6b396fe1655
06d2543c151c2478fde159c6dc0424ac	bc6f58f71bc3745fd92b83fa561bcf0e
06d38596ee5a5fd90877de6c04ede06b	9237b8dd7e150d89a1095a81fff644bd
06d65173e592488f8199e9388d4d261c	a339ebfe148816163347c9065e5569ea
06d6f4f8c3ac52d034143eca8d62d1e7	dd4f57c3646457e82f5725690ba7b695
06d7ddacd91c84d9c6be5ace491b410a	71c39b583c3029a0bfe6475f28d3a6db
06d96f79264e9991a5a0a417c401657a	dccfbbbd62a4d06f63b8f00eeb4ca0fe
06dd675f4930318f9a4e68c5737059f7	cfc279ee4e786c4ed4c9fe21e45f49f1
06df09f5ff0b34724a6f43c12560c0b1	7a6b520ac2c14e151675d125f8c8b148
06df75fc09ba7eb9f0ffb8d45aa8edfb	b25daa6d930a2e12295499e2458c5eac
06e03d438c75d06f8df09f2999509749	208b0e1c95d5f986f8958cd6f2afd163
06e13d42320e5c9d06d63abce2e978fe	f94bf0d8adb001be27b8966f69fda01a
06e46ab0acac57a61638cbb741949a98	8b527a300c4223b430f19a31d10ea1e3
06e5233a7d177a4f94b8a05eadb45368	b6353d2f41f9d8354a074a8b38e49368
06e91448c6aacd9086890ea46b4659b0	475ee6eb5006d4d391b404da4bc7cf7a
06e928088bd822602edb83e41ce8dadb	10088cf893a306f3dd1ebb89e3272687
06e997650b24ac5b5f87c1c64f4a5dcb	bde1e6862f2d9f3a38d4097bbb2a7abe
06eca5bfcdc4fbde5715c34c87f9ab75	1e34e4f7caeedcea8281ecff24e9c9c2
06f2da87052cef073227b497fcfcec79	65855a2c349b974ede1e27c1748c5ff8
06f4af23f9bd78087cf965f58487ae6b	14c6b077c022c0b99362fc88fa00ed9d
06f538d7af257560476f9100e36d4445	e4418d035b194c9f26df9624991e0e08
06f692ab71fb031118f4c946556eca52	e91a9450822253443e45ce472b05f235
06fef0b1347542d174e91d14db9e104a	1663b4f4cd064ac37d96d8a41d275812
0700de953ca94b49501cb311542ee5fb	254e5a1315d28fbf74c0574ee9e914dd
0701a1e3481e99b590185bd6a3f8631c	1dbb86bb2286aa6d54c60a97447fa351
0701a5b57f9b37c5fcb77463c8582693	584fa4bbff6105c95f474c5d251df2ff
07022ad84cf8decdf213d2fd2c59fbae	a3f07cc50f63be291038034ecbf383ae
07037b045d5d9dd7d777fa8a3b0366a3	db1649637ad0f0771b4b3686fc09dd3c
0703f9c5516bcc84a0c03e872066523f	e9e6627e614ae980ce960c58beb968fb
0704b6d19c7f53060c2e6b918b955226	b9c047fef16b4333ed4496a8d7f93557
0705e4046a68c2cca4aefb38db7e9c40	f03dc359908a708910179806ff820355
070679b773977c574b9c7b14c7bd923f	82ef26ff5e3ded20df64d9194164f57e
070837da5e4923b6a5f8c0ba0e6ce0e2	7b68321490db1137093e23355b3ad709
0708595c44d0a967151517a03927d87d	e0287fb41c88430f1b899347f3517705
0709175593f5f943e5a793e15ae08395	cc7c295dc0f47a93ec85a816ba832022
070e8e1dc84ee670df55e253450b47a4	dd7306dd2a983aac151668bb0ebae145
070fde310eca4ddf6967896052efcb30	085345741a41340028a9f6c7a108ff77
0712c7bb6ba573f67604efbf64f37656	a3b0c7d2f952a615a714aa9101f4e16d
071e54205d91b7c174af2ca7f686f09b	5b477e0c38aa4295692cd7a01e3cb0f4
072199fed1704b4d1e60b996931c3d6b	4ce6a1bd6449a9d5946c3addc29956d6
072785fd927ff0fd180ce8b9cc00078f	42e5d53eb1a9ce39148f5eb8fa41400a
07284bf15be6d7faa78d4deb46c6b275	40637c7cbcd9fd113b89c4709a75c216
072af700ad0e8957ebbaf2993d850923	e999579fd336ebed8c399a0a0364db6b
072cef48d683bfde42340d0ba84c5b1a	2a6059c267aac339131e1c7808156758
0733ae02d303c907fa2887f9fbb4ff55	3e2f452659a90dcc012a26791810c89b
0737a716930b33a5979d86c1eebd835b	cf5781d26c7dda8bb5f369842acbd688
0739014c268a5a12568d0e641f88ad3c	ed81732bcef78fccf71d23eb06ec15c3
0739de5c877d844ce28f81e00916a884	45611eb7111159d870d342131cad54a8
073a405fde5b5c7434281729f24d8728	3edd29d86c5d64c181818d49a79a0834
073c28dfd3204f4c51e03c297ac841c1	339a7a06d0291b3a67eec500cd2a5d4f
0742147dd68e5410c79a8506a7f54a1d	0d57b881c9506965414f5d5ac65ca064
07434c4f17715737ade130bc6c57cf9d	de215ec809bd3dd115e3670cf7fb7aeb
074394da9029d9c82840091246607065	7febd03d82438c60547b3ccd8849f035
0746ab2982f4d8c28f10df0900857dd5	4d8eef7af05b6f609ab52957c560e306
074dc4fde5af08b45569f981209e8b76	2e0d0ce42b298acb82acfcf4a444ad08
074ff9642153695f0fe804049c743f69	97d9767307194ce8ba1d91549d7706ba
0754e62937ec75e569b8b4122ad77d7d	7dcee00cb63ce9b83d77afce35e77ed7
075c4fe7ae4cef57f1a4c00e58142e23	5fa57c413c5468a4f42ba9d6349bb0ca
075ca0a158690a55b7254d9aaee2e103	23f733594ab065053902375028869e84
075e1eef00500b25ceb5ea4823ccf1b0	f38a74544779f731a73f2f3985a84857
076305ce31dd18724a3de91045800acc	b66b9fc3276ee9a04703a7804ccafb49
07638411f023fe6a4334c53384415f11	da503c5a2b05fa5e05f8c1496ad77065
07682e22f82f9257d44b45777ac06168	4873968a38f7e555a275fc99d74d45c1
076955ba5ecdc2feb4587a8abdbe334b	6fb0d958de41081b922671285fef285a
076ab0a078db7377f3e7cfd6c2aab988	303284f96a61db447f54d048660c1593
076d4d6f83306ee69c35e3c99e30d8f8	f0d2d4f0a99869d940e15e7638e1051b
076d84ee418eb4192d427e34d8829b93	d24ef9b7b35106ad6f63f3b1d392e29b
076fba8945d3a54a06f326474477077d	d6242db09ebc098b58a977693f0e25c4
077942bcf7e284fd504ab832e1fa92b3	3773d800cc28517ee4885ce27077ac29
0779cddacfa34241cdf579cb2370ab8e	e4fd0472853af4fbc3c83a4ddb678a57
0779ed19ae69bf464cce003d1a573246	b13d8a2d48eb88bc0642f036c8290aaa
077a1a0ffd35b0166ac094b64b7de50e	a4d26251c860baa9d9c68e843ad0fc32
077a92393c59108b44554b67217c8d7a	1242cca268f3c68242872f17f098be2d
07851afab30a10e44c8c3a2ae7806177	8ca67c4b2596fdf046c3cb67267d6bcf
0785d79729317f6ff8323ee9b0cf27b5	ce0ec6518d1ad0782e071adc2f0e450b
07896fe3639c24cd24bb032ae19199cc	34cf5779ed925bbd52b45c2e59a8c89b
078f045706cfda160cbe9d1f042df57a	44243afe977b8b2a982eef63b0007705
079052907b863d58dae49e3bf9a89ef3	bd1f1b030b6887a6c266011385f1e301
0793e9607e3293c505b0fa62cbb4258d	940731be2482728dfc2fdfe1173f96bb
0798737b490f0acf01738b9a45f0f2ab	6f76d5abf2b864c68fa014eaebd4f63c
07989235cf5ccffe2feed68ae979364a	aea64222fb5ece2b94947c3e7cbebc16
079b400eede86df1f1ffd6a3c303278b	21b8b2051557b0c9b611d4bae6122658
079b877e6d9da81bd36fc7bf8a812aa2	b07cb1d402aba789c00607765ded5b80
079eca299ac6b96fc9c52995fcbf24a1	209c0d53db2c57b93404eda12c440028
079fec8d04a6ee936227ea90ea0903bf	376aa772b88469d5838f6fe5b7a7588e
07a160f359fe4e472773551d69816e83	e59944ccab0324945f634c3735eb4561
07a27fe792de37e758e3351f270324c2	92ea67ac4444a9ec7a0b03eccd056dda
07a39b7677af6e435341c115ad5772ce	0c05655ad2e07f4a17d65f195ba7455b
07aa35ddde44c01733038e5013b5a6ef	9fa0efe7b0be583c2a27924d864889c2
07ab9b6d4190543591cbb0824588d392	37cd10723ed4f86544fb65d169e758c2
07ac31424ed38f27d6b93195358e3968	a291c1bbbab8179f085f85bb84693546
07aeafc4ee93bb832fa134d4f5971cf6	8d57eb3e95bb804df44d5a1d77de18d2
07b22dd6ccdd07fa12548656c4ea97a6	7864eb809ecd80d17867c620b22d032c
07b46ab6d0c938fee77651dc4b63e1d6	a29431ff92dd183f1a656bc8c6f6e79e
07b476c83150d3cb7e08f5d045e255ab	130589b3a0fa6be6a02cc77829781e96
07b48aebb6cc968704afb001b7a50d8d	21b79643bf45197bff8d1f477beeed5b
07b55eb389b521faf2ea347a14b68938	69cf52d7a595b31d710ff8583b164781
07b6f34060b07d837482bfc3f238b252	2b3a8f1d1af14e6d899b2241dbc38f9d
07b7859003d84402cbb1ebdc37655d55	0aa4fb495ebd3be50a9081faca6669df
07b8a0ca2372125b645a2fa257367ea9	e6e7fd6537becc1566c653efb5d57d5d
07b9e86b020a209bd76474c4db8ab14d	44f50a984a7d96f0293bfd10809a5d3d
07b9f32381ed1420def289ad69994262	89885cc216327ff2c178b8e79f0b3139
07ba380599457b2942af3b7cbb304c7b	d082f83d83fdf338eaa8068a28d66a86
07bbbb292324c8d8baeb232e144349fa	42428ac82dc2748c4c625cb7f2cc64ed
07c0800f4df07db586a51cd724332a65	43c64a845577871962eb24051d845870
07c3cce524e2b85d8315ac4397ef08c4	bba843167f74b12e7f0cac35256982ba
07c50b89d97a55b6e1629999a445a2ba	58023fe250791b51dacfca28825b669d
07c7baadfffe4f343b14dc65a7e62f75	88264705b033b6434d430982f4cc6425
07cb45c60089b9008bf3118591a99bf9	6cdf3a45e5ad22743b78f4c70b58ed48
07cea7a64248a60d509368d09d3057c2	5cf28babe2d5ce8808ce6f93e6566658
07d0f56eb2e603bebdcad7b76235e225	e41c0b7b744ce990a4fb535d4e6d2412
07d2092780df7b212645ddf99edf6e13	29e390de630c14e6c18546579ee2e856
07d20a83feca9295e862a7d583da5971	483684ab154fc8c5303208add2b5d4d0
07d3686b96c09ba65403b55f06c8d36b	0865be07f4de02173396020dc3c26e4f
07d4876685a00c116054d146cb363bb5	cb372774d5c56ac9dc9975d611f633a2
07d889e8690331078d965dd852626e84	23368d5ceffe03a1c5aba1b67ef90e06
07d92f7130beefd10e6100908a6b0fa1	e369a274b2f3046fc620ab51e891ea7b
07d99afd1451385b8f59705370617b80	47d9af65afe546140bebc0276612ee4d
07da51c683e5fa45251fef460cf66c60	06ee2413899356f67f1dc6edfe83ed8c
07dab06913ef55d3a42e207a838c5c37	85cc65dfa3d3af16fbc7c74b3a34ac95
07db5bda1aabc6bf013fd5c22501bda0	87d47af095fac8ed345148abcdbbcc61
07db9248a046677aa28dc35cb46a6ea1	55178a7656650cb96baee2c57db95575
07dd1f9bb66d375229df9f9c45237864	985834fc65b060b6c043a774c4aa0a5a
07dfdde9b1020080213803c0777a04bf	f4b7c19e5aa3819b6a86d2680bcfc5df
07dfe40c43d9bd2f1c45bf06d490188b	e9ffe045e6e78627d965829c172511c1
07dffb6f565305790eb6442b986f1c24	ca93a55422be914f6214b1c4334a00fd
07e064dbe45135dd8b266eea0c0c9b6c	6efa041cfd899906496d45ab06939ab0
07e1e29969e7eddc13877d118187c68e	b3509ccc29df4f2db178c906a9ab4612
07e6413459f92b613498a719125b6239	86717bac31f6742f08dfefaf92a9d9bc
07e851c74295f7ddf472820c0f0164e8	88a19366b8243c778913dd4d0a9246c0
07e94be3f47652c83090dbc7576c74d2	ca3f46e0130ccb9041f3f367c5ae1b1d
07ea88806d406de24635fb1aa9e57389	e03ac934ad2f0158626696fa6582a84d
07eb075757e5ea1d04d3b7ce7b4d9724	44d93a8aa11005ff9aa2dc6f206a30a4
07ec99f550accd7c9f4cd1bccc8692a1	eb59fefe6f87bd83e3b606fcdc5a0291
07ed900724afdd89963eb73ca7b9634f	5fd140661237e7faa1b3a76b7b4af134
07ef18df9dba70fdd92316b51caf7634	dc43a1a378004628bf71fd10c8953e28
07f29d4de0b77c6ef5b0a4d1868bb017	3fffd5108718a4e8962fb595abf0acd9
07f5f3ca046261c3819c5c888ac837e5	f4e0edf4b67c3dd91377936a2edfff18
07fa3fcdf3bfea7d119e5b27c26bb189	f06d80ba57b8c6849bb4f3f92e670bc1
07fc0470c550aa7f7290a9442a3e2a83	056d396a9f582dd3ca1b12978c0b0551
07fc8dc21a3cac260e41353969025eb5	605a25e56c60a5ecb3fb280c374b82de
0802ae5412e1596c92a036b52792eef7	9da8fc08a4f6585398ee2184c2872842
08032add3cca8760e3397cbeaf30fb84	1b8ed66968b0b3d947310e2995eee6ee
08063f5baf6655656a300c946aaaca60	8e2bc312aad0bc1a4a6516da19f7f823
080896c437245ac25eb6d3ad6df12c4f	ea50c22b22ff39896f29d23a2db6aa39
08099b9ad4ef3dbaa6cb53d8f04a9a5e	a6e2e6307f926b171b8b03e4420434b8
080f5cf5606bfb7ebb93501b8e8a10fd	6e98504321e8a956c665fa46b975345c
0810eb03d022334fdd1d5a6ad4969d47	02896ccf10921ed097d68d854287d633
0811f761eee5e4ef28196fd98884a67b	1b927ade60dd3b8ed3a26c90742a86fa
081ed301081776dc61bdcab61b720bd1	ca49413000633331dfffb8be6f67f84d
081eeeb1adf1c1a6c008468703328211	1e7fab5be084cfce751bf1535a04962d
081f111af59344b61346367a930e24f6	d70b07c365b0c45d2bb76e4e92e6196a
081f1d6563c9f40da1854ee2848491df	275d1a6e805ffbd92e2464fcab93d167
0823bc5f954c6366702877556f0d3680	02266bb3fc52609e62a2bee0a09e60ca
0825876c0167b72f69077b744b5c167f	e9f56fb8af31729c72661cfd725720dc
082c9fdbce838d9b18260fa5c4de2f5c	b7845a054d4237078ada0d675d76e1fb
082f609e8e33aabc115e355976bc02a8	cb8727690edfe4cc341547cd9bd5fbc9
08300e286c3380f7e7291ca6a534c97b	9b27c14480b03b05ed7a02afabba46dc
083030713683d8ab8e1d54372f241863	ba455324351c05afeedd835323ff4051
083073b7820982b0bd5e9ff7de0b317d	e85de0d95d4c68bc282de1e0016584a5
0831000a5a9727aa5fa3332df10cdb57	0f3ce0b0c421fbcbefaae6206fbe5652
0832446f790662899f2275ccef2e09fd	fd0fe052481a8e846a6cd5b53a89f36d
0833521b118f61bdf8198940a6fba69a	c5f8e2f7e499887876a727c91a25af1f
08365e3605c71b5363d5da9dbd92dc8d	da9d2fdcfb11b9ddbb30130d89bcc32a
0839f339c62831cc05032b3a63a98385	c6460e849a1f31c638df853be6408f1b
083f5595bbec3402643615940b179ef2	d6676e5cfaee9eb71cbbec326c02835e
083ff60b002cd12c03837d3f5122844f	392dbebe156e7b06c4b13e5c4be4d5aa
0842ae941be93eb229e7cdc000445ff6	4baa1a878306dc188928b00dce07f9d5
0842eb01dc00232edc0b26ccb2f19f25	8a3372efb73693ca0657ecbf9328f003
0845065a19d24f0c11ecad0f117d89b1	bc44bc6f4426cc9ec7c7bbb75fa8465f
08455b2e1e6fda910989f0481a20f1c3	9df5a8c9beca2a64391cd12b1e122b96
0845cac21beb56a1b208735eff6a31dd	6b57aec7d5f252224aad0f878be47fb2
08469bbccc41da0c124d69c61ce7dc58	33c264989bbf332379ebe0517b4531b5
08491a497c1e003292d84347af51ad91	5c7aaa83b581188e921d99054caca725
084b88b00ad7460eca3e5fdb44cf5b42	d757c277d1afb0c35219511604104643
084f6e6da7f9c5125d6f28a044b6225c	2394370106dd84237db8171c25c213f2
084f859b2fa74e16d609c654a6e5fb37	edf46ff5a4bac3e4727fde446154ba1e
0850db65220080c130d2f54005f9e2b3	3cf053ea918c381259c7007a1cd9cfdc
08530caa5c9232f2ffc5163cf79b38e7	7d2cd68d7053f7ed4b370f3bbcc3c7a9
0854ef1b4b1aab957712863ca3bb86ce	d0a081c76242e4dc4730a3d098cbda07
0855033e761d91ae367e867c5a569f9e	e5034d7d4750f731de523a0df6d8e06c
085792654d945c1de700245916f2c7f6	2e0d96e5090ee1845ff428cdea703d49
085b8ebc423dcbd70eceaa04229cf5cd	653a44d6924ee0c23d1fdee941300569
085ede801f42d9729807245a96cf71ab	4071387ce9eaa9fe08ce46c91608bf2a
0861f15a38e3614dcc2220a20ed1e96b	5296253caf06eb7fa1ae807d80e32358
086699aee5d37a1816b5afd81a1607dd	7a78581c92cd63dc4bc9d9f3412d1398
0872cb17a6fd5afd67a85a7ad72ebcd4	95f6a31f43c67e249fc58214eb6d32ec
08746660617e2a41bf03337d181e7719	166d0cda666978b4fe9fe00b45f3a611
0876c518e5653369e20fb1ee0bb8db40	82be9f9d2b5dea2d9e38682bf21b86ef
0877d9fd26eac8b48c93935689338acb	0849dd8cb194086d899c6a8f9d4a0489
087904d57553076d5b9a1607315314ac	21f5b66caadc97140846de33c8485e10
087b4eb050ff793dc58a3d8e67c78928	86603ecc3d9f99e41fe7a64f2b034d7f
087c98d833ae9f5e94593f10f825143b	0cc2490dfdbdafc5d716afd3a95471ea
087d747b5d4c1782d9bf4b8d12001441	8fbe70448f7f621fedaf799d7c40e151
088779a0af750f81050c3eff80b6a83e	86bcf1c5da1dc8bb0597e042cc8816fa
088b4f7d1968efe52c8609027b8ec908	6685fb8a0706075b0faca4e06c1c28e0
088be8f2dd0eafbbf7c27171a83c325f	00fa56bb30f3a44612deedf182304396
088c6214346611341f3b8386aad2a54d	bcac79dfe47f885ac403479878838818
088ffd086f2d5e55553d5e79aa30aaf5	8781a21f0c829cc80d87675fefaac107
089456508f74be2d96f4112cc495f80a	3ef50ba9b87b9403c89440c9dd66987f
089556ebc4280793795053996bae2349	cf836f30cd5f3dcce1b80876b9e81952
08976c104ef1a1efd7b95c7bbb3c3e23	6217872c254d31f1220949a21b4c1611
08991fb6c7c45205df7f2bc2f51fb1d9	63ef76fbb99249799d6ebcd8c928fd9f
089a76488a6965710a5f3743902fd41a	b67b9425962f791c329e225d2c95be60
089c0775c15f15ad5810c69bab91f31d	8332f58193c27e5e78191f5e8cd3b27c
089ec06b35d6d5c89f2e47cf030aff36	4a3fe6f86efdf1e1e83f4f281c425b5f
089f909e37b3ef0c4d90687f7e22b68f	cb0ad81deabfebcbac276ee114bc52dd
089fb3a9b41e13d30852e8b023e39ed7	d811213c4468475f148b79d5fb3ae331
08a0b2a5c263a20e058fe1d98b079a13	8b7fe5149f18610ada378604ed7da6c1
08a25022c4136f2ceb36db62ce3503bb	2b650e3b94239ad50f3439bdcdc32f5a
