ID	k	max_iters	wlhyphash
00063d88244921d6ec46aeab6866a8e2	1	10	9d89da2e70d34166
00072cf107ae1349c8c59a15c5ce4af1	1	10	d1bd1e541cfad647
00076733bdbce94d7e44eca84f1425f0	1	10	692fd3392daa14a0
000781b7a545fe723159e53127aff659	1	10	5858de83fb60d564
000a41cdca43be89ed62ea3abf2d0b64	1	10	9e621c2273ac7c00
000e4e0db67e27083649c20a2a3f761b	1	10	c1f687b6160ab7cc
00107d84f57e2371476a7b2cabe0b351	1	10	0aa3bb839a4b25b0
001304ba2e4e8adbd179aa3d8acb697b	1	10	6e1c0cf652a3a78c
001344c9b3cb1626af1c7c35155cf26a	1	10	b90e2f49d3803d99
0020aa0c69379226948904ad455b6c09	1	10	3b1657971da166c1
00213e27dabcf679205144f3dde5d37e	1	10	c74170d3e7a911af
0022f125b13bd7ccc91e793431c67a52	1	10	de17f302971d3eae
0025a06f00f6e467f7cf4ef9e649b2a7	1	10	0f0b080e0f4c5464
00260e67c792062bc3e10e6b94522101	1	10	93555713cbff616f
0026aaf8bbf2df73cb5db34a7b7a7a04	1	10	382bfb730edab898
00274d0721d26f867b2573377712cac9	1	10	d815f2d534bc6ad9
00275f3018d50ba38867268739dfc44f	1	10	0dca5022d1cfc8ac
002a0330958a14deb23dcc84b5489e8a	1	10	d48cfafbcd8fa1c5
002bed2572e6e326815e674f288de8b4	1	10	5026e9780d2010ee
003154fc91d34d29ec5cf93b0bc32143	1	10	6de793546d0aa5b2
00316e383123773ae35d3210f5396205	1	10	5ec2205895e0a7a2
0033baadbd48d3f880e9b5a733bd4950	1	10	53a8a158a185bbd0
0035666407d4ccb5082630045d60a5fe	1	10	2661df11f2ffe342
0038cea06eae4c3234b7bb65d9a8497c	1	10	6c5158e26617ea98
003a77d2aa15a5f93aa2cfe79b986c9e	1	10	63bfcfe73076897d
003de2086be59a5fb7a7aaad0992cf47	1	10	eb63880d3f7d7515
003deabca05a76f3ee449221a80d8b62	1	10	6210412802100168
0041051c73dcdd885d412a38e8b09fba	1	10	3cb0cb960dcb0d10
0041f01bcd7d0d1f9541cea6da79ad57	1	10	ef2b2f2ce7c72313
0042a627dfba7daa62d6ce175540c8a2	1	10	05d03350160e5213
0043cfdde474fa37dfeb5ce5952d22f6	1	10	d431e83f603c8dcf
0049919cdf9556bfda5bb365af72414c	1	10	75d4e09fd40dfb89
004b0f451f7d96f6a572e9e76360f51a	1	10	da9b34e420c4c400
005093e294b0ed0f7b23f341ff68968b	1	10	b42e2f133dc3da0c
00547b9476397463c8220560aeeea086	1	10	d916394631dfa99d
005522cf558f9b77ed345a289384e191	1	10	3cba61bbea014ebf
00597fb425e994af7a9d224ef4d09fc4	1	10	ded2ed1862199ee2
0059d4b1cf79efbc6e6ed50caee0448e	1	10	869c4c0a824e953b
005ccb378ced61c02105ed7ee0a62038	1	10	88a0434dd9681827
005d76c0f37b33d8b752f7ebdd157a99	1	10	07d3ab0b1835ef61
00613b57720df18bec8d8dc68dc57a7b	1	10	07a1cca7dddadf93
006282ac3d0013b911249d14c326f53d	1	10	7e79b5c55fccd4ba
0062dc10471119b9e13da682216b190f	1	10	56166b87d5560ad6
0064aa2e16c9d4b18d32a45d3073fce9	1	10	efb6b8bb19903d17
0067d012901f358831afb6d6e5f83767	1	10	a1fda584ccf18c16
006be0fb3ae0a75aac0e386c2e6c4669	1	10	f7df5cf41fd236eb
006c57c6c09a6e4a4402f1dd264cab15	1	10	d8cef45a780c42a6
006cc1f4e081e7fd96a50a2171792f21	1	10	359e176f939f219f
006da0e3f4ad5b1ecd3651e66dbea36d	1	10	f0685d7bb5238864
006dcf7e3d0fa7c39b0f542ad0ec949e	1	10	NA
006e293dfc476b21c246b963c6eb16b7	1	10	25e691b383d6c1b4
0071b624d91ebe408b0585f8c4e34fd9	1	10	ee6a3f2cd719267d
0072b0ce5c4ab8386763d10ef88f636e	1	10	f3ab3e3a0060ea77
0072b38614d34eb3c6ffc36aef13ee3a	1	10	751e9df2a3179d39
00784e1e1a9ae772aae7f33c1fa5fbe2	1	10	998383920c60b7c1
00847fca81490df01b9e239fd6027378	1	10	31ff608632a916b8
0085c7242003811caf4b7eff64022e55	1	10	d8221075eaf928f3
008d1f79eec2b7712637e48aec7a63cd	1	10	d5f63868df583919
008d78352c3d630340e6a3ef0d7242d7	1	10	9c3b212d64ffe525
008e7716c69009090ff6bd0048dc55f8	1	10	3fe9cbe1d0a22d7e
008fa3f37db9759dee825665e78e2e80	1	10	0e3862b186bdd1fe
0091ac9434f528a4007d82d2443d2dc9	1	10	1b851a5f890f6693
0092f19206d4641caaa3a638914bee3f	1	10	33c573d2574470ef
0094d44002500c187e3c2d07a13bee7c	1	10	9e3f04d6e3209f5a
009a4a6c23299b864508393ee726625a	1	10	8d85b1d38551b9ed
00a1604721e43896a93b5329e5b38af4	1	10	d592d493fbfeb4de
00a30fb1c0150fe3d6692afd2b220887	1	10	0ca2c5343e042a37
00a62eb89afbf27e1addf8f5c437da9b	1	10	52e38304b110f611
00a981f385cd209d41e1efa1f5f29bac	1	10	b1a6b4e00ec0af84
00ae4072f9b57d5d3cfe8919aff1b776	1	10	9140a143899556bf
00aec3b2e38968bf8a922709e2acfccd	1	10	506e829d5167a566
00aefd1fc30c425075166ca051e57218	1	10	NA
00b1c27aee52d6dd9e112fa55d4cc1ca	1	10	aa43d993e2a03534
00b46ace235e3915a439c77a231a5657	1	10	65276afdeb9dbfed
00b9b467c26540853360491401da61a5	1	10	c90bc58e45d8a8c7
00bb0b4ef28ed38c49de4c54b9fabc4d	1	10	1e3b35c4a6d195c3
00bbdbb1bc700e4c4ceb0d6e86e33c23	1	10	dff3ad32ca4ae8a7
00be4c67683c8edeca138279e13942cb	1	10	38d9904e7c3ea629
00be590675417eba2bb2585790ac392d	1	10	fac72a09d2852db3
00c4c1dfa04e7cd8b7abc80a4a4f7153	1	10	16f816e5ce5ee869
00d0eef039aa1f9cf1cf2647a58fe313	1	10	cbb078c981a112bd
00d1fe07ab948b348bb3fb423b1ef40d	1	10	fa36a192d8e04be5
00d239e486137a4f7264adb4fb57d5ae	1	10	134d44e7cddcca74
00d25e6106c5c09bb5d8d0f7eae7385a	1	10	7df33421c2592b8c
00d3338cd6cdfa099ff29f036c77d93d	1	10	d3e638f25b63a33f
00d41fe5805aef9e2e3b63e1d9497edf	1	10	baff8eb7fa0c1907
00d46b1518fddf95bc8ba424e1b5b77d	1	10	ac843f1f494598bf
00d5f0932042a96518b03e6fd2feaf48	1	10	fae9b994586caf82
00d74259dcca2176f1cd561f52bc0326	1	10	7c226ad058f4ee79
00df199d465391a52fc37b87f81a957f	1	10	38dcb24edf4710c1
00e010712b854966aa56caf9c9dc4696	1	10	9b4b200e010434d4
00e1e5a05ed04bcb437bd7fc57a88b7f	1	10	0853b4b156cf7915
00e289099ea9bcef6a056a8c8ba8a3c0	1	10	2d06553d3018012e
00e32767bee1894beb0b71867f279d36	1	10	49a268e0d7ea27d3
00e45ab8a1baf16155af6e59c3df5dbb	1	10	e4f468aaa0c20917
00e5aac4701e62ae50c9f1504057fce8	1	10	e5157f1751b3a67c
00e974264f8f9048b68c983f36643115	1	10	282af2c78d27a467
00ec2992d59f85705eb8e1f4f1e01b3d	1	10	8fb227c702d7a456
00ecd19c442956ff9a22584fd9bf439e	1	10	7ad51129dcc97ab5
00ee79ac35e86f955a633d339777cfd5	1	10	e108c92b5b8b8ee7
00f122e0bb11a9bf197002715699e204	1	10	814e71fe4c08fd11
00f2eb377986e7decbc863931680a3b2	1	10	13edb324e820059d
00f4aca773e5675f35263dcd46b15bde	1	10	3cad41670d26ddaa
00f88a15e12e7b364077c33125a35547	1	10	8100b7b8d4b5cb69
00f969737ba4338bd233cd3ed249bd55	1	10	b70c769cee09a523
00fefbd32304db604a87910d187e8365	1	10	NA
0101d013a916d903e8e618d7db1edbb3	1	10	660093fcc66fd39c
01077fa04638a98befd66bff16f4accd	1	10	8de94658ce542ea2
01079ada0aa5a4f3bf4bb131b807eb38	1	10	ec2bf0aac45a772d
0107da33f8475f96dcaa3bd57e3cfb0f	1	10	f4f8a742c5ec8330
0107f34364dfff8ab062193b2c71b4de	1	10	dc13a2dae103c2fa
01092687660de604975b7e75932607b7	1	10	eb446b95246261d2
010a035bfd273b17438896d04f47b4be	1	10	NA
010c2e0ca6399116d206100ca14aa880	1	10	256e3109bf222e13
010c9d7a6e9e6cac63f110915d9dd56e	1	10	d9010fd17cc35b59
010eb724ccc815100d40bcc948f9c598	1	10	42aaa08998678e1d
01135f7a79d555bd0406f00fac22cbe2	1	10	8460cec3122fe489
01136f74588604a67b5e5950a2525129	1	10	66ad8eeb84b3d97c
0113bc2aba73927ba3828baab15fb8c6	1	10	2adb989ee637b4d3
0114ad337fee86dfb02871d8a971b130	1	10	4b808edda9aded0d
0119a8fe54c110d927344cd950a43671	1	10	8cdf041cac7a51a1
01209700b6b45ca5fda7fbcb17765db1	1	10	37abf7953841893a
0121f7a2adac25bb3f01fb841fdce55f	1	10	80ab7191fc1c1fbf
01225987412b6f8423cc68be93385f6e	1	10	6d0cd515123f7a27
01243b47967a3d012ea22e993355c833	1	10	1ea48b28e590a20e
012a40c3c94a3f1701efa5e73611529c	1	10	ba365549e036ab02
012e56e8b23c29cb222b64bdeb523409	1	10	cff3d6b7324a45bd
01363e6edd7b668dcd8706534c4e1f4f	1	10	b0d7b161181e3678
0136adb99bdca756b28f8aca2bf8a1b3	1	10	566cfe0e8060f662
013a51ccada51812061ed2d6504e23a5	1	10	a3c1a747d73efc54
013eb6c4963e5a4724c4b34599f0bb64	1	10	aa167221a82b8ed6
013ed5a359706d5bc4ce7e2dac38bad8	1	10	864d080e9a4a261b
0141b82b3d2a411d8c2168119e2d7452	1	10	95003a9c079f0eab
014a36afe8dfc0c7cd6098f66fb8756a	1	10	9e145b40f68ec748
014eb73b695be1a41c61e15ca919f0f8	1	10	7f42738d87fba505
0151782431fa0ec1f855523721c52682	1	10	f6d00c5736ee940c
0151bedac526ee195bc52e4134cd80e7	1	10	bcf5f462fa3075ca
0151ced92d88d7b46424ccf1d26d7716	1	10	77afdcaab5a070a8
0152ba35c2942027426ebe4a074f5fdf	1	10	a2a1095396d72500
0152d286cde406747d179c36a95c2fdc	1	10	4b7d309b7bed084f
0154182ac2508df34a7bf7120a368e70	1	10	80927fdf7267451b
015a78f0b46546a98970be8f3101443c	1	10	fb0e903ac8399a93
015a8c86d53869abb26f9dbe4a5f1e54	1	10	33899ce1e9c634d0
01653db16d6cedc27f5314d680efc055	1	10	eed83e33a75c0e97
01657386753a1369dd286a3fee9062e4	1	10	eb07736e7c41a9e1
01665130994f549bc94ea4b1e91111cd	1	10	d29f2e5bf43d23fd
0167ead7da1e981805564ca981f64bea	1	10	b2da1b8a47cc319d
016ad2dcc5ac2bb3eb555f2a8a6e412b	1	10	528e160c648d2086
016c52d4105ea384ade3644ab71415c4	1	10	0f7acf93c17b6ec4
016fa607917cff1ece5bd5c624a49491	1	10	11ef5908d49c1bae
0174593b6652936010405e3f4b6799c1	1	10	20dd1e07b2e20d58
0176764afff2ea9f16a90fec9a516ed2	1	10	NA
0177419016ca9d3abad0c15998bdf72f	1	10	337336934729d794
01796eb1fc5b82e2d36e60dacb631250	1	10	c84d727c09b7e64d
017ba03ed108f492c9293c7c95e5cae9	1	10	ae5c0254d8945727
017bba0f995e6d9921253e5a59521435	1	10	9b066926a388fc3e
017d217fc0568c83c47f2c35bb685481	1	10	c3857ce9533993c7
017fe0fa773f3213acb3fc70d12a0d5f	1	10	8062e297b3fd5f3b
01813075a2ddb68ae1fc655ca003437e	1	10	215ea9de73d73950
01843a0195183ca14246a88bf7bad482	1	10	2bdd65a51a271f8f
0184fc46a3e15163bf4f114a2689fe5c	1	10	cd4ff85dc7915f4e
018b45eea6e1db3dc076ce5650c1b33a	1	10	70057c9367b9e020
018baa8023b064875f9459bb4b164239	1	10	892ad6a82f5bc7dc
018e0d55855905e9914c4c1af52eea55	1	10	00e82f4ac2ba8f0d
019044d2c20a2f868da3325a8392ae49	1	10	a8094cada8958c06
0191a0bf3412ed407ba669f8d69081ee	1	10	e23431d9455eb06c
019312023ae44dd892cd3f62550aea6e	1	10	27b052fb62f40836
01933666e24a4fcb6240ce46b6160380	1	10	ea3c6fb3c2736620
0193bb2b5b7c07ad179001c34a885f6c	1	10	ed9554341608e745
01943b1d6f8e65a44e99f97da3236241	1	10	e9f3dd6bcdc310dc
0194a15658e15953f779d436681f1199	1	10	c9a1228b84f1cc2b
01950351dd73990085d75e125b1551de	1	10	cf38df22a3ab7038
0195cb8a6b36b6e6fe6b23365828e198	1	10	4dfeff26e99003d6
01966a0fc52b2200a13f5f835275a919	1	10	ba37928347fc6f6f
01979ca4966cc363ec3caeebd8d3fc31	1	10	40fa08e76d139096
019dc69c96737c3d62696c9acf3edf1b	1	10	NA
01a160920ac2891c97339805cb3093b1	1	10	efa03395cc650fbb
01a2e098e96522a52a76c783a5b0b587	1	10	df4b732f7c3973d2
01a74343f618546e9ad2a60849140317	1	10	NA
01a7a38902771cf5e7f37b7e0275b0fb	1	10	bd9208033eed3f4c
01a82297e8d8f68eeeb26329d1bf26c2	1	10	eb7c5554dc2a9727
01af042093bf36119811b6e658e7a231	1	10	d3d39f0d909d600c
01b105afb0dcb7a28cfe775c98b6ee00	1	10	11047a6c87add7fb
01b4cb9b343aef8334f5d22e4d8f0380	1	10	2df2c77133e40997
01bc467c0134087a88cb308e5fb259ec	1	10	9cf579b18565cf43
01bc4d75a43a8293132d0be627341207	1	10	7386ec8aff3acd96
01bd0865ab694bc71d80b7d285d5777d	1	10	8c5918c3f1c4b023
01c09bcfbd1f9c2cf781d37abdfc7473	1	10	b4ad67e56b30f7a3
01c48559d4870a5f3216291060fbeb39	1	10	9158436f5f0b52e0
01c64036a1e08f96e79e92d72cb8626c	1	10	5056b51479c9b90f
01cced75cb378574bc849f76e909c94f	1	10	66fee5049e14f612
01cf0326d2ab46b71fe4e2eac97b2b18	1	10	c55f683c8c1796b0
01d037bf22a943430790eedd667f415e	1	10	dd4728a60832bdc6
01d12e6a44b845def1455663b490d7cc	1	10	70181b1db9d0b88a
01d142c43f3ce9a8c5ef7a1ecdbb6cba	1	10	085de2d984551b62
01d494c2afa4960a236bf8412e2bd08a	1	10	7af05ab249c44cfb
01d55a3ba267f6b2a2911c9239f2bd31	1	10	a1bed2e9eca65e0e
01d7029fd605b0f8aa31ce2260b9f874	1	10	045fa00c849364be
01da0d23a7273b00c0252c1ca964444f	1	10	c7c461d041d1e9d0
01db0170c4c634550cc710a645093cfb	1	10	647c20abd9387997
01dd5feb463fa80f73809718f6ff735b	1	10	6edf1b13622fc83a
01df60e0a1690421fa6d8e73358af751	1	10	fdd21a5ad94b149d
01e407c1be777e7a6bff6f69c871191e	1	10	b4dbf78caeead1c6
01e457295031b531787c8f092a9487f1	1	10	e1f5ab3b63da5354
01e460fb1710367a663ab3f7274270db	1	10	4740d91c67282eb1
01e6b02d61a5105f4cc4d1275e4ee626	1	10	2c08e50fef0b4ec8
01e7e51d745a9ffd5d8c0d4be157a6ea	1	10	764966a5b1eb4986
01efd93e498fa0aa8b15a225c0222824	1	10	46caa43f4f631729
01f6f378126fba702bfdca976b9ae406	1	10	c71ffc9fa415d2a8
01fb606163f23f52d676aa4f46b4381a	1	10	d354d2758dcee76a
02009b14e291072e12a5b27dffdf5a7b	1	10	4e20218bc5b589dd
0202cc5d16223bceb61e66cc4d7168f7	1	10	2bebbfbf996c7db7
0202d973562cc1efd380b93faf711df3	1	10	ed452837eec5d553
02039a75cd47093fce9f1af3ab61a5e8	1	10	91c19ce20e51a633
0205c97b33f228ca830b36156eae9bc9	1	10	52136359907157df
0205e0724a8a912dde9ad7dfba2aee0b	1	10	199fae6b13e1e3ce
02066c116dbacc40ec5cca2067db26c0	1	10	f42448e1b4ca8033
020bb8e3ad83c3e377648b6103c6fb4a	1	10	2111d737b9c26162
020c63aa1ae5c6fe7aeb8e2fbef99a3c	1	10	NA
021331d523ad3092616ff99cf0c6c355	1	10	10cc0adab38438ae
021686368317a35103f1f671f783d958	1	10	NA
0216f9d35f2b695b904fffb312e3e611	1	10	b123b4c744772a7d
02189c82c0395b9968ecb32895bc73c2	1	10	8c687c9d430489eb
02197ec055ea06c347bf1c6ceb6facf7	1	10	fc3073bb282cd31b
02223564bd2f5c20768e63cf28c785e3	1	10	e247e65e3dd3c96d
02257f12aa71e6622d2bf4d0f7111ebf	1	10	a4db4ad64215cd0b
0225fa9581c622e5abbc8497a97edf4e	1	10	a9b0da3e51476b59
0227c865edaeda75e13eea36d57b7eed	1	10	9e96322bbce5fcac
022b841952d37f0d6a0d050c9b4b0071	1	10	ac572ab336ef412c
022d902dc901cc9dbcb9e9af8b6728e2	1	10	e99b6b6a54cdb235
022d99ed11a6bbad03a8d07be558411b	1	10	826cccec14c9cbc5
022dc7e9935f3570c088db58bd84b2c6	1	10	f00361e3b0461b42
022e05157f3057a9888a85eb94a26d3a	1	10	c947c43e9b4610e8
022fd6b1d5a66e11de5fdb58d51db99c	1	10	b74e967db4f6717e
0230774d18baa0fb8e3267dcac0014f3	1	10	e92eae689851e031
0232a4f59601e7a78fa29e06d5091764	1	10	1acf3c19b634b6b9
02393be00525d205cbe0b6ca8ed22f48	1	10	fb8c30dc72c31264
023e522c9160d4d1584c5ce1a6ce48d1	1	10	254047c07e945ac4
02404a08ea36dd43362bbddc578c839d	1	10	28eea27fdc13f5ea
0240f5bddc39ad2f0a786c811fc434a8	1	10	5016422244e54984
0241f35c5752768d2b0580533d143a14	1	10	4a89cdf278213e59
0246c609c3a0f893028313b2291dac7c	1	10	8a4a6dfea848887c
024750eb1d45dbe3c081ff3372fff5be	1	10	5f457b6a8a8fa5d0
024af9416f8c1dad1b4f974757e38d51	1	10	7a96312919071d56
024bff5f92c610e530b3756f2ccb037d	1	10	7593c80c9e51ebd9
024d71cebfe2f5c3b574e2482b2c7b66	1	10	be3f25c8dc8a8444
024ea469a7c368eadf441544cae9f90c	1	10	5af0a36aea487bc9
02505bcdae17368b0b44efe673160eda	1	10	211b194c2f7079cc
0257941d88a81ef2839a94587d03e87f	1	10	a0d5e3cff3894a4c
025890af6c6f91ea4e405dbccab6be90	1	10	NA
025b05bcc900fa8e2675ba23c6e6d454	1	10	d5b303befbbfba45
025b4355cf82995a0c901b109bb2be55	1	10	57c088cd7994d05d
025fe6b9b2e74c53011badb9f2c79976	1	10	4e501dbb9b2d92f2
02609dfe236c0c2beeac79e61cbe6151	1	10	5c7c4b3e2ea5b1f0
0261b44c278c36459061c368aa00575a	1	10	d99881664673bfaa
02627689047d06fbb642eef14768d751	1	10	f389235f8fa1ad79
0262e0507796703aeed95b8eb6346828	1	10	6742c782e663556b
0265448c232e3a25aa5bcd29b1b14567	1	10	c73039b62c229871
026697efcbda72c2263c11b12cd22677	1	10	419b8743b8ef20ba
026c28cff76457b2fa8eba99520a0f9a	1	10	f766cf53c9f03b7e
026d5d5889dc62956ad30fa3a6ed61e4	1	10	f2e3292ef8a1cbf3
0272edf70e38a36b32b924ceb16c7156	1	10	ae4e74114316a021
027330866147a897c5c9b5d4d47d28cb	1	10	4428c35c30a4c454
0275407378707ad9eed2f8b30386a789	1	10	b66f270678910f59
027761d107a7927810afd569bfd81a4e	1	10	ac208b95927753be
0278eee117c3821771e2d18d710a89ad	1	10	d1edc347e82d5a40
027b35979bc619b89cad395d958b3270	1	10	4ffe5efa3c481038
027dd75e80e8fd4374ed8eec187f956a	1	10	ffa9dfc737c395bc
0286e90d6f0176c6f49ca4b6d0c08dff	1	10	0facf1a9d5176731
028d0cc7af63e9bba5795f20e24db4f6	1	10	58b9539479ae9427
028d1cef617dc62904ce9a7718081d4b	1	10	9f0ea1f39792ae3c
0291268a34c2d681dbed04f2c169fa9f	1	10	NA
0294158664d9ada36bd23fbb652cb823	1	10	2cffdc2074fc8994
029769d31380aed4e9915d27c73d18d6	1	10	682cac0e87ddf153
0297c2a35f116ffd5382aea5b421e6df	1	10	2af61969f234f478
0299da6b2088736e46a6ebf067804596	1	10	9ccd5dbdd4986645
029a78f54a28bab5de0ac9ea07823e74	1	10	8b46dd90c3045d15
029cf5345cbde37e75d11fe7c9f07ded	1	10	d5f59e614acb74fe
029ef821bff942b1be483e35b4256d79	1	10	NA
029f943a34e4b12fa59c6a3664e481bb	1	10	6565d6c6f39dab58
02a5d44d0559dc046e591dd8c10f2c10	1	10	eccf788b45f66edf
02aa8df7d5f231c1fa8c138bf71881b8	1	10	309f08db53b95b6c
02aab5b634bc3b1de8567a15f468dd53	1	10	9b74d450a2a192a9
02abb73bd8e7095a9f18f82d8239eb97	1	10	44e33f092c7b2631
02ad1665470545464a4d28a0d4b94570	1	10	5f52eb87ce4128c4
02ad294c09a41578dac649a64b6aadd6	1	10	3b7c473e78022995
02ae49a7f45355f52f90208a8ba5164d	1	10	1b31a312ca460cf8
02ae8832f0c2821eef1e72d3df540a22	1	10	6bc5fb312cf624a2
02b0ba33fc854c843c151f951be44010	1	10	e9bea4150fc7acee
02b385a378c232c0671c7ccae533ddfb	1	10	9cd8973e6a681afe
02b3ef3c69fd77ed8ef830f4256b0022	1	10	e8aa3f578791c9bd
02b60dfe8004125530bfd1b4d055dc6b	1	10	e80db114e85ec596
02b69d0e5c2b68d5c3d650164b6c277d	1	10	11a8f228befea176
02bc149bbe801807912f651c7bad3e74	1	10	d97ed943eac61d18
02c18b0862662b066404f55c815e459b	1	10	d31c9cdc41e02f70
02c1c6307289afd9f6ac81979b251df2	1	10	52a82698d8843731
02c1d1c6fb0c6558032f7b5f115702cf	1	10	28d4d358696672e6
02c23ebafea72bcb7135ab806aa3e1a6	1	10	bcbe2e45a515ddc9
02c3dfc0e9c16c69a66b5b7412e512ef	1	10	6554af834b16953c
02c3f1d24074cba45a64d0b4b5aa0238	1	10	628cd7041d79baa8
02c6fe8483e4f4474b7ac9731772535d	1	10	NA
02cba4bd89eb7ecbf0f063c4c4fef7d6	1	10	7d05489b75556321
02ce47de081045ece3d651b805235346	1	10	fafecf454771ef88
02cf287a41c2cc7a79c682495df002d4	1	10	03c5e275dc3b5413
02cf500db31aa951989bf4947d9165e5	1	10	1f4748a553494143
02cfa5a71b5c89a1b10b5f5a5221ed05	1	10	NA
02cff9bea08ed95b701d23e743e2ce13	1	10	842c2888df124709
02d15c71f00ba4808c8efff0ed6d71ce	1	10	782139d4fb9af9cf
02d4f72ae5dd9be8edcd3bff7e63f8ad	1	10	f6d8258163f4f748
02d8847ee38504792705d794eb93e9a7	1	10	c9b8b08d2c5d4a21
02d8ce98d8be14b6cb115dd4752d7c09	1	10	b05c132f4b193d78
02da8e9305ee7b4ad33c348f46afebea	1	10	881a3942104988d5
02de69784e1bd36ed3ac1a0a7371fad0	1	10	d7eea0aa5bd86be2
02e336c79a69ddf2e868232321abd154	1	10	0e8e6ffbf11bd1b2
02e4f23ed59566d343b605dc2cc30a01	1	10	NA
02e781d6f1761a8135a599de8c34bc88	1	10	84d6bf002b8ea44a
02ee4550987a8545d00d0ad14d4b215c	1	10	61bfb4b0a73454bb
02eef920cd1aab9ef3492fe27bf515c4	1	10	685af1b4fd1e8cf5
02eff2cc9db1e6abe53e55e9e3f5277f	1	10	d044e318f429fd7c
02f019f0a4040c0f9b52cd910997a362	1	10	0685fb9abffaa552
02f2343e32f9070f149708d77556b4aa	1	10	NA
02f3a178829aa3838b2ad9a14f986913	1	10	73f24a60366e23d9
02f3e7cd5ffb56be6f619896a40fd628	1	10	7fcfa230ca26223d
02f6ca52f1ada872d82035088701b66a	1	10	NA
02fe323166b147f507e045f04062854d	1	10	afcf0d0c2c2028d2
02ff9a8d99be52af14523c433e6caff4	1	10	acd330b11c1019ab
0300d80a6c897c389a07ee4bcf3e926c	1	10	2d2d4d6703c1da68
03041657b7177746724b819433c83b20	1	10	81fab122e5336e12
03083b81684212efcf3f415df0127130	1	10	e47a8ac61dd79e5b
0309535f129965796de4193e1605bfa9	1	10	55b2196679dc4719
0309ea422084568c2b4df13b32094380	1	10	ac137290758e6002
030ae49b1ccd2bdce8a35ae95997bdca	1	10	86d8935a138204e3
030f36e3ef0e56533706d6c1b4fd31e1	1	10	c5071201bda8c553
0313ef9736992ac0bef42713aedf8a1f	1	10	40184b9e1277fe80
0316093cadcfd18a4e30b7974e62fecd	1	10	NA
031757c0a6797eddf3e84bcefbbdb753	1	10	NA
031a9d2143b30c6682f1f8fe23526804	1	10	a52370dce1b953b6
031c116d206f65d7c267d30108cd00a0	1	10	4fe7f741660dbabd
031c99d72be38eedacc8b402784e9821	1	10	7470bd546731a368
031daf860acbce867db7559c74bb1c60	1	10	997fe8da55d67c6a
031f2533749fafff58983d342f8c7ee3	1	10	7d2a750b5e29a0cc
0320af21bba8b8cd940a95277377803d	1	10	60570672798279c7
032117a0ac42531420174f9b1234b6de	1	10	1f344454a455d178
0321654854668173ef9983b879622722	1	10	598b79dce8670640
032172c44f98289cf10e06ffeaf7745b	1	10	a4ca4e9e27d6f75c
0325f5bdfff16d1756f786bfdccd2d26	1	10	2e5bfb9a3418701d
0327aa4bd6b07b94d14e53efc57d0d00	1	10	43bf01b3dc5d46d0
032941f5f28c9ac53fa1c80d35f3206f	1	10	NA
03332c1d032fcd09f91254199387215a	1	10	dc88c1bb59138ffe
033560dbd1b4d3545b4b40ef90aaaa29	1	10	fd8076d42b92d134
0336f81b60baac5b8f481dd3c32861a5	1	10	b441e533014df678
033743e540b7f6e2114a3e6981558795	1	10	c84821e9e01b2889
03385e315b37cbb189ab45f90acf5af0	1	10	1498d3461933453d
033b0be3724bb9a94ffbce3d0901db59	1	10	25c65084aa44ba58
033bdaf71d51a1645014a54ea614312f	1	10	39ac489f4de99a55
033d611722714d5206cc0184479e92e2	1	10	93025c7f1e7d8119
033f38da07bdbbad4763eaf1fe97ce37	1	10	68262edd02804e18
034619cf0ad20017ed9dd5f88caacae6	1	10	14fdde7befcab284
0346be00d2d7d3393d134d8be1138c45	1	10	1f35eba8a660f460
03475e329b9fbc8246a09a4f888f9023	1	10	NA
0350d0a0f0922b1184d3183ae3d58f4b	1	10	58ee5985952aa841
0358188e041daccdd2fad07e1188f28c	1	10	dce3333bbed9093e
0359596347daa117da50950748bc06d1	1	10	6e05b175800a9216
035c200bbf0a783e4ec9656cfa9b2f68	1	10	2690387fc3fd8829
035c23ef8339c6d16ecd45601af8a589	1	10	a5c2e05ce610aad4
036126151ea302c37e340f6552777678	1	10	15fde020020a67d7
03645a35cda06bab02dd280017fa8c3f	1	10	29d27f63614a49fe
0365db8065a89550e1ba73d86ec48cc2	1	10	e095636e44c491de
0369497a41c3914b796cb81e64dd2e55	1	10	NA
0369d8788498fe92e8337f326a929367	1	10	ab469c271d4a5bcb
036b541db9d0839b0591d408ff4f77ae	1	10	ac3068026b1a9fb0
036bb9f40335cf9c6bb167e8c3703926	1	10	ee9eba1b390f5b2a
036bbc647cdc27d4ca455cd3cf311262	1	10	7544acd1de5d6087
037030471a83c04cf17c7cdbc8236e83	1	10	be9cd9c7be2cdcd2
0379936c75c225f1a9a113762b019da6	1	10	3795ebb79e41d078
037a2d470c1c9727d55d5d947dd8394c	1	10	f7231be80cf90a11
037a652d6e4bea27881073be25176934	1	10	0f17e2cafb55dbbd
037c423f56548082b1935e88c48ffdda	1	10	acb904083481d18a
037cdc23d5ce303ee466680f4fdfe1fc	1	10	f03e342246751a41
037d21e060a2e3eab8b080aa84ceee75	1	10	a03f7449ad12bea6
0380d80ca292251e5afcf16c65707eb5	1	10	91aab641bbc7c4b7
0381d8662f1fbc50581c54921a178b0a	1	10	c30b5068a60d4697
03873e44115e30db6c3ccc2941c14101	1	10	95b5f9e7b4a0e430
0389d1800e05f1ef2e60e640b86279d9	1	10	85a762c4dff0a32d
038b307ca27d32bbf2535bc7fbae82b3	1	10	bac6ea7340d266bd
0391a7be47a1d4f1bf2180cffea667b1	1	10	d154e50fa4c8d4d8
039378621dce8907fe5286ce965cce5c	1	10	NA
0393ff33cb3cade4b83e0b5bd60996a4	1	10	67075abcae8f9bd4
03942ae21753e7dead072ab1f6c1c3b1	1	10	b51721a73d7b382e
03980ada4055f6198fcd7ee52bb220f1	1	10	32257de683bb8a20
0398e6b20de133ba8b49c74b67dad7b7	1	10	0ae8a78f1fd7ad90
039b45f4a3979c9176b115bb8e88342f	1	10	44f4db654ffabf66
039c2bf64eab47d423b7740f3863bc49	1	10	7e73497b3e9aa2cb
039d09672019a346c710ba7d49c4f91b	1	10	536437dc86dad51b
039f5e361b0d24319e37e08dbc07e50d	1	10	7f7243955d2d494f
03a1a18521814692f56a8ecbea0031d4	1	10	43f1334ee9c4282f
03a1ada3e778fcec8a7ee0c9e685d4be	1	10	0fabed59ba8288b9
03a43a7ea55217f53542ed3f029963af	1	10	0270e6b0188d8094
03a4cfbba1ef7eafe2b4f01e444c411f	1	10	4662381b64705534
03a6f26e998c764c46c97dd9778036a1	1	10	d8840e1788a390bf
03ae7447931228f49a3eec4f2f8fe9a9	1	10	7ac021c30c32cd4b
03b08ff6f932aa7c6597059061c5fc6c	1	10	40fbd0547c125715
03b0e7b608a5f1052c1cdb58ffc69262	1	10	317758dcd1e6c0cf
03b297cfd24f7fffb743780ef9578886	1	10	73b72629f166e3af
03b75ba4f3a1bdcc58c89e6846eecaab	1	10	5cbfa94781f1943f
03ba29d5cb38d345357a74a7b5ccd759	1	10	5af9048ed7440a9c
03bb7baaa45980753a0e7050ae44755d	1	10	29d8cd2bfd096940
03c41956324a467d4f265ee58af51f25	1	10	22e51dcb5e112c97
03c44a93577c98119dc498053888937a	1	10	d4958d59b455bf76
03c5fef8cb8957ecf687548c8d504d10	1	10	3b74634ae6dace48
03c6170c9b8917706b0ad0a28400d195	1	10	29fcbdd0df5363f4
03c7c131fc68f902620c24f5f28cd179	1	10	8d6805ac61460bf8
03c8a9ffce923a8cb3452f18d371eacf	1	10	3cb0fa0af841a175
03cb9868146a1c420ba8e3b1b08865b8	1	10	49eb315279401e2d
03cd587fe1f5eb6c6c10ede767571241	1	10	611245641bd59113
03cf322e6530ef37b455bafbf451bd77	1	10	baa172815f3c4932
03d1940f76051f548ee86eb71a38ff14	1	10	26e8dfdf18212fbe
03d1d6df36fdec5be7b60e6f0cd382f7	1	10	af9c06680ba051a0
03d74bc7a2c848e5f834eb31bc6c839e	1	10	e13697d7f1d282d7
03d8064f3be30daecf2ffe4c54361e61	1	10	c8535554d9cb6ff4
03d93f5c0378205e17260e16e463ac67	1	10	547142ff8cdc7358
03d9b7f7c619fdf000a1ba5eab146379	1	10	3c976f862499ceae
03de316ba1e90305471a3b8620cb9cd7	1	10	071b81f262bb9d6a
03deea471ff6f90e6b7519407f8b2056	1	10	d6d40a339e59d202
03e1a95e608657462464d0a748428d34	1	10	d1b697a08d0a5b4b
03e399326b5d3dc202cdc3a9fb1b71f0	1	10	a49855060b3ef1c5
03e3afdc2972da43f4549ba405ff2da4	1	10	ebffe637c4aae378
03e7f2c151ed62ad925ac241e4e1d792	1	10	51d358085aadbbf2
03e906525c3ec52373157721a7ebba48	1	10	8721bee582f61226
03e9d1abe418a1727bbf2ead77d69d02	1	10	176aedb4dc85cc9e
03f06674e02ef12873c8f4e542c5c805	1	10	4b5f7ced132002dc
03f08e458eea1ef5ce14661c8a7bdc60	1	10	8d25c669910dd890
03f25e67e52baf9fb1e782026d46c8a8	1	10	15d5eb7b2bf9c5c9
03f59ceb6fc1c1825ab604d526620a54	1	10	52190a430075fb4d
03f8fb3e8459ebb1e526bedde7a121a7	1	10	e23bd340ce843f31
03fb9af7b390fe9e0739150ca3410cf0	1	10	NA
04017562bd59e5a511debb2fd6051f62	1	10	80ff3566d7b9385d
0403cb413f30fe0fac6ae792a93364c9	1	10	8166d96ade9e7c64
04071576275e4113b60c21601b364345	1	10	1f570e804cb8ddb0
04091a59646a7e0f1c64c57c26d3d91e	1	10	7021a594d4021dbc
040dbf7981a3ede37ecc00548fdede93	1	10	dc628212d20e5dba
040e4bdb9f4b0f58d3ec4d2f869363f4	1	10	08532eabbc961473
04121bd92efc49da7b54943da62c993f	1	10	66975c460a3dd850
04121f3fbe313b7046c9f54ac1e26c75	1	10	034024d10d4ed96a
0412f6f3174dfc4c27ad0b61280cd739	1	10	de4876dcf13911e9
04157f716c1e9606c6a530657bf8f957	1	10	NA
0415acae197134f9d1cd7bea5ac3f2fd	1	10	910b3986a1db7654
04166b0a94fb2e4da58436ea480e2586	1	10	5b6dadec6284931e
041699620802b7ed905f93976ae60bef	1	10	f132fc5856ee52f1
041a4e925fd664bf8e2e41b8eb9f2840	1	10	7a5f3c0e0c69e70b
041aa7c18006a2f33e5c5ec83eb08505	1	10	cf6859e31b3e33a5
041afddade3479f2b9ebe3f5cf390c7e	1	10	972075fa6373c4b0
041bf8c064b4f6f8fabcd2a9793b8c7b	1	10	a4babb487e22fdb8
041df0acc65530f7e1e628130c3d411d	1	10	6def7989595859a3
041dfae4c5f8679c1b54f1fb3b8cb0f5	1	10	9f6823054cf4ca12
041e654adaeb51d241eafd1e29a5fbfb	1	10	ffb067d48b557c76
041ef0a56340a623c38e6b9012933624	1	10	a34b2a9c31f17dfd
041f5fd5d1c9ae9f0ba37a745b5dfd23	1	10	1fcb51202ab1eb86
041f974b7b2e24ffbc50eda1bb04f917	1	10	9062379e78e1eea4
0421d8c1dec913b76dc72d781a864a80	1	10	21315134470af9af
0422d43dc86ee9111d46c1a10992ea29	1	10	d89f090d32885181
04282eb8fedd703fb176b37c5d037a0c	1	10	ad7014d543e17b6b
04283728b84c4b0ff6cb44ca4bc4ab65	1	10	02243e09913b5324
042846b7b23a617ad1730e9eb2dbdceb	1	10	e9debbc356a10065
04296c034b9b888599263926aab8ddc8	1	10	9e3ea6849fb0224b
042b503bc444d79e1593cbdc73d18c96	1	10	49dd09248e69ed22
042cdc726a92bf0a2195b3b426f35bce	1	10	b139f810bc43a8a5
0430dd41069c93d385b767e768c1095f	1	10	d5064d5889786cd3
04327b18171b43ff06586707499b97fc	1	10	a428d4a96ec05184
0436f8cdece0f293915bbc6d711f6850	1	10	32fca9f951829a56
043c40bb7bdb3a2eccb3eb0b79f47cab	1	10	aeddf60df7a14ad5
043cdbde77d0a494be264ee322847809	1	10	28e1bee07d75cbeb
043ddf84451e8b1a50f3f5662897e385	1	10	b6a8c13eace22b66
043f806db615f7a138d4beffe3367c1a	1	10	66bcd5737b55dd61
04411a580ede5fd258d84ce872b5f53b	1	10	34a1b285426d1eff
0443c64d68e48da7bd100c03c82c0c4b	1	10	465e82a40cc27d22
0445a4d6be24882bac0988a055e7f379	1	10	029fe04623327668
0445e60a23b32e2adc07e34ec3f5dbf4	1	10	5a89dd83ef5dfec3
0447371bb8a97e8fe5d3cee6de1db766	1	10	027a3fad7e9c3d2a
0449da0fb33b7ed1f7b7f0e2924cfb14	1	10	NA
044a4186f6873d19008743aa0dfd004d	1	10	1c35713d415f4981
044a95f1445afa3e02a258417ab90ab9	1	10	564f53a2c9dc5548
044d27388c142e8e47812d9518e01b2f	1	10	8fae50d12bcaa19b
044eced3d5aac22e0f34ad02071132f7	1	10	928bbf290ae3e64b
045182d177d3f95d7cfef1205d609f37	1	10	b3c560893768db57
045490bc2ea6b39133e367e0d5985ec6	1	10	6e8153a79619929d
04557a22f623dcbae86173fced057c99	1	10	51418546c24ed48e
045613366353b062992e68937ca53edf	1	10	f45599554c6bb5ac
0458851a021830f297e5dc3418ece838	1	10	NA
045941155fcb708d6d80e421c87c2abf	1	10	c48e4cd407160b09
0459bb2e18a01e6f3f305dc8be7040bc	1	10	d78838af8148e35b
045e3c00486daba698458469f773f700	1	10	f62a19b04c8df17b
045eeffb8750ff847de87bc37f922c02	1	10	5b4113d0a09b87f8
046027fd1061d32ad6cba9174f9f37c8	1	10	a0ab53ed622acf01
04619a36750d6e3e9f34e433e9a0cedc	1	10	0955df8da44f1e29
0461c116d94becf63a1c41b320f6eea3	1	10	2d6232ce39065563
0462a0427297f8979588174b502bd044	1	10	db5e31d5c051e21a
0463b72200ae80c02835c027d3606c4e	1	10	632caacdcaf47608
0464c7eea603a1169b0d74903226ee9c	1	10	317d7fa30ea78e46
04674c7c9520c7edc0426b820f837726	1	10	373925325676d318
0467f94ce29392897b1c964f6557ce46	1	10	86edb4aa80b1ef1c
047566aaff65b42f2d1e89e0e1fc957f	1	10	3a7e8ce659d996ef
04782106e70a3e200feb487e5dfd826b	1	10	9431dd0aa4725921
0478f201a06ab2219542330f36a3698c	1	10	9d15f9ededc76f41
047a18e21c771877710468a88576cf29	1	10	61cdb3a5fb0915e2
047a24a20dcf32612975fff862a229dd	1	10	2676d50e76465bc8
047c92e7c0a36a23d8107f4313517719	1	10	1e59ac66e3e97a91
047fbe00ecc60835f1ee9d458bbd7ee8	1	10	NA
0480133b8911f6e9c3b4bb2755327649	1	10	9ff113ef90ebd27f
048142b6048cb6c10415e08f68a2c3a3	1	10	NA
04823801df6304e0fd0f36b9f956c2dc	1	10	6918dc99d923547f
04842030167d0508d3e42d8f0dda29e0	1	10	9e1886860fedde1f
0488830078c4a680d8014bbff36deeb1	1	10	ce052c75cf239dea
04897f61ac34d82804d57aa07322a400	1	10	c8a9dcbf3256b88a
04898b587aa76d7625bdfe23fd8a1a0a	1	10	c31d1ac51b261c0f
048a70da40ea4908c783b8314be2da97	1	10	07eb2209c7ec036e
048ddbb09453a83d40fa85110d0958f3	1	10	55fd083c18470469
048e257d6d04d3d17f6547ca07fedd76	1	10	59c2dcae083c3e0c
049072033960eab882a3b0933d414f36	1	10	cf0ffe324fd1e167
04909da47036ae2ccf4fd8d025b83344	1	10	2e7b5e8d6bb89f7c
0491901f00c8663e5b49a0dbbf96412f	1	10	30632dc795b42164
04929ae99a2b834405a1db90e2747245	1	10	dab87466721bcf6a
04935c7718d4ada8516e0d99c46df41b	1	10	365f21fa27d5872a
0494c37fc0ae2de1550eea216cfc1752	1	10	816b69489c28d309
04956720311452f8ad4bc3d771fdfbc0	1	10	1c280ea0c94f8c25
049775f8bfc13fefc68f086cd3667df4	1	10	93b9c9c2e69fd151
0498569a656eb22b361a106e0cecff9b	1	10	49c07907cf500d3f
04992f0208bb60792163c32fbc207165	1	10	6a79df9f15d52aef
049a5615101bbe36f025a7b87d3c7360	1	10	4fa9aa3d68940095
049ddd5ace159bd3d3363c9c36217d6d	1	10	0bf0049cd0b059ff
049df9eac33b5770ea20ec1f022f0173	1	10	38f8b5a8aa407e72
04a05b619dfddaebbe864e7b94e108c1	1	10	dea5406efed104c8
04a0b133fe5760af8a58451053673fc9	1	10	e9ee8e5a29a2e2d5
04a3e6aed6697c05b23934f51e9d5321	1	10	d6d211c58cccd813
04a7b805cf12ae898f723b735fa959df	1	10	9d00c5dad33c76d2
04a97eb41fd59e3495641ea2442177c9	1	10	80098d9f327ef01d
04aa3db794a4a1129b037aac393e0bb5	1	10	4d7fea06db7c8bb4
04aac627660a42b5661595b06de9685f	1	10	ed192aeb4ec3f41e
04afde06992c1171bbcac67b3b58c53c	1	10	328ba573d4e77f5b
04b111df3a3747388e923ae5252c9f4d	1	10	65c2456867a91573
04b1f0add9aaef195413ca4c03ea58ba	1	10	aa29f96cc7b0dfdc
04b21b20b0f2aca4b886eb7832b6b0e8	1	10	f1527a861456eb08
04b2a7f442ed1b15439d0678ce902d6f	1	10	7f251b912163cba7
04b4dfec9afb6529764a94d1cea16abb	1	10	e533f858f8a4fb5b
04b58fb62b01369ce326152f7c7416e9	1	10	9f66baef169aca31
04b88891edf088b990a3b3b81763efdd	1	10	e3a8257772ab3320
04b9913aca917f957c43cd4d07e5785d	1	10	eca75dec8621e6b4
04c03de21b275b4e5e9f5882bf2c5ec1	1	10	f8749176cb57ab98
04c045b6ea95a35e248f3c5fa17e4c56	1	10	461dd618b4cee2f6
04d00ada667e60a3153fb811809d7e34	1	10	3e7c101cd78b24b8
04d0ae28e10d4a35ebab62f42f0200e8	1	10	b73c88cb55beb7aa
04d1b01eb1d69df1e9951f5243295833	1	10	6e4404aa911e71cb
04d22a87377168b4bae34b530adee132	1	10	b9b3574a55be45f5
04d28cb98f3362dfcd4ab74d4bb82de3	1	10	3bff698fde7af65c
04d2cca932a87b98ebfc7bbd0fe6ed5d	1	10	4d10c054c64a6cd8
04d964003e9d42e6f2483e64564c1f54	1	10	b7db5de45f184de8
04d9e4c3ab38c5caa1983ac2c1263bc1	1	10	2219d857c75edd35
04dbb417a7eeebd7ffe3199b414f4242	1	10	69898101ccc5179b
04dcc4912a16549fc97d918545b68af5	1	10	3f04f1157f740beb
04dd37bd8e319df958e1e091ec60de5b	1	10	0365f20eaa8e905e
04ded94454830d4ea960327e8b91f5a3	1	10	bf1fc482c152a435
04dee0e90b8ce346e65a60c81f6687df	1	10	e123f06f6f6368df
04e219c640ed59dc68ea2d50493de5b5	1	10	589de7d3173e2aaf
04e47e6635908600ef3938b32644825a	1	10	cb73b9bc28543689
04e50bc7a121716e396dc538ab24490e	1	10	5beb55b672d79f1e
04e54fdde41e2e623789c3f7df6d274d	1	10	600cdf29d5da928c
04e6e374423615babd4062f67a532c5e	1	10	eb168f990812577a
04ed29d91e703f9ebfd81d2d4fa97103	1	10	db06c157a5985176
04eeb39d680097817142fe4d52c0e422	1	10	95587a35d6ef5269
04ef162792ce0f1d675cf363db2fd99b	1	10	96be0e4bde121072
04f0b56ff8811424c3f44cb7662b3faf	1	10	9bd13aa84f1b2c23
04f1442bafdd6433d41588d2c2e72e0b	1	10	124c412036340845
04f43bb4a4f2c193a18e7195a4fd8e41	1	10	65014feb757ce4bf
04f542671e8167741228d22abd0303db	1	10	9f9bc4b26073e016
04f6dd1892f3382e8356d107ba156256	1	10	b3cb3bda84ebc006
04f7b0f8afc58d5b7be2c486c01e8164	1	10	50068dacb73519ff
04f7b83bdf8d56116cc9d7a659464c37	1	10	4d77bf5840f0f591
04f829be98c8646b8a08aa9a7f20af10	1	10	c06f6b2ab1576b60
04f8b455b41f208ea19769f051ddcb1b	1	10	91301c3fbc5bc69f
04f9cf38c15c4f048fc25f03cb621536	1	10	fff0275cd8f94628
04f9f1f61d99108b7ad0fa77d275dc4c	1	10	be52dcb0f28fc299
04fa0a71339fa76067a75ff448ef6f67	1	10	447f76a5cc80c67e
04fb14e644b1858851c739b1a2170334	1	10	e2f608510d9b9e86
04fef94bab64c9e3cc8b2b696f38f7be	1	10	039e74ea9826569d
050214ecbd9e96136fe1bc73447f1303	1	10	525af1ef529edf77
0502f436e37331d0b92274e0db73b134	1	10	83cc288e5e9d7ee8
0504d4dc55e80f42ffa698a4ece021c0	1	10	64495de938ccdae5
05065ca3c3a5b2b415d7e9afd0bd2c16	1	10	492a5ec554736b5f
050688d137e1f4d563f7bd5d84d7e344	1	10	14e69595ba36a91c
0506afbcee2355dd568a2923e4461649	1	10	ff1b90eee0ffd8b6
0506d033a4ca469af10d95dbf36a86e9	1	10	4a174f19671bd524
05070c567100ecb6cdbc2ffe0fae57e2	1	10	2ff7dd8b9e251883
0513c7d43a5874fa6a17a184091b3d68	1	10	47f7a07d8129e5ec
0515200de14d9d8eb513e88e3d28ad7c	1	10	033ed7b7eb94339b
0515bc0e0f1028fd4d086139035f5f38	1	10	926afadff2da1fc8
0518b5dc204f26b356671785e02852e1	1	10	adab8b2b12a3706c
0518c5a3eb17ee72f00424e63bd7940b	1	10	9d088e593ed0c8d8
051b63ae234e63226a7984d76f9dc331	1	10	f26bf4cffa7917cf
051c7db6f9d6daa9238ad64ddae6cea0	1	10	3a07a36f43d970ae
051cb2ec3e94e7f2a72232530f847408	1	10	3fc7670ef8fb2032
0520814ad7ca7c063109ee7a28e89de8	1	10	98b029219cb0a00e
0521cd68355dd16e8f7940f43003d904	1	10	NA
0524e21cb713c3ba78906a6716409c80	1	10	c2f64ff166092f33
0525891c206c0382ffc813834bdd526c	1	10	e4fabe25fb579be3
0529f3356671518a0fc851f09b693b51	1	10	c853f821c5a77d56
052e03355eef1d923d532699e04f0eb2	1	10	bc982dc0b8386563
0533a1506eb61460bee3917f61ca4c49	1	10	9114d7cb5d30b059
0534387f90398a24495d4b7b05f9b342	1	10	4bc5ad0285de7865
05373ec86c44b2afb60fb93316b30001	1	10	de7a5ee6269b6816
053c477a86dac016582436e67ecf0bc3	1	10	f63a81e82ff53781
053e06424279f5cfec8bb14dfa9af23c	1	10	NA
0541dc77ecea9c210d3c4231d97c02de	1	10	7c7cbedd338ce644
05423f54e9e0bf97ce3fca2abe2ba3e6	1	10	31417763d48c4b60
05469ff4aedf9286f024177d0d09fbd5	1	10	e7f42d2626b2cfe5
054c1e5254cdc36bb85e06e53cafe8eb	1	10	43e1ce421cc4a0f8
054c7052d5110e9731a9d0bf34d651ec	1	10	298511eef5a642c4
05513edb5e778987bd727804ed4fa01e	1	10	225b9d03968a626c
0553f2a01f0838c1f3347f622cc3c30c	1	10	bb28f9335cbccd84
0554c1dc9f40db098fb58d3086515b6b	1	10	bc217939aa7e5ddc
0556cacde8ebb77956342a6e81309553	1	10	e713b7b9edc04701
0557d21452d411c00f766973a59837a5	1	10	a9718de5178322ef
055836a43eb318de92f09c555ba4f3b5	1	10	8319a578da4e39d0
055db8f900741c7b8d7b731e99662588	1	10	efd28eb04b226289
055f942145df4b6c9fd0d10a3f1da98e	1	10	70bf981bcad1b935
0561461e2c7ff1d87aec1e5c709caa1a	1	10	36663b81c815a15f
056263f3ef83f1b0c0fd48cab346e8e4	1	10	97dbeba29da4384f
05650550f21d60a3989cae43fb5ebd93	1	10	97f4be04fda0da74
05670a916f890c9c4345ff4fd19561bf	1	10	b4170a5c7690d1fa
0567f2309e01e99021245fd34a97417d	1	10	4682293d386d2c1e
05680de3febd39916e496dd772cb8c19	1	10	48c9f12cade688d1
0568bb0b42891e57247ed4b436dff85d	1	10	0168fbae4f93ee4e
0568ff4af327110a55355527e3c454e2	1	10	7d36c23b62527560
0569ecb5da00dd3ffc8cdfab85a4956c	1	10	250b3d5a2277e1c2
056acec954f198b911fd8c6894a6fad4	1	10	17e25c023cbecabb
0574a9f4769dfe44ea0680aa8d935f13	1	10	ab4fdbb63dd4f5a6
0575710ecfdc61ede3807eb1c6a1b01f	1	10	ac2fbdf1decbb263
0578dbb863e1dccfd5d352c1b8ba198c	1	10	2b0cc1e0f52164ac
0579fb9d75e018b9366db9150db7453a	1	10	619c5d629cda8952
057ee74505bbc50bfb10d6814c5a3c4d	1	10	1eabe481a196663f
057f143aae50b8abc3e083b7609353be	1	10	NA
058129d7cf63b8a0a10e932a0728ac36	1	10	876f95df550eda3a
05817b4e1add561af0e1165e01fb48cc	1	10	877a50756ffdb726
05833c2c6953b76638748b3b5152b17f	1	10	14961a1a28b84268
058414cd650e2309e2d3df6b3ac80f37	1	10	8f66f00ea1423622
05860ef5bb55efbd4bb5ec8b0de13d03	1	10	d7a4a3b46bc6ba23
0586b0f2c13948bfd51b3694c5e9c676	1	10	4c433fa644538ec7
05879c0b6a41bf08f08ea2f58a931146	1	10	b3360df2a12784ff
0587f345cca3ef8340e8e71829dce130	1	10	b75fc4b1e0557918
0587fa4c5dc214a7470cfab3712f4699	1	10	f42165ea269a5f54
058b69e7c7923e2c71070c9f934f2c2e	1	10	c8855475c3603f4b
058cac57444038ce7e8f6fd286ff7424	1	10	d55a6c1c6dc62e74
058d2ff55a09eac11780d6a368b48a80	1	10	e2c6343ae629f34d
0593e6814f02ec9749e87bdc6aff8275	1	10	b5cca49c9de197c1
05997924d9bb4497f0f8a027caad6bbd	1	10	67153cc3f3a5a36c
0599c0cc9fb43d1eb90c5590d4ecbf39	1	10	86fdb8c925306b01
059aae70d73e0101c492106c4d214774	1	10	b460a8302eca8075
059d90867f6ed5c4e69ab0094601bb37	1	10	NA
059f3479ab76bc97c3db74efc8558482	1	10	26c82d0b191195a2
05a14c9084e09730c52b65732fe19d90	1	10	a2b83cf98843ad27
05a42b5c95a497c9b80116f537c48e32	1	10	2f1702888e8d94a4
05a5c4f83946f8390e561e006f39f0e9	1	10	fc5ad4e2eba6e28f
05aaff6058ca0088f54881003c1eb57b	1	10	5a34d548d908da69
05b04d362b374569a4eb63c4e4e132b7	1	10	6954115e0271c523
05b095301362cf626067acd18590ea03	1	10	30a030550ca1307c
05b20aaa3665b3688fe91e63b1d416b1	1	10	87abe968325562c3
05b26080370a69270bfd81327e616cee	1	10	430c3f1f263ca44f
05b373515e803818e8991e855a1d500d	1	10	56dbf510b4101001
05bddbf878fc3fd6becc0b13ae747bdb	1	10	dead5b853a33c875
05bea7b46a68c2bc7761ff2424c5e58f	1	10	7a2789fed3d964c3
05c042ebd6f763d072a86cac025584f0	1	10	b624551c0d747e20
05c46c3abf7acb1337d74ce98da20ec3	1	10	4a002de7a1937ec4
05c52a5f9133f5afca84767f2eff98fa	1	10	NA
05c5ed370ea11a2c19c111f4a5979921	1	10	7e0e3cbfe00c7ebe
05c5ff612371a5773e857212174f625b	1	10	c294386fcedaef09
05c75485e42f747b9dba8da1aa1133ea	1	10	4ec40ee9e21fefc2
05c7d8c4a5be0da9995e180fe65f0d9e	1	10	d38078216d5de83f
05c8e94aaee86390eaf6e68dd3ec3570	1	10	f7048ba030b152eb
05cc4564c3160e7da7be1142f0448771	1	10	36150dd1dd324fd3
05cca3e64d2d7766f5eb8eaff105eb40	1	10	6433a35d355099da
05cf9b400cec8d7e6a606b8a2087ea3e	1	10	125314282e7183d4
05cfa69444404b03cce3310bfd633119	1	10	691252e301edad93
05d14498d98fd6ea69d30136eb95dcb3	1	10	84915ecdb8f9ac11
05d1a5e83b3a86de7598a1e089a86b21	1	10	e5e386c3bc7a7acb
05d1e403eb79a9a1b4fd0182be89299b	1	10	4c3cb7e808cc6b3d
05d545d220f72a6d28004dd5b092594d	1	10	a615619927404701
05d6efa039dad1b207f1649aa4449fd2	1	10	73b6cb7bd9418f70
05ddfe38031a7974a3d0510018ab253c	1	10	45636a5a3c8e5309
05df4430054ceba4fa065806e8c65041	1	10	34754dc359e59b8b
05e291c40b85447a181d7de47ae1a2bf	1	10	20e8317504f0dd89
05e5b5a37a0d7cb5e96c82b84bbdca66	1	10	c9fe592de01775bd
05e877d2709b8c20b3485e6b68c98bc0	1	10	013caaed67be8355
05eb87eb6fecb7a8a3bdc25154412c1d	1	10	a9562a645da94779
05ed64e4e6229f446082752936768489	1	10	4a9b07902af17191
05ed840c0a907e88e475c931f40fab83	1	10	bce37a1166b0eb79
05eee75ab69270c322b9ef6bc1ee8604	1	10	789512a8f6859087
05f3a48298721d68cded8618b432e7c3	1	10	baf8d08133c3afbd
05f5567936f582edc0d3ea9903f540bc	1	10	9a193e30c4286a4f
05f6dbdbe30aaec98ca5fc1ce5a662b1	1	10	a106aa4e6b8e367f
05f7448ef6a998da4d58a15cebe0b6ba	1	10	72f14eef578b4d54
05f8ffcc6372f5475a0b7c61b46c162e	1	10	0964b0f7d50aac17
05fa3b96505ec198385ce8bbb02d27df	1	10	1fd75dbf45c5ea81
05fa862fc7acabb822b6f2afb5fb6973	1	10	b3720090bf4c870d
05fb1e489956554f9115344bce4e71c7	1	10	2c3ceeadc8886f69
05fbbab9f0baf819ed9593cca8587629	1	10	0becc136ae482697
05ff725eef6dbf5b1bff07bedd89d6c0	1	10	412a470c2dc756e6
05ffa991da7ff48826faa3607de22e60	1	10	977d4544bb00ee3a
0601e6379f576d6ad6eaddcb5798c13c	1	10	4be49b1f7762b773
06049cbbea67b138b7900b6c7c5730de	1	10	b9ec57dc1d1420c5
060ad8240dd120ae1017c31c17fa88e9	1	10	4329dc25cf051067
060b7ed7ef9e59576b9ee62c998a5103	1	10	1faf2d975888ac80
060eaa97b6072e7d3ef9087d2421ddeb	1	10	ed9f77065a0db408
0611c9a290bc9dc289bc097c9662913c	1	10	8e2fcf876b0343a1
0612deb9e6268ddf1381d042ab2e52ce	1	10	9a009cde63707058
0614e1ae5100ee0aca4ea24424479fa3	1	10	108fc6b0dcfecfaf
06166a0dd78f45c213add974a6711dfe	1	10	b47d11281dc5ced8
0616ca6b1e0ae639d12e19ed310963a9	1	10	39cf30f9afbe2765
06172049e6804cbfb07f993023f2684f	1	10	27f7210c93859c99
06221f824342f77b3d6cce7f05d70fe2	1	10	1ef3a47d261d8498
062b340de8f5fdb7ad62c3ec8a7d50ac	1	10	2f726ab004345f67
062c3f614211a999d533cf5ba9108e5e	1	10	1de3352fa61c6e78
062e0ba3b2995f2a089b92e5bf004931	1	10	ec14849a29cc1844
062ecaf3e25632b7b6a20134f11c27e4	1	10	5c65b85055c9a8b4
062f58e44eb73f9274b57af5092cad90	1	10	48f7c252789d1601
0631fa9d32573af7de0062dd3ad42d2a	1	10	NA
06326dd7bab63b892d2c147d5928468c	1	10	e4c6bd939b742b61
063486c4a139ae7a3874a5bac3459217	1	10	e8938c16632dec36
06385be5ecfc7df22b2c956093cef85f	1	10	736ad3f55eaf1b87
063beadfa9d6dbd569d12aacbcb300c5	1	10	c7175b95e2616ff2
06441d7b824ead0325b07d7d7e943ddb	1	10	557cab000a2c2ce6
064850977be6689e4aa2165adbd8e866	1	10	b558699cfa1a93fb
064ba3c61c5f105104edec8305853711	1	10	5cfd5a4df3b605b6
064bf6dbb752a83b4d3602779a4f5795	1	10	b7d4d9c2ac7e45c3
064cf5ae720265bdb95f553557e41f18	1	10	f8ab2c94c0d74214
064fe286277f695f42b556ef991036ff	1	10	34c041085f398c2a
065036e33ca5a147c353956348fc8cc5	1	10	9712a94e807b6f48
06536364700e9f2297d14f2aa5a425bd	1	10	6cb9d13dcbdc9896
065775fe69392642261b1436fbd6bab4	1	10	d960208648387d4d
0657d7556552d692a009861a8df0187d	1	10	43f129f5d56fd405
065882225b28a15ec62af09030001ee5	1	10	2b3c68eed6952114
065b141f5b24a1ea858f9e63bf13d0cf	1	10	8857525472862fd2
0662b68319b8438792d39a221786680b	1	10	NA
0662df257be6c6d0691729cb23a17386	1	10	0878c3a1b3f3ef58
066813ab5f3b7b1cc6d2847c37f5fae7	1	10	be6d135cfac56b86
0668d86f91d0e8aeea2e3fe722047363	1	10	39b45966a79dcb90
066ade1d9e5bede84a078012ee14fdc5	1	10	b4fd470d837c5e50
066cc2796adfff0382fed7ae88d5b41d	1	10	a434a73d8b7b2f0b
066d6a47dfd9648d913ba8dbce722d75	1	10	c6a5c32c4d09a2d7
066f7dc6f15dfe89172f4b32e50ac826	1	10	6cb91fb1c8c0595e
0671f3013bf168f4660edfb4b40fbfa5	1	10	dbc4986e018f9ab8
0674a404bfea717643b7bf30d9f5eefc	1	10	1fdd2c492582f2e6
06767f7b8e23fd24f6df74fefef9c48c	1	10	a2bbdcd7e1d6ed10
067dc6945c4aec1c2bc1fdc2e5819124	1	10	e1a0629f0dce5881
0680b380fc7a80df4c5a33ed23e11ddc	1	10	3b7c0d7fe62ed56a
06810c46387bda32e8a1486bac64a7af	1	10	a70564bf8d3552ec
0684c9b8439112b0e3202dc1f13bae65	1	10	b94a8d9b04442bb6
068594cad63ad63966d00272acbe72f7	1	10	7d438ae5fce3b4db
06872e73223dc74c76b06f37a185dc22	1	10	d2b60a734d75c685
068ab49cd35aa24078cd23170599484c	1	10	NA
068c64314f0f8405bc28bb4c52647145	1	10	4ff711462080fec4
068f2d23820541fe4eaebfb072bd6cbb	1	10	331954d6bf5c15f2
0696cb4f18fd63cc94f319fab92119e5	1	10	76968d141000c55d
0697524f77ccd503f7e5fe15f23a1268	1	10	NA
069978487284dbdafb1bb8860adf19f0	1	10	d99a85cc63e8a498
069c9e38f21a431a293c2c158e43f1f1	1	10	e1a8eef0736edd91
069f7d519e820f6b879f880703907bb3	1	10	647e24d69c9e9d79
06a36581f14e399a76a5110449ebe739	1	10	2e19b2bacca793a5
06a572c0ad87e4465dc82c3d94efa599	1	10	a092f291cec5e723
06a91842354cefee9d432cfd3ed50100	1	10	0c0bd197d0189a6b
06a9fbce25234a6938bcab419bcb54e3	1	10	2b9b5da2000e57c8
06aac1637bcefa8de3a9901f3c030d9f	1	10	NA
06ab2f3544c15dad7b9e4bfbce9982cf	1	10	ccda9579158fc347
06ac25321a9e8a0e2653ae9fc72ff939	1	10	a0a3da3ed426bc7f
06ac45adf49f5e65a05904420e22def6	1	10	a98aaceca0f26882
06af18723348ccdd9b0fc20bfda1d7ff	1	10	a0ee5feb07c9d346
06afd800584013b69acf3ceb8a92dd39	1	10	5dfb8d204688e6e2
06b138e8a6da806e88ac7da2919cef30	1	10	ce21a9377f2294c3
06b234d992399a10a26d5be67230a20c	1	10	286c8b7f1534b529
06b238df161c9e24a31890a08bca22df	1	10	372f440b1b43fe96
06b27debc937e605bb3198297d4ccaf1	1	10	5e6bde1cf92ee1b2
06b3fbd3e0d8f0679e979e88d852089a	1	10	bf06520ffab5fc41
06b4ea25b64b0ea42d68fb06534a7e7b	1	10	44118d529982e320
06b6606fd021e9b4412bfc2fc42d7b0a	1	10	c16f4da6e1db60f8
06b6aecc3400ca0449c6b34efa6b2910	1	10	ed8bf1283705c833
06b6d7b1e7f26c4290413956ada422a2	1	10	ba74eb3da4016943
06bb08c9c8624d8f6d795d1127eebffe	1	10	5dd961f9128192b3
06bfd83d0fba6a831d1f6db32b587d2b	1	10	9e0c9fe03c9cf775
06c4a06f6c791ebcbd2e90f94d898cee	1	10	665258921cfa5b5a
06c6e5b5ec743e16bc55089bf42546ad	1	10	666eb3df92d4f02c
06c775a3db8f039e5684629a63398552	1	10	7cf5d4d7e7d7ca86
06c9e7d682595a3ea26501bd57bc36a7	1	10	7ae901030f5415ad
06cf898b21f50c827248a0f09c1d9b20	1	10	NA
06d2543c151c2478fde159c6dc0424ac	1	10	0fb14d23ae4a50f5
06d38596ee5a5fd90877de6c04ede06b	1	10	84fb14f08630fe24
06d65173e592488f8199e9388d4d261c	1	10	c43b149dca841964
06d6f4f8c3ac52d034143eca8d62d1e7	1	10	e4cca4abdc4cf23d
06d7ddacd91c84d9c6be5ace491b410a	1	10	950f4b7c840624f4
06d96f79264e9991a5a0a417c401657a	1	10	7202d459f23a7471
06dd675f4930318f9a4e68c5737059f7	1	10	46bcd44e01061205
06df09f5ff0b34724a6f43c12560c0b1	1	10	13a84265bb0276e4
06df75fc09ba7eb9f0ffb8d45aa8edfb	1	10	67c63ad652f42979
06e03d438c75d06f8df09f2999509749	1	10	1f149e036ed3d05b
06e13d42320e5c9d06d63abce2e978fe	1	10	6d659b7e83cbbcee
06e46ab0acac57a61638cbb741949a98	1	10	4117aa2ff3553d22
06e5233a7d177a4f94b8a05eadb45368	1	10	09d399b7d635bf5c
06e91448c6aacd9086890ea46b4659b0	1	10	90f7e705eb906459
06e928088bd822602edb83e41ce8dadb	1	10	32b0b993caccabb8
06e997650b24ac5b5f87c1c64f4a5dcb	1	10	7f5bdbaf2537bee8
06eca5bfcdc4fbde5715c34c87f9ab75	1	10	ac2c7b8d54c3a99b
06f2da87052cef073227b497fcfcec79	1	10	a8a138accf5f62a9
06f4af23f9bd78087cf965f58487ae6b	1	10	db37f5156f5d75f9
06f538d7af257560476f9100e36d4445	1	10	390cb0f87c34d221
06f692ab71fb031118f4c946556eca52	1	10	32a095692850197b
06fef0b1347542d174e91d14db9e104a	1	10	d5115bbc79aba24f
0700de953ca94b49501cb311542ee5fb	1	10	4b260a97886080d8
0701a1e3481e99b590185bd6a3f8631c	1	10	fb9a2ad4837e2ce0
0701a5b57f9b37c5fcb77463c8582693	1	10	NA
07022ad84cf8decdf213d2fd2c59fbae	1	10	9722e9131d298df2
07037b045d5d9dd7d777fa8a3b0366a3	1	10	677454a2370df1aa
0703f9c5516bcc84a0c03e872066523f	1	10	a9fb8fe244fc4c92
0704b6d19c7f53060c2e6b918b955226	1	10	33fc39e58c2113db
0705e4046a68c2cca4aefb38db7e9c40	1	10	821d5d9c1e3e43c1
070679b773977c574b9c7b14c7bd923f	1	10	de2fbdba3d7de926
070837da5e4923b6a5f8c0ba0e6ce0e2	1	10	537da052433b9e7d
0708595c44d0a967151517a03927d87d	1	10	NA
0709175593f5f943e5a793e15ae08395	1	10	7aa6bf8f55c599e5
070e8e1dc84ee670df55e253450b47a4	1	10	221a3338912689f4
070fde310eca4ddf6967896052efcb30	1	10	b7cbeceb65970b40
0712c7bb6ba573f67604efbf64f37656	1	10	eea6f6a27ccb0f16
071e54205d91b7c174af2ca7f686f09b	1	10	2223fea994211b9b
072199fed1704b4d1e60b996931c3d6b	1	10	f1c35c808c2283fc
072785fd927ff0fd180ce8b9cc00078f	1	10	adc91d2d659d8bb5
07284bf15be6d7faa78d4deb46c6b275	1	10	3fe516963dba3a14
072af700ad0e8957ebbaf2993d850923	1	10	f6d6c39ddc8b9cd2
072cef48d683bfde42340d0ba84c5b1a	1	10	28ef6bd3375506f0
0733ae02d303c907fa2887f9fbb4ff55	1	10	f42a50ed8442cba1
0737a716930b33a5979d86c1eebd835b	1	10	20b07382c2b1084e
0739014c268a5a12568d0e641f88ad3c	1	10	faf3e9e840fa7151
0739de5c877d844ce28f81e00916a884	1	10	488c18ada5005c1f
073a405fde5b5c7434281729f24d8728	1	10	2083efe911f14293
073c28dfd3204f4c51e03c297ac841c1	1	10	86b8ae9534383cd7
0742147dd68e5410c79a8506a7f54a1d	1	10	9274b10e6d2fd04b
07434c4f17715737ade130bc6c57cf9d	1	10	8d96f7bb8fbd4fbd
074394da9029d9c82840091246607065	1	10	a4c5152941e00be0
0746ab2982f4d8c28f10df0900857dd5	1	10	ff3562e148555346
074dc4fde5af08b45569f981209e8b76	1	10	c21ad4165bfe2efd
074ff9642153695f0fe804049c743f69	1	10	8d8309211ce13f62
0754e62937ec75e569b8b4122ad77d7d	1	10	2763aa8a5a2bc99b
075c4fe7ae4cef57f1a4c00e58142e23	1	10	fb4ae7ad1aa3c792
075ca0a158690a55b7254d9aaee2e103	1	10	c081716fa299180b
075e1eef00500b25ceb5ea4823ccf1b0	1	10	bfad5ca110d0db1f
076305ce31dd18724a3de91045800acc	1	10	NA
07638411f023fe6a4334c53384415f11	1	10	5a6b24c40a0cf72f
07682e22f82f9257d44b45777ac06168	1	10	2f4e08c5df011714
076955ba5ecdc2feb4587a8abdbe334b	1	10	f856cb8d375d0a3e
076ab0a078db7377f3e7cfd6c2aab988	1	10	5d3c21ff6a56adae
076d4d6f83306ee69c35e3c99e30d8f8	1	10	e2f7289b8f0884c7
076d84ee418eb4192d427e34d8829b93	1	10	f0b5b4ede36bf260
076fba8945d3a54a06f326474477077d	1	10	316cac184fe24706
077942bcf7e284fd504ab832e1fa92b3	1	10	f76fd338afaa8f6e
0779cddacfa34241cdf579cb2370ab8e	1	10	412b51f3f8867d97
0779ed19ae69bf464cce003d1a573246	1	10	96dff4678fd4c9a4
077a1a0ffd35b0166ac094b64b7de50e	1	10	c4c458967bed8af1
077a92393c59108b44554b67217c8d7a	1	10	c682075f1652ba77
07851afab30a10e44c8c3a2ae7806177	1	10	ceb7f00fff7702dd
0785d79729317f6ff8323ee9b0cf27b5	1	10	3dd58251e1518bbe
07896fe3639c24cd24bb032ae19199cc	1	10	034001323a922b65
078f045706cfda160cbe9d1f042df57a	1	10	2cc4083b4b9be30a
079052907b863d58dae49e3bf9a89ef3	1	10	cd96e1c561d6a27b
0793e9607e3293c505b0fa62cbb4258d	1	10	da3fb982cda384b9
0798737b490f0acf01738b9a45f0f2ab	1	10	59045d48e206816a
07989235cf5ccffe2feed68ae979364a	1	10	5f97bcff7c86e180
079b400eede86df1f1ffd6a3c303278b	1	10	94e264354f614e15
079b877e6d9da81bd36fc7bf8a812aa2	1	10	d346c05d7b248913
079eca299ac6b96fc9c52995fcbf24a1	1	10	d54a9a160b2e34ce
079fec8d04a6ee936227ea90ea0903bf	1	10	60e660db54e57413
07a160f359fe4e472773551d69816e83	1	10	da26812d1fdade1d
07a27fe792de37e758e3351f270324c2	1	10	cb2d035811d60fc5
07a39b7677af6e435341c115ad5772ce	1	10	238c29c18213b642
07aa35ddde44c01733038e5013b5a6ef	1	10	33e56051b5379ef6
07ab9b6d4190543591cbb0824588d392	1	10	bf07a0f3fa61bfea
07ac31424ed38f27d6b93195358e3968	1	10	05a8f92227ec8971
07aeafc4ee93bb832fa134d4f5971cf6	1	10	442f1f33d49ce132
07b22dd6ccdd07fa12548656c4ea97a6	1	10	4247140f917b20f1
07b46ab6d0c938fee77651dc4b63e1d6	1	10	71d9cae7675c0346
07b476c83150d3cb7e08f5d045e255ab	1	10	5e1a89cbd53cd34d
07b48aebb6cc968704afb001b7a50d8d	1	10	0054ded5f8ba64fc
07b55eb389b521faf2ea347a14b68938	1	10	e46752844f0cb465
07b6f34060b07d837482bfc3f238b252	1	10	330c7ec4ce806b9f
07b7859003d84402cbb1ebdc37655d55	1	10	d1c17b22a207e6b8
07b8a0ca2372125b645a2fa257367ea9	1	10	f14598475feac2d9
07b9e86b020a209bd76474c4db8ab14d	1	10	068ca0b54c3578ee
07b9f32381ed1420def289ad69994262	1	10	4471e06be2a65887
07ba380599457b2942af3b7cbb304c7b	1	10	024a3c612308441e
07bbbb292324c8d8baeb232e144349fa	1	10	e9d2931385859b5b
07c0800f4df07db586a51cd724332a65	1	10	6179614d5212d23d
07c3cce524e2b85d8315ac4397ef08c4	1	10	19dac0d89d1347aa
07c50b89d97a55b6e1629999a445a2ba	1	10	5fd9e0ddc08b9f3b
07c7baadfffe4f343b14dc65a7e62f75	1	10	7100caaedc96ec14
07cb45c60089b9008bf3118591a99bf9	1	10	73a9fc477ab659ef
07cea7a64248a60d509368d09d3057c2	1	10	544875f7fcfd9f41
07d0f56eb2e603bebdcad7b76235e225	1	10	47aba2e9a9e2ae1e
07d2092780df7b212645ddf99edf6e13	1	10	787c243f615aacbb
07d20a83feca9295e862a7d583da5971	1	10	7e291c88488f75a0
07d3686b96c09ba65403b55f06c8d36b	1	10	144102287e59ae31
07d4876685a00c116054d146cb363bb5	1	10	378b8064f8092ab5
07d889e8690331078d965dd852626e84	1	10	05436677c51aefc3
07d92f7130beefd10e6100908a6b0fa1	1	10	6c72338f1248de50
07d99afd1451385b8f59705370617b80	1	10	b3ae64de74eb9839
07da51c683e5fa45251fef460cf66c60	1	10	9838ae768fd90d8e
07dab06913ef55d3a42e207a838c5c37	1	10	66cdfcbc9520358b
07db5bda1aabc6bf013fd5c22501bda0	1	10	ce0534fbe1259c46
07db9248a046677aa28dc35cb46a6ea1	1	10	33be45ee4a042878
07dd1f9bb66d375229df9f9c45237864	1	10	183b84edeac1505a
07dfdde9b1020080213803c0777a04bf	1	10	350c4a48e15dec36
07dfe40c43d9bd2f1c45bf06d490188b	1	10	467901568c7481f8
07dffb6f565305790eb6442b986f1c24	1	10	159078de68522d75
07e064dbe45135dd8b266eea0c0c9b6c	1	10	2e12a73dd443d112
07e1e29969e7eddc13877d118187c68e	1	10	4da3948359bc6231
07e6413459f92b613498a719125b6239	1	10	ffb36a6eb47ae0ee
07e851c74295f7ddf472820c0f0164e8	1	10	05140efaea379979
07e94be3f47652c83090dbc7576c74d2	1	10	c26b53f9eb1fb4f4
07ea88806d406de24635fb1aa9e57389	1	10	d56dcfddb63c0aa2
07eb075757e5ea1d04d3b7ce7b4d9724	1	10	a5089e84f182c4b3
07ec99f550accd7c9f4cd1bccc8692a1	1	10	dfd3f06df4191a27
07ed900724afdd89963eb73ca7b9634f	1	10	1217392d8f9e0b13
07ef18df9dba70fdd92316b51caf7634	1	10	251ed97bb0d11ad4
07f29d4de0b77c6ef5b0a4d1868bb017	1	10	ed784aada2bdb308
07f5f3ca046261c3819c5c888ac837e5	1	10	2511d500733685a0
07fa3fcdf3bfea7d119e5b27c26bb189	1	10	0850a613e8dafbbb
07fc0470c550aa7f7290a9442a3e2a83	1	10	0f104ea6e61a8220
07fc8dc21a3cac260e41353969025eb5	1	10	1bd6437b3b6b1b5e
0802ae5412e1596c92a036b52792eef7	1	10	df4bf139ace72723
08032add3cca8760e3397cbeaf30fb84	1	10	b41e80ed6114bea4
08063f5baf6655656a300c946aaaca60	1	10	0e81d68513cfd9fe
080896c437245ac25eb6d3ad6df12c4f	1	10	4ceff23f9351a856
08099b9ad4ef3dbaa6cb53d8f04a9a5e	1	10	dd27061689e73ed9
080f5cf5606bfb7ebb93501b8e8a10fd	1	10	073c80c4ebc4ddc9
0810eb03d022334fdd1d5a6ad4969d47	1	10	9f65b999043398ab
0811f761eee5e4ef28196fd98884a67b	1	10	0db63274084f4e4b
081ed301081776dc61bdcab61b720bd1	1	10	adcd9009da3755d8
081eeeb1adf1c1a6c008468703328211	1	10	8382b5c8703ddc5e
081f111af59344b61346367a930e24f6	1	10	b97a11df6ef49214
081f1d6563c9f40da1854ee2848491df	1	10	624f42f36368df98
0823bc5f954c6366702877556f0d3680	1	10	NA
0825876c0167b72f69077b744b5c167f	1	10	cd612ff602465e6d
082c9fdbce838d9b18260fa5c4de2f5c	1	10	d9db679e3fb6e980
082f609e8e33aabc115e355976bc02a8	1	10	b81d619b2dab71e7
08300e286c3380f7e7291ca6a534c97b	1	10	f8a98346354031b0
083030713683d8ab8e1d54372f241863	1	10	NA
083073b7820982b0bd5e9ff7de0b317d	1	10	e978e459f3cc0867
0831000a5a9727aa5fa3332df10cdb57	1	10	796c11118a51e50d
0832446f790662899f2275ccef2e09fd	1	10	824d5220c0b03013
0833521b118f61bdf8198940a6fba69a	1	10	294c02a2bbf465c2
08365e3605c71b5363d5da9dbd92dc8d	1	10	3615ab5a65cb4e68
0839f339c62831cc05032b3a63a98385	1	10	e7fb45202791389c
083f5595bbec3402643615940b179ef2	1	10	faf3f87a5990994a
083ff60b002cd12c03837d3f5122844f	1	10	40f38e580985ba43
0842ae941be93eb229e7cdc000445ff6	1	10	14c3a92a69400713
0842eb01dc00232edc0b26ccb2f19f25	1	10	ad54734faa114ed2
0845065a19d24f0c11ecad0f117d89b1	1	10	2f5c44793b713638
08455b2e1e6fda910989f0481a20f1c3	1	10	NA
0845cac21beb56a1b208735eff6a31dd	1	10	7c283429a744ba05
08469bbccc41da0c124d69c61ce7dc58	1	10	ae0e85bb92b74a0e
08491a497c1e003292d84347af51ad91	1	10	NA
084b88b00ad7460eca3e5fdb44cf5b42	1	10	b4aabc47e27a4646
084f6e6da7f9c5125d6f28a044b6225c	1	10	751dc2083dfe385f
084f859b2fa74e16d609c654a6e5fb37	1	10	2faf2b1a53ae42f5
0850db65220080c130d2f54005f9e2b3	1	10	0ff5e83e16f7663e
08530caa5c9232f2ffc5163cf79b38e7	1	10	d3aa8dd9439035f2
0854ef1b4b1aab957712863ca3bb86ce	1	10	2c4a070df75b5144
0855033e761d91ae367e867c5a569f9e	1	10	714f4e1b065e36c6
085792654d945c1de700245916f2c7f6	1	10	c1b5eae22763df51
085b8ebc423dcbd70eceaa04229cf5cd	1	10	ae2a42d86e6d4234
085ede801f42d9729807245a96cf71ab	1	10	663b8c492c499382
0861f15a38e3614dcc2220a20ed1e96b	1	10	2d4271e8dd3f38b5
086699aee5d37a1816b5afd81a1607dd	1	10	69b74450572edf2b
0872cb17a6fd5afd67a85a7ad72ebcd4	1	10	71dd7c4ac7869ab6
08746660617e2a41bf03337d181e7719	1	10	eba6967f700c5a04
0876c518e5653369e20fb1ee0bb8db40	1	10	580146e9eb31f580
0877d9fd26eac8b48c93935689338acb	1	10	99c0b4f311b9f635
087904d57553076d5b9a1607315314ac	1	10	NA
087b4eb050ff793dc58a3d8e67c78928	1	10	6aa13ed3e66d3878
087c98d833ae9f5e94593f10f825143b	1	10	3330c043e0a07763
087d747b5d4c1782d9bf4b8d12001441	1	10	e2a29e7df89bb3c2
088779a0af750f81050c3eff80b6a83e	1	10	20671136a88f556a
088b4f7d1968efe52c8609027b8ec908	1	10	b5683ed1cf8c0705
088be8f2dd0eafbbf7c27171a83c325f	1	10	1a22889c5dd23961
088c6214346611341f3b8386aad2a54d	1	10	48238708dfdfdc8f
088ffd086f2d5e55553d5e79aa30aaf5	1	10	9a3adaca9241816d
089456508f74be2d96f4112cc495f80a	1	10	50bc6a50d46e9200
089556ebc4280793795053996bae2349	1	10	8b39b277ef0ea8a1
08976c104ef1a1efd7b95c7bbb3c3e23	1	10	4f31556d926572c9
08991fb6c7c45205df7f2bc2f51fb1d9	1	10	a2e2a6c9382f5e10
089a76488a6965710a5f3743902fd41a	1	10	a6f5529357ea98e1
089c0775c15f15ad5810c69bab91f31d	1	10	659d279ee344c191
089ec06b35d6d5c89f2e47cf030aff36	1	10	8e1e8bde6728df88
089f909e37b3ef0c4d90687f7e22b68f	1	10	5035e39247d8dbd7
089fb3a9b41e13d30852e8b023e39ed7	1	10	669d875beef677c7
08a0b2a5c263a20e058fe1d98b079a13	1	10	8bc077f5435290cb
08a25022c4136f2ceb36db62ce3503bb	1	10	974c7075ed1d78a1
