ID	max_iters	hash
00063d88244921d6ec46aeab6866a8e2	6	0fd0bd0dcd32560e
00063d88244921d6ec46aeab6866a8e2	20	6fb217d43cc2edd2
00072cf107ae1349c8c59a15c5ce4af1	6	8e2a32170baf37bc
00072cf107ae1349c8c59a15c5ce4af1	20	e9f4608a100246c6
00076733bdbce94d7e44eca84f1425f0	6	NA
00076733bdbce94d7e44eca84f1425f0	20	NA
000781b7a545fe723159e53127aff659	6	NA
000781b7a545fe723159e53127aff659	20	NA
000a41cdca43be89ed62ea3abf2d0b64	6	NA
000a41cdca43be89ed62ea3abf2d0b64	20	NA
000e4e0db67e27083649c20a2a3f761b	6	NA
000e4e0db67e27083649c20a2a3f761b	20	NA
00107d84f57e2371476a7b2cabe0b351	6	75e0d869cf14ff52
00107d84f57e2371476a7b2cabe0b351	20	NA
001304ba2e4e8adbd179aa3d8acb697b	6	9a3265e51dde36bb
001304ba2e4e8adbd179aa3d8acb697b	20	c7a2621bf98fe149
001344c9b3cb1626af1c7c35155cf26a	6	NA
001344c9b3cb1626af1c7c35155cf26a	20	NA
0020aa0c69379226948904ad455b6c09	6	5e2d0c501dd04d62
0020aa0c69379226948904ad455b6c09	20	5e2d0c501dd04d62
00213e27dabcf679205144f3dde5d37e	6	4d84378c751429c8
00213e27dabcf679205144f3dde5d37e	20	4d84378c751429c8
0022f125b13bd7ccc91e793431c67a52	6	NA
0022f125b13bd7ccc91e793431c67a52	20	NA
0025a06f00f6e467f7cf4ef9e649b2a7	6	401ed3a1f02cee5b
0025a06f00f6e467f7cf4ef9e649b2a7	20	NA
00260e67c792062bc3e10e6b94522101	6	NA
00260e67c792062bc3e10e6b94522101	20	NA
0026aaf8bbf2df73cb5db34a7b7a7a04	6	NA
0026aaf8bbf2df73cb5db34a7b7a7a04	20	NA
00274d0721d26f867b2573377712cac9	6	NA
00274d0721d26f867b2573377712cac9	20	NA
00275f3018d50ba38867268739dfc44f	6	0320587385cbf908
00275f3018d50ba38867268739dfc44f	20	20ac1d366b6fc756
002a0330958a14deb23dcc84b5489e8a	6	NA
002a0330958a14deb23dcc84b5489e8a	20	NA
002bed2572e6e326815e674f288de8b4	6	8ebb29acc44a13b5
002bed2572e6e326815e674f288de8b4	20	3bbb81b47cb24514
003154fc91d34d29ec5cf93b0bc32143	6	NA
003154fc91d34d29ec5cf93b0bc32143	20	NA
00316e383123773ae35d3210f5396205	6	f425ea793d6637a9
00316e383123773ae35d3210f5396205	20	84d93c255093aa2d
0033baadbd48d3f880e9b5a733bd4950	6	b8a8a6c676d0a5f8
0033baadbd48d3f880e9b5a733bd4950	20	07633306b0761c0e
0035666407d4ccb5082630045d60a5fe	6	07dfe699ec34afd7
0035666407d4ccb5082630045d60a5fe	20	381dce32583fe49a
0038cea06eae4c3234b7bb65d9a8497c	6	78eae2020bf626c2
0038cea06eae4c3234b7bb65d9a8497c	20	78eae2020bf626c2
003a77d2aa15a5f93aa2cfe79b986c9e	6	808d161d4a1a6f54
003a77d2aa15a5f93aa2cfe79b986c9e	20	e17c13a3352b3755
003de2086be59a5fb7a7aaad0992cf47	6	1d7b511f9fd29a56
003de2086be59a5fb7a7aaad0992cf47	20	a7e9838cdb4ec06b
003deabca05a76f3ee449221a80d8b62	6	NA
003deabca05a76f3ee449221a80d8b62	20	NA
0041051c73dcdd885d412a38e8b09fba	6	15c30d61964f7bda
0041051c73dcdd885d412a38e8b09fba	20	1fb719ba91b4f519
0041f01bcd7d0d1f9541cea6da79ad57	6	131da7759b8ea194
0041f01bcd7d0d1f9541cea6da79ad57	20	6ab80c455aa71640
0042a627dfba7daa62d6ce175540c8a2	6	e5282cd90d21cf21
0042a627dfba7daa62d6ce175540c8a2	20	7e5fde83fb3de8ab
0043cfdde474fa37dfeb5ce5952d22f6	6	7077bde3b9587881
0043cfdde474fa37dfeb5ce5952d22f6	20	ae5560bc650e16f9
0049919cdf9556bfda5bb365af72414c	6	NA
0049919cdf9556bfda5bb365af72414c	20	NA
004b0f451f7d96f6a572e9e76360f51a	6	996969b29078d905
004b0f451f7d96f6a572e9e76360f51a	20	NA
005093e294b0ed0f7b23f341ff68968b	6	NA
005093e294b0ed0f7b23f341ff68968b	20	NA
00547b9476397463c8220560aeeea086	6	NA
00547b9476397463c8220560aeeea086	20	NA
005522cf558f9b77ed345a289384e191	6	018b9168a80341b0
005522cf558f9b77ed345a289384e191	20	180d65833e2376b9
00597fb425e994af7a9d224ef4d09fc4	6	NA
00597fb425e994af7a9d224ef4d09fc4	20	NA
0059d4b1cf79efbc6e6ed50caee0448e	6	62bb21c06269ce7b
0059d4b1cf79efbc6e6ed50caee0448e	20	680c35052edc31fe
005ccb378ced61c02105ed7ee0a62038	6	0ebd1dc665cb42e6
005ccb378ced61c02105ed7ee0a62038	20	ea43b600d229acb3
005d76c0f37b33d8b752f7ebdd157a99	6	39cca480491a23a3
005d76c0f37b33d8b752f7ebdd157a99	20	3442e1f97d9dd988
00613b57720df18bec8d8dc68dc57a7b	6	NA
00613b57720df18bec8d8dc68dc57a7b	20	NA
006282ac3d0013b911249d14c326f53d	6	6123e4cd7647c406
006282ac3d0013b911249d14c326f53d	20	8999b167b252f4c4
0062dc10471119b9e13da682216b190f	6	NA
0062dc10471119b9e13da682216b190f	20	NA
0064aa2e16c9d4b18d32a45d3073fce9	6	893f1d7a64790d00
0064aa2e16c9d4b18d32a45d3073fce9	20	NA
0067d012901f358831afb6d6e5f83767	6	48126095b96385a0
0067d012901f358831afb6d6e5f83767	20	NA
006be0fb3ae0a75aac0e386c2e6c4669	6	NA
006be0fb3ae0a75aac0e386c2e6c4669	20	NA
006c57c6c09a6e4a4402f1dd264cab15	6	NA
006c57c6c09a6e4a4402f1dd264cab15	20	NA
006cc1f4e081e7fd96a50a2171792f21	6	NA
006cc1f4e081e7fd96a50a2171792f21	20	NA
006da0e3f4ad5b1ecd3651e66dbea36d	6	NA
006da0e3f4ad5b1ecd3651e66dbea36d	20	NA
006dcf7e3d0fa7c39b0f542ad0ec949e	6	NA
006dcf7e3d0fa7c39b0f542ad0ec949e	20	NA
006e293dfc476b21c246b963c6eb16b7	6	6695aac45360013f
006e293dfc476b21c246b963c6eb16b7	20	NA
0071b624d91ebe408b0585f8c4e34fd9	6	NA
0071b624d91ebe408b0585f8c4e34fd9	20	NA
0072b0ce5c4ab8386763d10ef88f636e	6	NA
0072b0ce5c4ab8386763d10ef88f636e	20	NA
0072b38614d34eb3c6ffc36aef13ee3a	6	NA
0072b38614d34eb3c6ffc36aef13ee3a	20	NA
00784e1e1a9ae772aae7f33c1fa5fbe2	6	e4d3ff43838b99a2
00784e1e1a9ae772aae7f33c1fa5fbe2	20	e4d3ff43838b99a2
00847fca81490df01b9e239fd6027378	6	711c9462bc6a3115
00847fca81490df01b9e239fd6027378	20	bb5b64f059024824
0085c7242003811caf4b7eff64022e55	6	NA
0085c7242003811caf4b7eff64022e55	20	NA
008d1f79eec2b7712637e48aec7a63cd	6	NA
008d1f79eec2b7712637e48aec7a63cd	20	NA
008d78352c3d630340e6a3ef0d7242d7	6	NA
008d78352c3d630340e6a3ef0d7242d7	20	NA
008e7716c69009090ff6bd0048dc55f8	6	49a03efa42843521
008e7716c69009090ff6bd0048dc55f8	20	NA
008fa3f37db9759dee825665e78e2e80	6	NA
008fa3f37db9759dee825665e78e2e80	20	NA
0091ac9434f528a4007d82d2443d2dc9	6	fb6719613441047e
0091ac9434f528a4007d82d2443d2dc9	20	c15823d9d12e6669
0092f19206d4641caaa3a638914bee3f	6	NA
0092f19206d4641caaa3a638914bee3f	20	NA
0094d44002500c187e3c2d07a13bee7c	6	9867d648375a1b99
0094d44002500c187e3c2d07a13bee7c	20	355aaef1694dbb90
009a4a6c23299b864508393ee726625a	6	e80abfb7e78a4a4e
009a4a6c23299b864508393ee726625a	20	4b5b9c83ccbed353
00a1604721e43896a93b5329e5b38af4	6	NA
00a1604721e43896a93b5329e5b38af4	20	NA
00a30fb1c0150fe3d6692afd2b220887	6	027628ff78f16350
00a30fb1c0150fe3d6692afd2b220887	20	994520f3a73500f6
00a62eb89afbf27e1addf8f5c437da9b	6	8703aa6d15fd2800
00a62eb89afbf27e1addf8f5c437da9b	20	9af7bd9a55ab5e9c
00a981f385cd209d41e1efa1f5f29bac	6	221b6b4ed1d430c1
00a981f385cd209d41e1efa1f5f29bac	20	1f05d2d2a2615c4b
00ae4072f9b57d5d3cfe8919aff1b776	6	NA
00ae4072f9b57d5d3cfe8919aff1b776	20	NA
00aec3b2e38968bf8a922709e2acfccd	6	61c573c631442ef0
00aec3b2e38968bf8a922709e2acfccd	20	9eb40cbf92e9d97b
00aefd1fc30c425075166ca051e57218	6	NA
00aefd1fc30c425075166ca051e57218	20	NA
00b1c27aee52d6dd9e112fa55d4cc1ca	6	NA
00b1c27aee52d6dd9e112fa55d4cc1ca	20	NA
00b46ace235e3915a439c77a231a5657	6	f09a52b21e99e110
00b46ace235e3915a439c77a231a5657	20	6127ca3434bd54dd
00b9b467c26540853360491401da61a5	6	51e637f0f8a4c3e1
00b9b467c26540853360491401da61a5	20	afb6b5458dfa17c8
00bb0b4ef28ed38c49de4c54b9fabc4d	6	b774ea9f3180abab
00bb0b4ef28ed38c49de4c54b9fabc4d	20	cfaaf97cc33b5568
00bbdbb1bc700e4c4ceb0d6e86e33c23	6	29cc352b54cc4c68
00bbdbb1bc700e4c4ceb0d6e86e33c23	20	65d241a243fbe9e3
00be4c67683c8edeca138279e13942cb	6	NA
00be4c67683c8edeca138279e13942cb	20	NA
00be590675417eba2bb2585790ac392d	6	42d89c2ef880d4d3
00be590675417eba2bb2585790ac392d	20	834d3ff0c08a7bd2
00c4c1dfa04e7cd8b7abc80a4a4f7153	6	774a65e80d6c96da
00c4c1dfa04e7cd8b7abc80a4a4f7153	20	b51f5d7d9c0be64b
00d0eef039aa1f9cf1cf2647a58fe313	6	a277a03204292c55
00d0eef039aa1f9cf1cf2647a58fe313	20	3422b2fd0308d9a2
00d1fe07ab948b348bb3fb423b1ef40d	6	8398bd6723b03660
00d1fe07ab948b348bb3fb423b1ef40d	20	78a436346136a7b9
00d239e486137a4f7264adb4fb57d5ae	6	0912b3c1f7d5392e
00d239e486137a4f7264adb4fb57d5ae	20	fa1a1c52685558a7
00d25e6106c5c09bb5d8d0f7eae7385a	6	NA
00d25e6106c5c09bb5d8d0f7eae7385a	20	NA
00d3338cd6cdfa099ff29f036c77d93d	6	NA
00d3338cd6cdfa099ff29f036c77d93d	20	NA
00d41fe5805aef9e2e3b63e1d9497edf	6	0500714134fb651f
00d41fe5805aef9e2e3b63e1d9497edf	20	NA
00d46b1518fddf95bc8ba424e1b5b77d	6	NA
00d46b1518fddf95bc8ba424e1b5b77d	20	NA
00d5f0932042a96518b03e6fd2feaf48	6	NA
00d5f0932042a96518b03e6fd2feaf48	20	NA
00d74259dcca2176f1cd561f52bc0326	6	c2fc34a3e4059ad9
00d74259dcca2176f1cd561f52bc0326	20	c2fc34a3e4059ad9
00df199d465391a52fc37b87f81a957f	6	69cae16650467464
00df199d465391a52fc37b87f81a957f	20	dc99eff241c7a3aa
00e010712b854966aa56caf9c9dc4696	6	NA
00e010712b854966aa56caf9c9dc4696	20	NA
00e1e5a05ed04bcb437bd7fc57a88b7f	6	1cfc3fd5a5f41131
00e1e5a05ed04bcb437bd7fc57a88b7f	20	1cfc3fd5a5f41131
00e289099ea9bcef6a056a8c8ba8a3c0	6	8c87d76b49064b81
00e289099ea9bcef6a056a8c8ba8a3c0	20	31478c3568dd488b
00e32767bee1894beb0b71867f279d36	6	NA
00e32767bee1894beb0b71867f279d36	20	NA
00e45ab8a1baf16155af6e59c3df5dbb	6	a9555d8252f56c3a
00e45ab8a1baf16155af6e59c3df5dbb	20	ca5b3fb926b6baa1
00e5aac4701e62ae50c9f1504057fce8	6	05a5eb83833da66b
00e5aac4701e62ae50c9f1504057fce8	20	4040afa678582600
00e974264f8f9048b68c983f36643115	6	NA
00e974264f8f9048b68c983f36643115	20	NA
00ec2992d59f85705eb8e1f4f1e01b3d	6	70dd8dbe0890b3d7
00ec2992d59f85705eb8e1f4f1e01b3d	20	88b687c57864e526
00ecd19c442956ff9a22584fd9bf439e	6	b7995953bd786ab4
00ecd19c442956ff9a22584fd9bf439e	20	e263d17a902815ad
00ee79ac35e86f955a633d339777cfd5	6	4dbb064f20006d3c
00ee79ac35e86f955a633d339777cfd5	20	303a2232b537c3e6
00f122e0bb11a9bf197002715699e204	6	NA
00f122e0bb11a9bf197002715699e204	20	NA
00f2eb377986e7decbc863931680a3b2	6	50d8d86ce89bde20
00f2eb377986e7decbc863931680a3b2	20	3b869c2c2fbc90c0
00f4aca773e5675f35263dcd46b15bde	6	3e4f07d47ea4834b
00f4aca773e5675f35263dcd46b15bde	20	2c2ad2102938c7d1
00f88a15e12e7b364077c33125a35547	6	434a64d9d883a8eb
00f88a15e12e7b364077c33125a35547	20	024d74a93e863fca
00f969737ba4338bd233cd3ed249bd55	6	afe95182b0f2add1
00f969737ba4338bd233cd3ed249bd55	20	6c284c391ad63dfa
00fefbd32304db604a87910d187e8365	6	38302af697c3c8da
00fefbd32304db604a87910d187e8365	20	NA
0101d013a916d903e8e618d7db1edbb3	6	NA
0101d013a916d903e8e618d7db1edbb3	20	NA
01077fa04638a98befd66bff16f4accd	6	NA
01077fa04638a98befd66bff16f4accd	20	NA
01079ada0aa5a4f3bf4bb131b807eb38	6	NA
01079ada0aa5a4f3bf4bb131b807eb38	20	NA
0107da33f8475f96dcaa3bd57e3cfb0f	6	NA
0107da33f8475f96dcaa3bd57e3cfb0f	20	NA
0107f34364dfff8ab062193b2c71b4de	6	de72199386bd26f2
0107f34364dfff8ab062193b2c71b4de	20	63bbb65ad026862a
01092687660de604975b7e75932607b7	6	88108eefe542957f
01092687660de604975b7e75932607b7	20	f771e0a2908f2991
010a035bfd273b17438896d04f47b4be	6	NA
010a035bfd273b17438896d04f47b4be	20	NA
010c2e0ca6399116d206100ca14aa880	6	03cbb2eea195e077
010c2e0ca6399116d206100ca14aa880	20	3db913c64cd33d40
010c9d7a6e9e6cac63f110915d9dd56e	6	df5241e557c82d01
010c9d7a6e9e6cac63f110915d9dd56e	20	4ed911e2c3f5e9ee
010eb724ccc815100d40bcc948f9c598	6	0eaf100857e05cb7
010eb724ccc815100d40bcc948f9c598	20	0eaf100857e05cb7
01135f7a79d555bd0406f00fac22cbe2	6	NA
01135f7a79d555bd0406f00fac22cbe2	20	NA
01136f74588604a67b5e5950a2525129	6	NA
01136f74588604a67b5e5950a2525129	20	NA
0113bc2aba73927ba3828baab15fb8c6	6	NA
0113bc2aba73927ba3828baab15fb8c6	20	NA
0114ad337fee86dfb02871d8a971b130	6	NA
0114ad337fee86dfb02871d8a971b130	20	NA
0119a8fe54c110d927344cd950a43671	6	NA
0119a8fe54c110d927344cd950a43671	20	NA
01209700b6b45ca5fda7fbcb17765db1	6	NA
01209700b6b45ca5fda7fbcb17765db1	20	NA
0121f7a2adac25bb3f01fb841fdce55f	6	5442c419b3e876f6
0121f7a2adac25bb3f01fb841fdce55f	20	8fdc63d7dd81818c
01225987412b6f8423cc68be93385f6e	6	3a19656c8a0b636b
01225987412b6f8423cc68be93385f6e	20	344bf7991d00624d
01243b47967a3d012ea22e993355c833	6	NA
01243b47967a3d012ea22e993355c833	20	NA
012a40c3c94a3f1701efa5e73611529c	6	e0e2461b1537faa9
012a40c3c94a3f1701efa5e73611529c	20	da9e412ee8ff0e6f
012e56e8b23c29cb222b64bdeb523409	6	bd6e593aadd64642
012e56e8b23c29cb222b64bdeb523409	20	b1a7c6cfa3a46ea1
01363e6edd7b668dcd8706534c4e1f4f	6	NA
01363e6edd7b668dcd8706534c4e1f4f	20	NA
0136adb99bdca756b28f8aca2bf8a1b3	6	e72b7d92764fa2e5
0136adb99bdca756b28f8aca2bf8a1b3	20	ee25276b6f311cc0
013a51ccada51812061ed2d6504e23a5	6	3c9b9a200fa37ef8
013a51ccada51812061ed2d6504e23a5	20	9f8b2c624bddf1ba
013eb6c4963e5a4724c4b34599f0bb64	6	NA
013eb6c4963e5a4724c4b34599f0bb64	20	NA
013ed5a359706d5bc4ce7e2dac38bad8	6	NA
013ed5a359706d5bc4ce7e2dac38bad8	20	NA
0141b82b3d2a411d8c2168119e2d7452	6	6634d507eb1336b0
0141b82b3d2a411d8c2168119e2d7452	20	ab407db4e6d4bec3
014a36afe8dfc0c7cd6098f66fb8756a	6	17688f3cbf926c6b
014a36afe8dfc0c7cd6098f66fb8756a	20	17688f3cbf926c6b
014eb73b695be1a41c61e15ca919f0f8	6	NA
014eb73b695be1a41c61e15ca919f0f8	20	NA
0151782431fa0ec1f855523721c52682	6	NA
0151782431fa0ec1f855523721c52682	20	NA
0151bedac526ee195bc52e4134cd80e7	6	NA
0151bedac526ee195bc52e4134cd80e7	20	NA
0151ced92d88d7b46424ccf1d26d7716	6	NA
0151ced92d88d7b46424ccf1d26d7716	20	NA
0152ba35c2942027426ebe4a074f5fdf	6	NA
0152ba35c2942027426ebe4a074f5fdf	20	NA
0152d286cde406747d179c36a95c2fdc	6	4f7586cd7a098916
0152d286cde406747d179c36a95c2fdc	20	0c3a3c8d30826638
0154182ac2508df34a7bf7120a368e70	6	NA
0154182ac2508df34a7bf7120a368e70	20	NA
015a78f0b46546a98970be8f3101443c	6	4909d383f0190b95
015a78f0b46546a98970be8f3101443c	20	cf8aec1798dd5118
015a8c86d53869abb26f9dbe4a5f1e54	6	7a2601ae31e0a4ef
015a8c86d53869abb26f9dbe4a5f1e54	20	7a2601ae31e0a4ef
01653db16d6cedc27f5314d680efc055	6	61d8fa2a7fa6ebd9
01653db16d6cedc27f5314d680efc055	20	441cb2d4e38db792
01657386753a1369dd286a3fee9062e4	6	4d08dcd6527eba1f
01657386753a1369dd286a3fee9062e4	20	4d08dcd6527eba1f
01665130994f549bc94ea4b1e91111cd	6	NA
01665130994f549bc94ea4b1e91111cd	20	NA
0167ead7da1e981805564ca981f64bea	6	af0420e147f09450
0167ead7da1e981805564ca981f64bea	20	aea6b3ea5e566862
016ad2dcc5ac2bb3eb555f2a8a6e412b	6	b0322afc835ee61f
016ad2dcc5ac2bb3eb555f2a8a6e412b	20	eaa3f1a6eab4aa84
016c52d4105ea384ade3644ab71415c4	6	d389a3bffcdf917e
016c52d4105ea384ade3644ab71415c4	20	e6b64ad4f6908182
016fa607917cff1ece5bd5c624a49491	6	fea066a803d87857
016fa607917cff1ece5bd5c624a49491	20	e7436fa6153e93b1
0174593b6652936010405e3f4b6799c1	6	NA
0174593b6652936010405e3f4b6799c1	20	NA
0176764afff2ea9f16a90fec9a516ed2	6	67227045efb0853b
0176764afff2ea9f16a90fec9a516ed2	20	NA
0177419016ca9d3abad0c15998bdf72f	6	NA
0177419016ca9d3abad0c15998bdf72f	20	NA
01796eb1fc5b82e2d36e60dacb631250	6	NA
01796eb1fc5b82e2d36e60dacb631250	20	NA
017ba03ed108f492c9293c7c95e5cae9	6	820081baac57713a
017ba03ed108f492c9293c7c95e5cae9	20	b3a2d9ab8f5fd9ff
017bba0f995e6d9921253e5a59521435	6	2cfad8a7b0d359d2
017bba0f995e6d9921253e5a59521435	20	31812bb8b7eb190b
017d217fc0568c83c47f2c35bb685481	6	NA
017d217fc0568c83c47f2c35bb685481	20	NA
017fe0fa773f3213acb3fc70d12a0d5f	6	NA
017fe0fa773f3213acb3fc70d12a0d5f	20	NA
01813075a2ddb68ae1fc655ca003437e	6	NA
01813075a2ddb68ae1fc655ca003437e	20	NA
01843a0195183ca14246a88bf7bad482	6	c9ee39eedc77d1a6
01843a0195183ca14246a88bf7bad482	20	59f90af1dff8bcf2
0184fc46a3e15163bf4f114a2689fe5c	6	NA
0184fc46a3e15163bf4f114a2689fe5c	20	NA
018b45eea6e1db3dc076ce5650c1b33a	6	NA
018b45eea6e1db3dc076ce5650c1b33a	20	NA
018baa8023b064875f9459bb4b164239	6	NA
018baa8023b064875f9459bb4b164239	20	NA
018e0d55855905e9914c4c1af52eea55	6	e9d5ecadbb6203fa
018e0d55855905e9914c4c1af52eea55	20	9fd094fa8d287238
019044d2c20a2f868da3325a8392ae49	6	NA
019044d2c20a2f868da3325a8392ae49	20	NA
0191a0bf3412ed407ba669f8d69081ee	6	1439a895a59b4bdb
0191a0bf3412ed407ba669f8d69081ee	20	4cd172f8d66b18f4
019312023ae44dd892cd3f62550aea6e	6	64569ab70e0f804e
019312023ae44dd892cd3f62550aea6e	20	64569ab70e0f804e
01933666e24a4fcb6240ce46b6160380	6	1272edda034ddd36
01933666e24a4fcb6240ce46b6160380	20	c98fd5c912049ec3
0193bb2b5b7c07ad179001c34a885f6c	6	54318a18a283f008
0193bb2b5b7c07ad179001c34a885f6c	20	1ecb08f0f8b917d4
01943b1d6f8e65a44e99f97da3236241	6	833e6c9ec5085a6c
01943b1d6f8e65a44e99f97da3236241	20	e92327dc2b0d708e
0194a15658e15953f779d436681f1199	6	b0aae02ebb2d2c59
0194a15658e15953f779d436681f1199	20	2401611258b49a9c
01950351dd73990085d75e125b1551de	6	NA
01950351dd73990085d75e125b1551de	20	NA
0195cb8a6b36b6e6fe6b23365828e198	6	e48ce79d76675567
0195cb8a6b36b6e6fe6b23365828e198	20	3196f1f20cb800e1
01966a0fc52b2200a13f5f835275a919	6	1559720f7cc5c324
01966a0fc52b2200a13f5f835275a919	20	2d28e76938c20177
01979ca4966cc363ec3caeebd8d3fc31	6	b0dde9116cceb01e
01979ca4966cc363ec3caeebd8d3fc31	20	64e151b7da14924d
019dc69c96737c3d62696c9acf3edf1b	6	NA
019dc69c96737c3d62696c9acf3edf1b	20	NA
01a160920ac2891c97339805cb3093b1	6	NA
01a160920ac2891c97339805cb3093b1	20	NA
01a2e098e96522a52a76c783a5b0b587	6	NA
01a2e098e96522a52a76c783a5b0b587	20	NA
01a74343f618546e9ad2a60849140317	6	1ae845e414cbf706
01a74343f618546e9ad2a60849140317	20	fa07b16f5706d441
01a7a38902771cf5e7f37b7e0275b0fb	6	NA
01a7a38902771cf5e7f37b7e0275b0fb	20	NA
01a82297e8d8f68eeeb26329d1bf26c2	6	7d5737595c2671bb
01a82297e8d8f68eeeb26329d1bf26c2	20	8a02fa7a22d910ab
01af042093bf36119811b6e658e7a231	6	141c4a21dbd97fa9
01af042093bf36119811b6e658e7a231	20	3220c4d3c6abb521
01b105afb0dcb7a28cfe775c98b6ee00	6	371c9e804566f7c2
01b105afb0dcb7a28cfe775c98b6ee00	20	1fba039d6837f442
01b4cb9b343aef8334f5d22e4d8f0380	6	NA
01b4cb9b343aef8334f5d22e4d8f0380	20	NA
01bc467c0134087a88cb308e5fb259ec	6	75e7c6c79080488a
01bc467c0134087a88cb308e5fb259ec	20	cb2759e3002e4e64
01bc4d75a43a8293132d0be627341207	6	7db88f9b72e80c08
01bc4d75a43a8293132d0be627341207	20	21fbfdd517e4ed0b
01bd0865ab694bc71d80b7d285d5777d	6	NA
01bd0865ab694bc71d80b7d285d5777d	20	NA
01c09bcfbd1f9c2cf781d37abdfc7473	6	NA
01c09bcfbd1f9c2cf781d37abdfc7473	20	NA
01c48559d4870a5f3216291060fbeb39	6	981e6035b3610bb1
01c48559d4870a5f3216291060fbeb39	20	7cd75ccde492f029
01c64036a1e08f96e79e92d72cb8626c	6	f3af23daa38ac8d0
01c64036a1e08f96e79e92d72cb8626c	20	935a4b59b9064835
01cced75cb378574bc849f76e909c94f	6	NA
01cced75cb378574bc849f76e909c94f	20	NA
01cf0326d2ab46b71fe4e2eac97b2b18	6	df9b6246ec19f815
01cf0326d2ab46b71fe4e2eac97b2b18	20	e741c3bc805d524b
01d037bf22a943430790eedd667f415e	6	NA
01d037bf22a943430790eedd667f415e	20	NA
01d12e6a44b845def1455663b490d7cc	6	b1ac60a7359fdddd
01d12e6a44b845def1455663b490d7cc	20	b1ac60a7359fdddd
01d142c43f3ce9a8c5ef7a1ecdbb6cba	6	3ec5c6883634069d
01d142c43f3ce9a8c5ef7a1ecdbb6cba	20	4e3281da7ebdef4e
01d494c2afa4960a236bf8412e2bd08a	6	NA
01d494c2afa4960a236bf8412e2bd08a	20	NA
01d55a3ba267f6b2a2911c9239f2bd31	6	NA
01d55a3ba267f6b2a2911c9239f2bd31	20	NA
01d7029fd605b0f8aa31ce2260b9f874	6	806952dc90e019ee
01d7029fd605b0f8aa31ce2260b9f874	20	6d35012fa47314d1
01da0d23a7273b00c0252c1ca964444f	6	4837e084b5662646
01da0d23a7273b00c0252c1ca964444f	20	4837e084b5662646
01db0170c4c634550cc710a645093cfb	6	dd927d7343fb5110
01db0170c4c634550cc710a645093cfb	20	dd927d7343fb5110
01dd5feb463fa80f73809718f6ff735b	6	NA
01dd5feb463fa80f73809718f6ff735b	20	NA
01df60e0a1690421fa6d8e73358af751	6	9d01605bb190e765
01df60e0a1690421fa6d8e73358af751	20	NA
01e407c1be777e7a6bff6f69c871191e	6	cce40401f56c2810
01e407c1be777e7a6bff6f69c871191e	20	eb53cf1033c42fe5
01e457295031b531787c8f092a9487f1	6	NA
01e457295031b531787c8f092a9487f1	20	NA
01e460fb1710367a663ab3f7274270db	6	NA
01e460fb1710367a663ab3f7274270db	20	NA
01e6b02d61a5105f4cc4d1275e4ee626	6	cf044806b0760bda
01e6b02d61a5105f4cc4d1275e4ee626	20	cf044806b0760bda
01e7e51d745a9ffd5d8c0d4be157a6ea	6	1f9d6a6214d9481c
01e7e51d745a9ffd5d8c0d4be157a6ea	20	4d427bcf2b4391d4
01efd93e498fa0aa8b15a225c0222824	6	0be5860b96d4e024
01efd93e498fa0aa8b15a225c0222824	20	e9f02eeaf9aae615
01f6f378126fba702bfdca976b9ae406	6	NA
01f6f378126fba702bfdca976b9ae406	20	NA
01fb606163f23f52d676aa4f46b4381a	6	32f7f26e2db0fda3
01fb606163f23f52d676aa4f46b4381a	20	515f20192ef30888
02009b14e291072e12a5b27dffdf5a7b	6	NA
02009b14e291072e12a5b27dffdf5a7b	20	NA
0202cc5d16223bceb61e66cc4d7168f7	6	NA
0202cc5d16223bceb61e66cc4d7168f7	20	NA
0202d973562cc1efd380b93faf711df3	6	NA
0202d973562cc1efd380b93faf711df3	20	NA
02039a75cd47093fce9f1af3ab61a5e8	6	NA
02039a75cd47093fce9f1af3ab61a5e8	20	NA
0205c97b33f228ca830b36156eae9bc9	6	4fb73b48477798d8
0205c97b33f228ca830b36156eae9bc9	20	e64af1f9f30484a7
0205e0724a8a912dde9ad7dfba2aee0b	6	2929f5c4975e64d8
0205e0724a8a912dde9ad7dfba2aee0b	20	3cb877946ad1b521
02066c116dbacc40ec5cca2067db26c0	6	03697e3eee831259
02066c116dbacc40ec5cca2067db26c0	20	3fd37cb0db0f33cb
020bb8e3ad83c3e377648b6103c6fb4a	6	NA
020bb8e3ad83c3e377648b6103c6fb4a	20	NA
020c63aa1ae5c6fe7aeb8e2fbef99a3c	6	NA
020c63aa1ae5c6fe7aeb8e2fbef99a3c	20	NA
021331d523ad3092616ff99cf0c6c355	6	NA
021331d523ad3092616ff99cf0c6c355	20	NA
021686368317a35103f1f671f783d958	6	NA
021686368317a35103f1f671f783d958	20	NA
0216f9d35f2b695b904fffb312e3e611	6	2297d23eca9d9c60
0216f9d35f2b695b904fffb312e3e611	20	d9dd83f5940e3b89
02189c82c0395b9968ecb32895bc73c2	6	ba6bee8902ea1dbd
02189c82c0395b9968ecb32895bc73c2	20	ba6bee8902ea1dbd
02197ec055ea06c347bf1c6ceb6facf7	6	NA
02197ec055ea06c347bf1c6ceb6facf7	20	NA
02223564bd2f5c20768e63cf28c785e3	6	181248d769fc3a54
02223564bd2f5c20768e63cf28c785e3	20	924bdf95242f5650
02257f12aa71e6622d2bf4d0f7111ebf	6	d2e3e0e604de53ca
02257f12aa71e6622d2bf4d0f7111ebf	20	426c2c6b133ab34d
0225fa9581c622e5abbc8497a97edf4e	6	26d98cd1bdb39740
0225fa9581c622e5abbc8497a97edf4e	20	ddca575f1b108957
0227c865edaeda75e13eea36d57b7eed	6	a70b30f82533a817
0227c865edaeda75e13eea36d57b7eed	20	e60ad3bb5f431415
022b841952d37f0d6a0d050c9b4b0071	6	f11bbfaca36b6ba1
022b841952d37f0d6a0d050c9b4b0071	20	e0953358e64ff998
022d902dc901cc9dbcb9e9af8b6728e2	6	NA
022d902dc901cc9dbcb9e9af8b6728e2	20	NA
022d99ed11a6bbad03a8d07be558411b	6	NA
022d99ed11a6bbad03a8d07be558411b	20	NA
022dc7e9935f3570c088db58bd84b2c6	6	a2a1ee1925a56b0f
022dc7e9935f3570c088db58bd84b2c6	20	89207df6d3be7f69
022e05157f3057a9888a85eb94a26d3a	6	76029677130bb613
022e05157f3057a9888a85eb94a26d3a	20	40bf43efc7d9d0ef
022fd6b1d5a66e11de5fdb58d51db99c	6	8ff339f727912bff
022fd6b1d5a66e11de5fdb58d51db99c	20	4751bba5543ab923
0230774d18baa0fb8e3267dcac0014f3	6	NA
0230774d18baa0fb8e3267dcac0014f3	20	NA
0232a4f59601e7a78fa29e06d5091764	6	NA
0232a4f59601e7a78fa29e06d5091764	20	NA
02393be00525d205cbe0b6ca8ed22f48	6	e8611e2d15bf6a41
02393be00525d205cbe0b6ca8ed22f48	20	4540006c6483e383
023e522c9160d4d1584c5ce1a6ce48d1	6	fe09fd6cd3617876
023e522c9160d4d1584c5ce1a6ce48d1	20	5682eba774d01dd7
02404a08ea36dd43362bbddc578c839d	6	b2fb054367075fe2
02404a08ea36dd43362bbddc578c839d	20	1fc1d45e38bccfd0
0240f5bddc39ad2f0a786c811fc434a8	6	NA
0240f5bddc39ad2f0a786c811fc434a8	20	NA
0241f35c5752768d2b0580533d143a14	6	NA
0241f35c5752768d2b0580533d143a14	20	NA
0246c609c3a0f893028313b2291dac7c	6	NA
0246c609c3a0f893028313b2291dac7c	20	NA
024750eb1d45dbe3c081ff3372fff5be	6	45f5f93f40069d53
024750eb1d45dbe3c081ff3372fff5be	20	64887bae746f2982
024af9416f8c1dad1b4f974757e38d51	6	NA
024af9416f8c1dad1b4f974757e38d51	20	NA
024bff5f92c610e530b3756f2ccb037d	6	NA
024bff5f92c610e530b3756f2ccb037d	20	NA
024d71cebfe2f5c3b574e2482b2c7b66	6	72e60a9821d3e948
024d71cebfe2f5c3b574e2482b2c7b66	20	79c088bde80c9512
024ea469a7c368eadf441544cae9f90c	6	NA
024ea469a7c368eadf441544cae9f90c	20	NA
02505bcdae17368b0b44efe673160eda	6	3589cf8a1a64c076
02505bcdae17368b0b44efe673160eda	20	538a43913f6b5116
0257941d88a81ef2839a94587d03e87f	6	de76ddc8f4f00c7d
0257941d88a81ef2839a94587d03e87f	20	bdf25f9dc265eea9
025890af6c6f91ea4e405dbccab6be90	6	NA
025890af6c6f91ea4e405dbccab6be90	20	NA
025b05bcc900fa8e2675ba23c6e6d454	6	810262b9d49ded1d
025b05bcc900fa8e2675ba23c6e6d454	20	6892d443bc7a4a0a
025b4355cf82995a0c901b109bb2be55	6	81a8e7f3735c7e13
025b4355cf82995a0c901b109bb2be55	20	a16ebed43f85423c
025fe6b9b2e74c53011badb9f2c79976	6	NA
025fe6b9b2e74c53011badb9f2c79976	20	NA
02609dfe236c0c2beeac79e61cbe6151	6	NA
02609dfe236c0c2beeac79e61cbe6151	20	NA
0261b44c278c36459061c368aa00575a	6	NA
0261b44c278c36459061c368aa00575a	20	NA
02627689047d06fbb642eef14768d751	6	a934f6ee730df905
02627689047d06fbb642eef14768d751	20	NA
0262e0507796703aeed95b8eb6346828	6	053c5421ecd42b5b
0262e0507796703aeed95b8eb6346828	20	4630c7e848c28bdf
0265448c232e3a25aa5bcd29b1b14567	6	9728e3de5a2dd478
0265448c232e3a25aa5bcd29b1b14567	20	e6885222dae27de4
026697efcbda72c2263c11b12cd22677	6	6f3bda54bfbe2b31
026697efcbda72c2263c11b12cd22677	20	NA
026c28cff76457b2fa8eba99520a0f9a	6	931f3029fd9cd1c1
026c28cff76457b2fa8eba99520a0f9a	20	7282158cd09458e3
026d5d5889dc62956ad30fa3a6ed61e4	6	NA
026d5d5889dc62956ad30fa3a6ed61e4	20	NA
0272edf70e38a36b32b924ceb16c7156	6	NA
0272edf70e38a36b32b924ceb16c7156	20	NA
027330866147a897c5c9b5d4d47d28cb	6	NA
027330866147a897c5c9b5d4d47d28cb	20	NA
0275407378707ad9eed2f8b30386a789	6	883a8d3debfa83d9
0275407378707ad9eed2f8b30386a789	20	78de299b2f048b7c
027761d107a7927810afd569bfd81a4e	6	f5d1de20ba59a768
027761d107a7927810afd569bfd81a4e	20	f702fb6bb4922be1
0278eee117c3821771e2d18d710a89ad	6	ea779640b954a5c5
0278eee117c3821771e2d18d710a89ad	20	472f12b2d8f271c4
027b35979bc619b89cad395d958b3270	6	NA
027b35979bc619b89cad395d958b3270	20	NA
027dd75e80e8fd4374ed8eec187f956a	6	fe34afbd6ddde557
027dd75e80e8fd4374ed8eec187f956a	20	6eefa2b63edc9c05
0286e90d6f0176c6f49ca4b6d0c08dff	6	NA
0286e90d6f0176c6f49ca4b6d0c08dff	20	NA
028d0cc7af63e9bba5795f20e24db4f6	6	8ad41e55c3b9e3a7
028d0cc7af63e9bba5795f20e24db4f6	20	acb811edb99d6e7f
028d1cef617dc62904ce9a7718081d4b	6	NA
028d1cef617dc62904ce9a7718081d4b	20	NA
0291268a34c2d681dbed04f2c169fa9f	6	NA
0291268a34c2d681dbed04f2c169fa9f	20	NA
0294158664d9ada36bd23fbb652cb823	6	1457fb0db4f0e2a0
0294158664d9ada36bd23fbb652cb823	20	c428b52323cce887
029769d31380aed4e9915d27c73d18d6	6	7fed5667a3abb934
029769d31380aed4e9915d27c73d18d6	20	f5b9409dd6424e4f
0297c2a35f116ffd5382aea5b421e6df	6	a575606996632124
0297c2a35f116ffd5382aea5b421e6df	20	a575606996632124
0299da6b2088736e46a6ebf067804596	6	aac7f04dc71e6d09
0299da6b2088736e46a6ebf067804596	20	d250691e097911b6
029a78f54a28bab5de0ac9ea07823e74	6	NA
029a78f54a28bab5de0ac9ea07823e74	20	NA
029cf5345cbde37e75d11fe7c9f07ded	6	NA
029cf5345cbde37e75d11fe7c9f07ded	20	NA
029ef821bff942b1be483e35b4256d79	6	NA
029ef821bff942b1be483e35b4256d79	20	NA
029f943a34e4b12fa59c6a3664e481bb	6	NA
029f943a34e4b12fa59c6a3664e481bb	20	NA
02a5d44d0559dc046e591dd8c10f2c10	6	fffff852c7874007
02a5d44d0559dc046e591dd8c10f2c10	20	2983335a047c4515
02aa8df7d5f231c1fa8c138bf71881b8	6	2a33b14f6d13c11d
02aa8df7d5f231c1fa8c138bf71881b8	20	04fe73aaee834dff
02aab5b634bc3b1de8567a15f468dd53	6	NA
02aab5b634bc3b1de8567a15f468dd53	20	NA
02abb73bd8e7095a9f18f82d8239eb97	6	6679fa28b360177e
02abb73bd8e7095a9f18f82d8239eb97	20	5d63c68aa8003cce
02ad1665470545464a4d28a0d4b94570	6	b9377ee53e1e8589
02ad1665470545464a4d28a0d4b94570	20	NA
02ad294c09a41578dac649a64b6aadd6	6	c45aeae68d563269
02ad294c09a41578dac649a64b6aadd6	20	72e460eef3a5887e
02ae49a7f45355f52f90208a8ba5164d	6	NA
02ae49a7f45355f52f90208a8ba5164d	20	NA
02ae8832f0c2821eef1e72d3df540a22	6	NA
02ae8832f0c2821eef1e72d3df540a22	20	NA
02b0ba33fc854c843c151f951be44010	6	f576a49a39fc6d78
02b0ba33fc854c843c151f951be44010	20	7de7757c030ca612
02b385a378c232c0671c7ccae533ddfb	6	NA
02b385a378c232c0671c7ccae533ddfb	20	NA
02b3ef3c69fd77ed8ef830f4256b0022	6	NA
02b3ef3c69fd77ed8ef830f4256b0022	20	NA
02b60dfe8004125530bfd1b4d055dc6b	6	NA
02b60dfe8004125530bfd1b4d055dc6b	20	NA
02b69d0e5c2b68d5c3d650164b6c277d	6	988064cc4df71061
02b69d0e5c2b68d5c3d650164b6c277d	20	093bd5783f1094b9
02bc149bbe801807912f651c7bad3e74	6	0dd3bfd9c25c1260
02bc149bbe801807912f651c7bad3e74	20	7f950ee3b10ea18b
02c18b0862662b066404f55c815e459b	6	NA
02c18b0862662b066404f55c815e459b	20	NA
02c1c6307289afd9f6ac81979b251df2	6	NA
02c1c6307289afd9f6ac81979b251df2	20	NA
02c1d1c6fb0c6558032f7b5f115702cf	6	NA
02c1d1c6fb0c6558032f7b5f115702cf	20	NA
02c23ebafea72bcb7135ab806aa3e1a6	6	35fa3a60c8945a28
02c23ebafea72bcb7135ab806aa3e1a6	20	6d4678398f6e3a26
02c3dfc0e9c16c69a66b5b7412e512ef	6	NA
02c3dfc0e9c16c69a66b5b7412e512ef	20	NA
02c3f1d24074cba45a64d0b4b5aa0238	6	NA
02c3f1d24074cba45a64d0b4b5aa0238	20	NA
02c6fe8483e4f4474b7ac9731772535d	6	125c58132f7e6853
02c6fe8483e4f4474b7ac9731772535d	20	NA
02cba4bd89eb7ecbf0f063c4c4fef7d6	6	493791213bc272e6
02cba4bd89eb7ecbf0f063c4c4fef7d6	20	493791213bc272e6
02ce47de081045ece3d651b805235346	6	20adf568900099d9
02ce47de081045ece3d651b805235346	20	4dbd6dfc7b3333ef
02cf287a41c2cc7a79c682495df002d4	6	NA
02cf287a41c2cc7a79c682495df002d4	20	NA
02cf500db31aa951989bf4947d9165e5	6	20a57ba65bf61058
02cf500db31aa951989bf4947d9165e5	20	43e862622bd945aa
02cfa5a71b5c89a1b10b5f5a5221ed05	6	805094196c44a93b
02cfa5a71b5c89a1b10b5f5a5221ed05	20	NA
02cff9bea08ed95b701d23e743e2ce13	6	726ae341415022b1
02cff9bea08ed95b701d23e743e2ce13	20	713481d723ffdbe6
02d15c71f00ba4808c8efff0ed6d71ce	6	f3b14bf76919eee7
02d15c71f00ba4808c8efff0ed6d71ce	20	a1df31e8f8f5528a
02d4f72ae5dd9be8edcd3bff7e63f8ad	6	ecc99e6414490ed8
02d4f72ae5dd9be8edcd3bff7e63f8ad	20	d68c0764c2fa601a
02d8847ee38504792705d794eb93e9a7	6	NA
02d8847ee38504792705d794eb93e9a7	20	NA
02d8ce98d8be14b6cb115dd4752d7c09	6	919bf7da354992d1
02d8ce98d8be14b6cb115dd4752d7c09	20	919bf7da354992d1
02da8e9305ee7b4ad33c348f46afebea	6	1ee70d77208af0f1
02da8e9305ee7b4ad33c348f46afebea	20	eec12a0d5f08d6dc
02de69784e1bd36ed3ac1a0a7371fad0	6	NA
02de69784e1bd36ed3ac1a0a7371fad0	20	NA
02e336c79a69ddf2e868232321abd154	6	NA
02e336c79a69ddf2e868232321abd154	20	NA
02e4f23ed59566d343b605dc2cc30a01	6	e9851daf6dd7fce8
02e4f23ed59566d343b605dc2cc30a01	20	3bc29c3813799ea2
02e781d6f1761a8135a599de8c34bc88	6	c2750b1eaed15f26
02e781d6f1761a8135a599de8c34bc88	20	9510687a8744e026
02ee4550987a8545d00d0ad14d4b215c	6	c28aefb1f9ac2387
02ee4550987a8545d00d0ad14d4b215c	20	5bb5c7521a2e6214
02eef920cd1aab9ef3492fe27bf515c4	6	49d0f58a325093b7
02eef920cd1aab9ef3492fe27bf515c4	20	5c50b4388e000dda
02eff2cc9db1e6abe53e55e9e3f5277f	6	65d83ec91987bd77
02eff2cc9db1e6abe53e55e9e3f5277f	20	bb87d003b6724137
02f019f0a4040c0f9b52cd910997a362	6	5f4eaf583b2d53e5
02f019f0a4040c0f9b52cd910997a362	20	1f06c1cbffce5907
02f2343e32f9070f149708d77556b4aa	6	NA
02f2343e32f9070f149708d77556b4aa	20	NA
02f3a178829aa3838b2ad9a14f986913	6	NA
02f3a178829aa3838b2ad9a14f986913	20	NA
02f3e7cd5ffb56be6f619896a40fd628	6	f5e3af8a36ba5f13
02f3e7cd5ffb56be6f619896a40fd628	20	35a5e047712a026b
02f6ca52f1ada872d82035088701b66a	6	NA
02f6ca52f1ada872d82035088701b66a	20	NA
02fe323166b147f507e045f04062854d	6	NA
02fe323166b147f507e045f04062854d	20	NA
02ff9a8d99be52af14523c433e6caff4	6	be914e5a52db1766
02ff9a8d99be52af14523c433e6caff4	20	15bc958a9b174e48
0300d80a6c897c389a07ee4bcf3e926c	6	1440e923c1410c5b
0300d80a6c897c389a07ee4bcf3e926c	20	f91ffd6567ea6308
03041657b7177746724b819433c83b20	6	NA
03041657b7177746724b819433c83b20	20	NA
03083b81684212efcf3f415df0127130	6	NA
03083b81684212efcf3f415df0127130	20	NA
0309535f129965796de4193e1605bfa9	6	NA
0309535f129965796de4193e1605bfa9	20	NA
0309ea422084568c2b4df13b32094380	6	ab5e5a3f81857d52
0309ea422084568c2b4df13b32094380	20	7befecbba285c60e
030ae49b1ccd2bdce8a35ae95997bdca	6	NA
030ae49b1ccd2bdce8a35ae95997bdca	20	NA
030f36e3ef0e56533706d6c1b4fd31e1	6	NA
030f36e3ef0e56533706d6c1b4fd31e1	20	NA
0313ef9736992ac0bef42713aedf8a1f	6	8de1ee7a63a3fe95
0313ef9736992ac0bef42713aedf8a1f	20	8de1ee7a63a3fe95
0316093cadcfd18a4e30b7974e62fecd	6	NA
0316093cadcfd18a4e30b7974e62fecd	20	NA
031757c0a6797eddf3e84bcefbbdb753	6	NA
031757c0a6797eddf3e84bcefbbdb753	20	NA
031a9d2143b30c6682f1f8fe23526804	6	633811f73f57748e
031a9d2143b30c6682f1f8fe23526804	20	NA
031c116d206f65d7c267d30108cd00a0	6	NA
031c116d206f65d7c267d30108cd00a0	20	NA
031c99d72be38eedacc8b402784e9821	6	49d6cb16f4fbea0a
031c99d72be38eedacc8b402784e9821	20	NA
031daf860acbce867db7559c74bb1c60	6	49208523b0f6b3ce
031daf860acbce867db7559c74bb1c60	20	000248bc3c62dcb9
031f2533749fafff58983d342f8c7ee3	6	NA
031f2533749fafff58983d342f8c7ee3	20	NA
0320af21bba8b8cd940a95277377803d	6	4dcecce8c0cf7f1f
0320af21bba8b8cd940a95277377803d	20	e4f49a4a1575bfd6
032117a0ac42531420174f9b1234b6de	6	NA
032117a0ac42531420174f9b1234b6de	20	NA
0321654854668173ef9983b879622722	6	NA
0321654854668173ef9983b879622722	20	NA
032172c44f98289cf10e06ffeaf7745b	6	NA
032172c44f98289cf10e06ffeaf7745b	20	NA
0325f5bdfff16d1756f786bfdccd2d26	6	2afe3cf2c7c68846
0325f5bdfff16d1756f786bfdccd2d26	20	7cde186670f9efeb
0327aa4bd6b07b94d14e53efc57d0d00	6	NA
0327aa4bd6b07b94d14e53efc57d0d00	20	NA
032941f5f28c9ac53fa1c80d35f3206f	6	NA
032941f5f28c9ac53fa1c80d35f3206f	20	NA
03332c1d032fcd09f91254199387215a	6	NA
03332c1d032fcd09f91254199387215a	20	NA
033560dbd1b4d3545b4b40ef90aaaa29	6	5068a524136ddfb1
033560dbd1b4d3545b4b40ef90aaaa29	20	NA
0336f81b60baac5b8f481dd3c32861a5	6	9df4f97be47c5ee8
0336f81b60baac5b8f481dd3c32861a5	20	30575b2b1d35496e
033743e540b7f6e2114a3e6981558795	6	NA
033743e540b7f6e2114a3e6981558795	20	NA
03385e315b37cbb189ab45f90acf5af0	6	14614fe8e5f2f8c9
03385e315b37cbb189ab45f90acf5af0	20	14614fe8e5f2f8c9
033b0be3724bb9a94ffbce3d0901db59	6	e8832072f6a34e4d
033b0be3724bb9a94ffbce3d0901db59	20	9865c38324c4ff7c
033bdaf71d51a1645014a54ea614312f	6	4eaa0c07df23a005
033bdaf71d51a1645014a54ea614312f	20	deb9957c7744e2bc
033d611722714d5206cc0184479e92e2	6	2a47bc32bea1e75f
033d611722714d5206cc0184479e92e2	20	a835f3b69d3d7da7
033f38da07bdbbad4763eaf1fe97ce37	6	7048a98f92dfeeb1
033f38da07bdbbad4763eaf1fe97ce37	20	f0e9e804cf5a7dd4
034619cf0ad20017ed9dd5f88caacae6	6	a3b3eec2601bd437
034619cf0ad20017ed9dd5f88caacae6	20	b2832894a5ec5271
0346be00d2d7d3393d134d8be1138c45	6	c0a176cb486b5c1e
0346be00d2d7d3393d134d8be1138c45	20	e91de02189fd4e15
03475e329b9fbc8246a09a4f888f9023	6	NA
03475e329b9fbc8246a09a4f888f9023	20	NA
0350d0a0f0922b1184d3183ae3d58f4b	6	NA
0350d0a0f0922b1184d3183ae3d58f4b	20	NA
0358188e041daccdd2fad07e1188f28c	6	8bd9a1828830e679
0358188e041daccdd2fad07e1188f28c	20	8bd9a1828830e679
0359596347daa117da50950748bc06d1	6	7fac633f8b27533a
0359596347daa117da50950748bc06d1	20	7c49ffd9080e9ed0
035c200bbf0a783e4ec9656cfa9b2f68	6	dc1055f1e4121431
035c200bbf0a783e4ec9656cfa9b2f68	20	9f4f7b952e2dd88a
035c23ef8339c6d16ecd45601af8a589	6	3a044ff4fe317fef
035c23ef8339c6d16ecd45601af8a589	20	NA
036126151ea302c37e340f6552777678	6	NA
036126151ea302c37e340f6552777678	20	NA
03645a35cda06bab02dd280017fa8c3f	6	1a88535f3f401b91
03645a35cda06bab02dd280017fa8c3f	20	c8dcbbfdc93f376f
0365db8065a89550e1ba73d86ec48cc2	6	bc812fb64b5001ca
0365db8065a89550e1ba73d86ec48cc2	20	0219a9e774bca19e
0369497a41c3914b796cb81e64dd2e55	6	NA
0369497a41c3914b796cb81e64dd2e55	20	NA
0369d8788498fe92e8337f326a929367	6	9f3d2f8f3145e826
0369d8788498fe92e8337f326a929367	20	58160aec4c384061
036b541db9d0839b0591d408ff4f77ae	6	4bb18e7117f670e7
036b541db9d0839b0591d408ff4f77ae	20	NA
036bb9f40335cf9c6bb167e8c3703926	6	cf5eed5627996054
036bb9f40335cf9c6bb167e8c3703926	20	cf5eed5627996054
036bbc647cdc27d4ca455cd3cf311262	6	NA
036bbc647cdc27d4ca455cd3cf311262	20	NA
037030471a83c04cf17c7cdbc8236e83	6	1882d565fe9ac2bf
037030471a83c04cf17c7cdbc8236e83	20	1882d565fe9ac2bf
0379936c75c225f1a9a113762b019da6	6	01247d7c3208c8dd
0379936c75c225f1a9a113762b019da6	20	NA
037a2d470c1c9727d55d5d947dd8394c	6	NA
037a2d470c1c9727d55d5d947dd8394c	20	NA
037a652d6e4bea27881073be25176934	6	9f6245c501c7aaef
037a652d6e4bea27881073be25176934	20	5d48aa59bcd5d61e
037c423f56548082b1935e88c48ffdda	6	ea4436c90cad137f
037c423f56548082b1935e88c48ffdda	20	ad04831a7325594e
037cdc23d5ce303ee466680f4fdfe1fc	6	NA
037cdc23d5ce303ee466680f4fdfe1fc	20	NA
037d21e060a2e3eab8b080aa84ceee75	6	34b8df848ffd390e
037d21e060a2e3eab8b080aa84ceee75	20	12267f5f849a829f
0380d80ca292251e5afcf16c65707eb5	6	NA
0380d80ca292251e5afcf16c65707eb5	20	NA
0381d8662f1fbc50581c54921a178b0a	6	1aa13d803efdc727
0381d8662f1fbc50581c54921a178b0a	20	ee013ab52e220b42
03873e44115e30db6c3ccc2941c14101	6	NA
03873e44115e30db6c3ccc2941c14101	20	NA
0389d1800e05f1ef2e60e640b86279d9	6	NA
0389d1800e05f1ef2e60e640b86279d9	20	NA
038b307ca27d32bbf2535bc7fbae82b3	6	6cccceebee2c4165
038b307ca27d32bbf2535bc7fbae82b3	20	77913c2f4b692593
0391a7be47a1d4f1bf2180cffea667b1	6	cda8863621f77e9d
0391a7be47a1d4f1bf2180cffea667b1	20	cda8863621f77e9d
039378621dce8907fe5286ce965cce5c	6	NA
039378621dce8907fe5286ce965cce5c	20	NA
0393ff33cb3cade4b83e0b5bd60996a4	6	NA
0393ff33cb3cade4b83e0b5bd60996a4	20	NA
03942ae21753e7dead072ab1f6c1c3b1	6	da79b2af82ff3cee
03942ae21753e7dead072ab1f6c1c3b1	20	320f4f1792a8e139
03980ada4055f6198fcd7ee52bb220f1	6	a4adc62ff50fecb0
03980ada4055f6198fcd7ee52bb220f1	20	8d09d456479343c4
0398e6b20de133ba8b49c74b67dad7b7	6	fd4e44318fe78e4c
0398e6b20de133ba8b49c74b67dad7b7	20	NA
039b45f4a3979c9176b115bb8e88342f	6	e476f5727ad2c8bf
039b45f4a3979c9176b115bb8e88342f	20	e366b12cdf602982
039c2bf64eab47d423b7740f3863bc49	6	039b6575a96ff72d
039c2bf64eab47d423b7740f3863bc49	20	fa45438c0c78d2f5
039d09672019a346c710ba7d49c4f91b	6	0c541a4fb5d633b8
039d09672019a346c710ba7d49c4f91b	20	c331fb40cf77e42f
039f5e361b0d24319e37e08dbc07e50d	6	27a6af5caa3e022a
039f5e361b0d24319e37e08dbc07e50d	20	3a1c047a3ca63b8d
03a1a18521814692f56a8ecbea0031d4	6	7dc510ec9b3350bd
03a1a18521814692f56a8ecbea0031d4	20	617930ebd9bbcd95
03a1ada3e778fcec8a7ee0c9e685d4be	6	8e76ef4bbd7075aa
03a1ada3e778fcec8a7ee0c9e685d4be	20	b2af4283b0641989
03a43a7ea55217f53542ed3f029963af	6	252d0f8305a386a4
03a43a7ea55217f53542ed3f029963af	20	a489044aa8207aa9
03a4cfbba1ef7eafe2b4f01e444c411f	6	NA
03a4cfbba1ef7eafe2b4f01e444c411f	20	NA
03a6f26e998c764c46c97dd9778036a1	6	9b9e2006e78832c8
03a6f26e998c764c46c97dd9778036a1	20	99a58ddb1153b702
03ae7447931228f49a3eec4f2f8fe9a9	6	NA
03ae7447931228f49a3eec4f2f8fe9a9	20	NA
03b08ff6f932aa7c6597059061c5fc6c	6	NA
03b08ff6f932aa7c6597059061c5fc6c	20	NA
03b0e7b608a5f1052c1cdb58ffc69262	6	33bbaaaf427c8393
03b0e7b608a5f1052c1cdb58ffc69262	20	NA
03b297cfd24f7fffb743780ef9578886	6	NA
03b297cfd24f7fffb743780ef9578886	20	NA
03b75ba4f3a1bdcc58c89e6846eecaab	6	ca6d4584743ab400
03b75ba4f3a1bdcc58c89e6846eecaab	20	3b8a273b4424915f
03ba29d5cb38d345357a74a7b5ccd759	6	f50dbc049fb41aeb
03ba29d5cb38d345357a74a7b5ccd759	20	6d9656f181af55f8
03bb7baaa45980753a0e7050ae44755d	6	NA
03bb7baaa45980753a0e7050ae44755d	20	NA
03c41956324a467d4f265ee58af51f25	6	NA
03c41956324a467d4f265ee58af51f25	20	NA
03c44a93577c98119dc498053888937a	6	b41c2b3e63abad44
03c44a93577c98119dc498053888937a	20	66c6a54867fdb754
03c5fef8cb8957ecf687548c8d504d10	6	419813cf82490c7e
03c5fef8cb8957ecf687548c8d504d10	20	419813cf82490c7e
03c6170c9b8917706b0ad0a28400d195	6	897f7755b1bcfb05
03c6170c9b8917706b0ad0a28400d195	20	NA
03c7c131fc68f902620c24f5f28cd179	6	9dbcda1f247fafe9
03c7c131fc68f902620c24f5f28cd179	20	ef48c7edce0b2a4e
03c8a9ffce923a8cb3452f18d371eacf	6	0184f59bffaffe19
03c8a9ffce923a8cb3452f18d371eacf	20	NA
03cb9868146a1c420ba8e3b1b08865b8	6	c2cdb805dce3e31b
03cb9868146a1c420ba8e3b1b08865b8	20	5a50354379402267
03cd587fe1f5eb6c6c10ede767571241	6	NA
03cd587fe1f5eb6c6c10ede767571241	20	NA
03cf322e6530ef37b455bafbf451bd77	6	NA
03cf322e6530ef37b455bafbf451bd77	20	NA
03d1940f76051f548ee86eb71a38ff14	6	NA
03d1940f76051f548ee86eb71a38ff14	20	NA
03d1d6df36fdec5be7b60e6f0cd382f7	6	bbb710444c7ed773
03d1d6df36fdec5be7b60e6f0cd382f7	20	6681d462c1d65761
03d74bc7a2c848e5f834eb31bc6c839e	6	NA
03d74bc7a2c848e5f834eb31bc6c839e	20	NA
03d8064f3be30daecf2ffe4c54361e61	6	03d558e6f098c8b4
03d8064f3be30daecf2ffe4c54361e61	20	9ef2f1701ffaffa1
03d93f5c0378205e17260e16e463ac67	6	NA
03d93f5c0378205e17260e16e463ac67	20	NA
03d9b7f7c619fdf000a1ba5eab146379	6	d1ec640ea76ca212
03d9b7f7c619fdf000a1ba5eab146379	20	ef34c0f8130dac00
03de316ba1e90305471a3b8620cb9cd7	6	14b579fc14a2c5d6
03de316ba1e90305471a3b8620cb9cd7	20	0173c3f078953848
03deea471ff6f90e6b7519407f8b2056	6	723689100069ed85
03deea471ff6f90e6b7519407f8b2056	20	5c2b21a953b2f6f9
03e1a95e608657462464d0a748428d34	6	NA
03e1a95e608657462464d0a748428d34	20	NA
03e399326b5d3dc202cdc3a9fb1b71f0	6	NA
03e399326b5d3dc202cdc3a9fb1b71f0	20	NA
03e3afdc2972da43f4549ba405ff2da4	6	369b124e177bbc18
03e3afdc2972da43f4549ba405ff2da4	20	369b124e177bbc18
03e7f2c151ed62ad925ac241e4e1d792	6	5e3d8844b56c14b3
03e7f2c151ed62ad925ac241e4e1d792	20	NA
03e906525c3ec52373157721a7ebba48	6	NA
03e906525c3ec52373157721a7ebba48	20	NA
03e9d1abe418a1727bbf2ead77d69d02	6	23a71e5e8f44e078
03e9d1abe418a1727bbf2ead77d69d02	20	c06c1ec76b4cb2c2
03f06674e02ef12873c8f4e542c5c805	6	66f52bc6c6543bde
03f06674e02ef12873c8f4e542c5c805	20	66f52bc6c6543bde
03f08e458eea1ef5ce14661c8a7bdc60	6	bf497fdaf2210298
03f08e458eea1ef5ce14661c8a7bdc60	20	4edf564611e55c02
03f25e67e52baf9fb1e782026d46c8a8	6	7e76286bfa2dbf04
03f25e67e52baf9fb1e782026d46c8a8	20	a086ee7dbdbb71ef
03f59ceb6fc1c1825ab604d526620a54	6	NA
03f59ceb6fc1c1825ab604d526620a54	20	NA
03f8fb3e8459ebb1e526bedde7a121a7	6	da0f6b4bdaae15b9
03f8fb3e8459ebb1e526bedde7a121a7	20	95e12f15b793c09a
03fb9af7b390fe9e0739150ca3410cf0	6	NA
03fb9af7b390fe9e0739150ca3410cf0	20	NA
04017562bd59e5a511debb2fd6051f62	6	921517ff108b9b19
04017562bd59e5a511debb2fd6051f62	20	066d17394827d63d
0403cb413f30fe0fac6ae792a93364c9	6	8c61d87368592a2b
0403cb413f30fe0fac6ae792a93364c9	20	8c61d87368592a2b
04071576275e4113b60c21601b364345	6	eb5a93b9c7539a43
04071576275e4113b60c21601b364345	20	33357b5c0795bb2c
04091a59646a7e0f1c64c57c26d3d91e	6	973b6df9e8cd11a8
04091a59646a7e0f1c64c57c26d3d91e	20	be0415580ae339e5
040dbf7981a3ede37ecc00548fdede93	6	NA
040dbf7981a3ede37ecc00548fdede93	20	NA
040e4bdb9f4b0f58d3ec4d2f869363f4	6	NA
040e4bdb9f4b0f58d3ec4d2f869363f4	20	NA
04121bd92efc49da7b54943da62c993f	6	NA
04121bd92efc49da7b54943da62c993f	20	NA
04121f3fbe313b7046c9f54ac1e26c75	6	fda210339f0acadd
04121f3fbe313b7046c9f54ac1e26c75	20	1f13bf28eb3687f6
0412f6f3174dfc4c27ad0b61280cd739	6	0a33faccc64cd3b3
0412f6f3174dfc4c27ad0b61280cd739	20	c3fc97ab6858ef7b
04157f716c1e9606c6a530657bf8f957	6	NA
04157f716c1e9606c6a530657bf8f957	20	NA
0415acae197134f9d1cd7bea5ac3f2fd	6	c0ddcd52936f7fb1
0415acae197134f9d1cd7bea5ac3f2fd	20	b2d46325663f1105
04166b0a94fb2e4da58436ea480e2586	6	7c23e6c61071beab
04166b0a94fb2e4da58436ea480e2586	20	7c23e6c61071beab
041699620802b7ed905f93976ae60bef	6	deb61d62cbf1c61c
041699620802b7ed905f93976ae60bef	20	c969922414006787
041a4e925fd664bf8e2e41b8eb9f2840	6	c1b5a786d0f2b4d7
041a4e925fd664bf8e2e41b8eb9f2840	20	d93d007309b9437d
041aa7c18006a2f33e5c5ec83eb08505	6	7ef8322ec5b9495a
041aa7c18006a2f33e5c5ec83eb08505	20	4e8fab0e6e4dddd7
041afddade3479f2b9ebe3f5cf390c7e	6	NA
041afddade3479f2b9ebe3f5cf390c7e	20	NA
041bf8c064b4f6f8fabcd2a9793b8c7b	6	745557511dd268c2
041bf8c064b4f6f8fabcd2a9793b8c7b	20	beeccc9e4544bbab
041df0acc65530f7e1e628130c3d411d	6	NA
041df0acc65530f7e1e628130c3d411d	20	NA
041dfae4c5f8679c1b54f1fb3b8cb0f5	6	NA
041dfae4c5f8679c1b54f1fb3b8cb0f5	20	NA
041e654adaeb51d241eafd1e29a5fbfb	6	346499b0c19da66d
041e654adaeb51d241eafd1e29a5fbfb	20	NA
041ef0a56340a623c38e6b9012933624	6	cae29543caaf61ed
041ef0a56340a623c38e6b9012933624	20	8039fc0f7e264cb8
041f5fd5d1c9ae9f0ba37a745b5dfd23	6	50cff9298f920b58
041f5fd5d1c9ae9f0ba37a745b5dfd23	20	0068c0cc2246bb0d
041f974b7b2e24ffbc50eda1bb04f917	6	NA
041f974b7b2e24ffbc50eda1bb04f917	20	NA
0421d8c1dec913b76dc72d781a864a80	6	92988c10a675610a
0421d8c1dec913b76dc72d781a864a80	20	153d9012cdc259af
0422d43dc86ee9111d46c1a10992ea29	6	bbd0b148175d4531
0422d43dc86ee9111d46c1a10992ea29	20	4a4ecb582047a101
04282eb8fedd703fb176b37c5d037a0c	6	ddbd9d1d06e39130
04282eb8fedd703fb176b37c5d037a0c	20	6e8247151de8b113
04283728b84c4b0ff6cb44ca4bc4ab65	6	5de9a3c14f22823b
04283728b84c4b0ff6cb44ca4bc4ab65	20	eea2f6d5b7f4ed41
042846b7b23a617ad1730e9eb2dbdceb	6	24ede3801c70d0bf
042846b7b23a617ad1730e9eb2dbdceb	20	5dcfcd30bdab22d1
04296c034b9b888599263926aab8ddc8	6	b4d8bcddf7b1e22d
04296c034b9b888599263926aab8ddc8	20	729558d419e9f872
042b503bc444d79e1593cbdc73d18c96	6	NA
042b503bc444d79e1593cbdc73d18c96	20	NA
042cdc726a92bf0a2195b3b426f35bce	6	acf35443ae6e5fb6
042cdc726a92bf0a2195b3b426f35bce	20	NA
0430dd41069c93d385b767e768c1095f	6	1e0e0bebe157e452
0430dd41069c93d385b767e768c1095f	20	1e0e0bebe157e452
04327b18171b43ff06586707499b97fc	6	3dc7b4bf32b6ae73
04327b18171b43ff06586707499b97fc	20	af260c3055a8131e
0436f8cdece0f293915bbc6d711f6850	6	NA
0436f8cdece0f293915bbc6d711f6850	20	NA
043c40bb7bdb3a2eccb3eb0b79f47cab	6	67c6725f84a43b15
043c40bb7bdb3a2eccb3eb0b79f47cab	20	dbc7b02c00bf54ee
043cdbde77d0a494be264ee322847809	6	NA
043cdbde77d0a494be264ee322847809	20	NA
043ddf84451e8b1a50f3f5662897e385	6	30e145f08180247b
043ddf84451e8b1a50f3f5662897e385	20	7467964667f91a87
043f806db615f7a138d4beffe3367c1a	6	98c190fb89e61aa1
043f806db615f7a138d4beffe3367c1a	20	e7758ef00f5cb469
04411a580ede5fd258d84ce872b5f53b	6	NA
04411a580ede5fd258d84ce872b5f53b	20	NA
0443c64d68e48da7bd100c03c82c0c4b	6	NA
0443c64d68e48da7bd100c03c82c0c4b	20	NA
0445a4d6be24882bac0988a055e7f379	6	f31ccbe53f608c2b
0445a4d6be24882bac0988a055e7f379	20	4b1ed48a2124b654
0445e60a23b32e2adc07e34ec3f5dbf4	6	5cf1651e79d4b57f
0445e60a23b32e2adc07e34ec3f5dbf4	20	2954c666caa44548
0447371bb8a97e8fe5d3cee6de1db766	6	NA
0447371bb8a97e8fe5d3cee6de1db766	20	NA
0449da0fb33b7ed1f7b7f0e2924cfb14	6	82f8bcfd8fd86d28
0449da0fb33b7ed1f7b7f0e2924cfb14	20	NA
044a4186f6873d19008743aa0dfd004d	6	NA
044a4186f6873d19008743aa0dfd004d	20	NA
044a95f1445afa3e02a258417ab90ab9	6	ebe98a84fd6a8b1e
044a95f1445afa3e02a258417ab90ab9	20	ae6ce3bb4541994e
044d27388c142e8e47812d9518e01b2f	6	4b85b8cd18226342
044d27388c142e8e47812d9518e01b2f	20	85207a6639d4b286
044eced3d5aac22e0f34ad02071132f7	6	ac0f284af0b182a5
044eced3d5aac22e0f34ad02071132f7	20	0a94744170b7285a
045182d177d3f95d7cfef1205d609f37	6	9b16f6e8f499e69f
045182d177d3f95d7cfef1205d609f37	20	f3a34394e3df14be
045490bc2ea6b39133e367e0d5985ec6	6	3f7e2e80ad711cd8
045490bc2ea6b39133e367e0d5985ec6	20	1bb982f736c5741e
04557a22f623dcbae86173fced057c99	6	72b0b3e8d8550ff1
04557a22f623dcbae86173fced057c99	20	7547353c40eea848
045613366353b062992e68937ca53edf	6	149abd9723c992c4
045613366353b062992e68937ca53edf	20	cc4c2a9bbc2a6d31
0458851a021830f297e5dc3418ece838	6	NA
0458851a021830f297e5dc3418ece838	20	NA
045941155fcb708d6d80e421c87c2abf	6	NA
045941155fcb708d6d80e421c87c2abf	20	NA
0459bb2e18a01e6f3f305dc8be7040bc	6	9dbae4563d21762b
0459bb2e18a01e6f3f305dc8be7040bc	20	9dbae4563d21762b
045e3c00486daba698458469f773f700	6	NA
045e3c00486daba698458469f773f700	20	NA
045eeffb8750ff847de87bc37f922c02	6	NA
045eeffb8750ff847de87bc37f922c02	20	NA
046027fd1061d32ad6cba9174f9f37c8	6	NA
046027fd1061d32ad6cba9174f9f37c8	20	NA
04619a36750d6e3e9f34e433e9a0cedc	6	0edcc94a8eaca105
04619a36750d6e3e9f34e433e9a0cedc	20	0edcc94a8eaca105
0461c116d94becf63a1c41b320f6eea3	6	5036edbfb1e7e3e8
0461c116d94becf63a1c41b320f6eea3	20	5036edbfb1e7e3e8
0462a0427297f8979588174b502bd044	6	715aa38ba031207a
0462a0427297f8979588174b502bd044	20	9ff26c6c742be59a
0463b72200ae80c02835c027d3606c4e	6	271a2313f1cdb150
0463b72200ae80c02835c027d3606c4e	20	99aecb79387ef36e
0464c7eea603a1169b0d74903226ee9c	6	e154813a042864ea
0464c7eea603a1169b0d74903226ee9c	20	5b3a292fe3de4f00
04674c7c9520c7edc0426b820f837726	6	287817b91db7c8a8
04674c7c9520c7edc0426b820f837726	20	138abee0af616939
0467f94ce29392897b1c964f6557ce46	6	bc3c358d3ea709cf
0467f94ce29392897b1c964f6557ce46	20	2382b4fd1da6d688
047566aaff65b42f2d1e89e0e1fc957f	6	2533550cb27f5c97
047566aaff65b42f2d1e89e0e1fc957f	20	9d83d1677aba8157
04782106e70a3e200feb487e5dfd826b	6	467c80da8cda5421
04782106e70a3e200feb487e5dfd826b	20	b5803f542c617d8f
0478f201a06ab2219542330f36a3698c	6	NA
0478f201a06ab2219542330f36a3698c	20	NA
047a18e21c771877710468a88576cf29	6	c985358248974c71
047a18e21c771877710468a88576cf29	20	d2733acc99fafa9e
047a24a20dcf32612975fff862a229dd	6	NA
047a24a20dcf32612975fff862a229dd	20	NA
047c92e7c0a36a23d8107f4313517719	6	7c503a150ca4ecd5
047c92e7c0a36a23d8107f4313517719	20	e957db4cec87c88a
047fbe00ecc60835f1ee9d458bbd7ee8	6	0821161d0048ca79
047fbe00ecc60835f1ee9d458bbd7ee8	20	3d6f6dfd476c85cf
0480133b8911f6e9c3b4bb2755327649	6	5b68b8b5749bdc88
0480133b8911f6e9c3b4bb2755327649	20	88cbc494b8be3f40
048142b6048cb6c10415e08f68a2c3a3	6	ff829b0ed5004c01
048142b6048cb6c10415e08f68a2c3a3	20	NA
04823801df6304e0fd0f36b9f956c2dc	6	b767fa0d00cefac8
04823801df6304e0fd0f36b9f956c2dc	20	b767fa0d00cefac8
04842030167d0508d3e42d8f0dda29e0	6	NA
04842030167d0508d3e42d8f0dda29e0	20	NA
0488830078c4a680d8014bbff36deeb1	6	NA
0488830078c4a680d8014bbff36deeb1	20	NA
04897f61ac34d82804d57aa07322a400	6	NA
04897f61ac34d82804d57aa07322a400	20	NA
04898b587aa76d7625bdfe23fd8a1a0a	6	NA
04898b587aa76d7625bdfe23fd8a1a0a	20	NA
048a70da40ea4908c783b8314be2da97	6	9fbd27693ed7a0d6
048a70da40ea4908c783b8314be2da97	20	fceeb7648204e7ab
048ddbb09453a83d40fa85110d0958f3	6	0cdc20c164b2c6d2
048ddbb09453a83d40fa85110d0958f3	20	a6cda9250bfe127c
048e257d6d04d3d17f6547ca07fedd76	6	f79b02a71ef3af16
048e257d6d04d3d17f6547ca07fedd76	20	b2655a9f37c4e395
049072033960eab882a3b0933d414f36	6	4f4c3dbc8b4f98d2
049072033960eab882a3b0933d414f36	20	8a39e4a7b3633fe4
04909da47036ae2ccf4fd8d025b83344	6	0cb8b326c88f238e
04909da47036ae2ccf4fd8d025b83344	20	e8e10baa99798527
0491901f00c8663e5b49a0dbbf96412f	6	160d2d81a55785c2
0491901f00c8663e5b49a0dbbf96412f	20	a6734e3cd2e0f69d
04929ae99a2b834405a1db90e2747245	6	098357ce0519cb9f
04929ae99a2b834405a1db90e2747245	20	c08970051826cb26
04935c7718d4ada8516e0d99c46df41b	6	NA
04935c7718d4ada8516e0d99c46df41b	20	NA
0494c37fc0ae2de1550eea216cfc1752	6	NA
0494c37fc0ae2de1550eea216cfc1752	20	NA
04956720311452f8ad4bc3d771fdfbc0	6	NA
04956720311452f8ad4bc3d771fdfbc0	20	NA
049775f8bfc13fefc68f086cd3667df4	6	NA
049775f8bfc13fefc68f086cd3667df4	20	NA
0498569a656eb22b361a106e0cecff9b	6	NA
0498569a656eb22b361a106e0cecff9b	20	NA
04992f0208bb60792163c32fbc207165	6	2cbd6897c102bf71
04992f0208bb60792163c32fbc207165	20	b164a64aeecb5626
049a5615101bbe36f025a7b87d3c7360	6	NA
049a5615101bbe36f025a7b87d3c7360	20	NA
049ddd5ace159bd3d3363c9c36217d6d	6	NA
049ddd5ace159bd3d3363c9c36217d6d	20	NA
049df9eac33b5770ea20ec1f022f0173	6	833598c47f42726e
049df9eac33b5770ea20ec1f022f0173	20	a81ebf5312f31f8b
04a05b619dfddaebbe864e7b94e108c1	6	1b799f6fdf1a1b0a
04a05b619dfddaebbe864e7b94e108c1	20	9b54fb1937886e4c
04a0b133fe5760af8a58451053673fc9	6	92cfbc12057c87d9
04a0b133fe5760af8a58451053673fc9	20	9a59581e134a4866
04a3e6aed6697c05b23934f51e9d5321	6	3a2c46103902e138
04a3e6aed6697c05b23934f51e9d5321	20	1bebf5c66983b478
04a7b805cf12ae898f723b735fa959df	6	69637989dcb2d369
04a7b805cf12ae898f723b735fa959df	20	942af7098de76a92
04a97eb41fd59e3495641ea2442177c9	6	3d8a227b32dac5f8
04a97eb41fd59e3495641ea2442177c9	20	97e081d66b9a25d5
04aa3db794a4a1129b037aac393e0bb5	6	f6945c9b31526aca
04aa3db794a4a1129b037aac393e0bb5	20	311820040e6c108d
04aac627660a42b5661595b06de9685f	6	304ffb3f97fa00d6
04aac627660a42b5661595b06de9685f	20	7a54801d14ba694e
04afde06992c1171bbcac67b3b58c53c	6	NA
04afde06992c1171bbcac67b3b58c53c	20	NA
04b111df3a3747388e923ae5252c9f4d	6	7619ab6247683696
04b111df3a3747388e923ae5252c9f4d	20	ec2bab94321cbed9
04b1f0add9aaef195413ca4c03ea58ba	6	NA
04b1f0add9aaef195413ca4c03ea58ba	20	NA
04b21b20b0f2aca4b886eb7832b6b0e8	6	b6f3b1ec57287979
04b21b20b0f2aca4b886eb7832b6b0e8	20	a00bfe033701fc63
04b2a7f442ed1b15439d0678ce902d6f	6	d48881edee2515d3
04b2a7f442ed1b15439d0678ce902d6f	20	666e21d4819f3bfe
04b4dfec9afb6529764a94d1cea16abb	6	7b0af516043c217f
04b4dfec9afb6529764a94d1cea16abb	20	d611f11857488a03
04b58fb62b01369ce326152f7c7416e9	6	NA
04b58fb62b01369ce326152f7c7416e9	20	NA
04b88891edf088b990a3b3b81763efdd	6	NA
04b88891edf088b990a3b3b81763efdd	20	NA
04b9913aca917f957c43cd4d07e5785d	6	NA
04b9913aca917f957c43cd4d07e5785d	20	NA
04c03de21b275b4e5e9f5882bf2c5ec1	6	761c37676b9c1381
04c03de21b275b4e5e9f5882bf2c5ec1	20	7334751b163f0233
04c045b6ea95a35e248f3c5fa17e4c56	6	91dfac8311c59c87
04c045b6ea95a35e248f3c5fa17e4c56	20	c27c1ca3b7bd2ffd
04d00ada667e60a3153fb811809d7e34	6	NA
04d00ada667e60a3153fb811809d7e34	20	NA
04d0ae28e10d4a35ebab62f42f0200e8	6	NA
04d0ae28e10d4a35ebab62f42f0200e8	20	NA
04d1b01eb1d69df1e9951f5243295833	6	c1417d73c87af578
04d1b01eb1d69df1e9951f5243295833	20	c1417d73c87af578
04d22a87377168b4bae34b530adee132	6	NA
04d22a87377168b4bae34b530adee132	20	NA
04d28cb98f3362dfcd4ab74d4bb82de3	6	2832cd096720138f
04d28cb98f3362dfcd4ab74d4bb82de3	20	NA
04d2cca932a87b98ebfc7bbd0fe6ed5d	6	NA
04d2cca932a87b98ebfc7bbd0fe6ed5d	20	NA
04d964003e9d42e6f2483e64564c1f54	6	NA
04d964003e9d42e6f2483e64564c1f54	20	NA
04d9e4c3ab38c5caa1983ac2c1263bc1	6	NA
04d9e4c3ab38c5caa1983ac2c1263bc1	20	NA
04dbb417a7eeebd7ffe3199b414f4242	6	f04bff4b1001621a
04dbb417a7eeebd7ffe3199b414f4242	20	NA
04dcc4912a16549fc97d918545b68af5	6	5058ec6d0c01c9b3
04dcc4912a16549fc97d918545b68af5	20	0fffbbd07df6b07c
04dd37bd8e319df958e1e091ec60de5b	6	0193c41084ac3f92
04dd37bd8e319df958e1e091ec60de5b	20	8ac59f095952d016
04ded94454830d4ea960327e8b91f5a3	6	8c01cdff3771d8a7
04ded94454830d4ea960327e8b91f5a3	20	d56e6470d603117e
04dee0e90b8ce346e65a60c81f6687df	6	NA
04dee0e90b8ce346e65a60c81f6687df	20	NA
04e219c640ed59dc68ea2d50493de5b5	6	12bfbb1296131399
04e219c640ed59dc68ea2d50493de5b5	20	69e7d06481fcb61a
04e47e6635908600ef3938b32644825a	6	57e40c79191b96b0
04e47e6635908600ef3938b32644825a	20	3c96f5927e844483
04e50bc7a121716e396dc538ab24490e	6	af6a2a393b6e9e8a
04e50bc7a121716e396dc538ab24490e	20	aee86abf1562d086
04e54fdde41e2e623789c3f7df6d274d	6	0e21fc4ec7d7350a
04e54fdde41e2e623789c3f7df6d274d	20	0e21fc4ec7d7350a
04e6e374423615babd4062f67a532c5e	6	NA
04e6e374423615babd4062f67a532c5e	20	NA
04ed29d91e703f9ebfd81d2d4fa97103	6	NA
04ed29d91e703f9ebfd81d2d4fa97103	20	NA
04eeb39d680097817142fe4d52c0e422	6	a8de543e9eca05d2
04eeb39d680097817142fe4d52c0e422	20	1328caf9011f0499
04ef162792ce0f1d675cf363db2fd99b	6	b3d27b0519991a59
04ef162792ce0f1d675cf363db2fd99b	20	e2d9ee6c6c4ac92d
04f0b56ff8811424c3f44cb7662b3faf	6	2ff2a9b2d1b28598
04f0b56ff8811424c3f44cb7662b3faf	20	20da903e96fc9e7b
04f1442bafdd6433d41588d2c2e72e0b	6	50c7ba9286acebb8
04f1442bafdd6433d41588d2c2e72e0b	20	d02f18f35d688e0b
04f43bb4a4f2c193a18e7195a4fd8e41	6	b90affb7b1e86ba2
04f43bb4a4f2c193a18e7195a4fd8e41	20	NA
04f542671e8167741228d22abd0303db	6	NA
04f542671e8167741228d22abd0303db	20	NA
04f6dd1892f3382e8356d107ba156256	6	1d931970e0f6c6ed
04f6dd1892f3382e8356d107ba156256	20	221403ac63178f8b
04f7b0f8afc58d5b7be2c486c01e8164	6	f7bae4cffe4b69c9
04f7b0f8afc58d5b7be2c486c01e8164	20	f7bae4cffe4b69c9
04f7b83bdf8d56116cc9d7a659464c37	6	218c945838e6a8b3
04f7b83bdf8d56116cc9d7a659464c37	20	9c4aabdada205951
04f829be98c8646b8a08aa9a7f20af10	6	NA
04f829be98c8646b8a08aa9a7f20af10	20	NA
04f8b455b41f208ea19769f051ddcb1b	6	837a978f0b1de97f
04f8b455b41f208ea19769f051ddcb1b	20	b7d7208d308a7040
04f9cf38c15c4f048fc25f03cb621536	6	NA
04f9cf38c15c4f048fc25f03cb621536	20	NA
04f9f1f61d99108b7ad0fa77d275dc4c	6	d92d74bb63f5ba8c
04f9f1f61d99108b7ad0fa77d275dc4c	20	5a36e010dabd25d2
04fa0a71339fa76067a75ff448ef6f67	6	580bf535a63e1831
04fa0a71339fa76067a75ff448ef6f67	20	5942ecb76b21778b
04fb14e644b1858851c739b1a2170334	6	884b0ac06b0e6ea9
04fb14e644b1858851c739b1a2170334	20	NA
04fef94bab64c9e3cc8b2b696f38f7be	6	7952897b895633a3
04fef94bab64c9e3cc8b2b696f38f7be	20	7952897b895633a3
050214ecbd9e96136fe1bc73447f1303	6	9bd5a997e8cb768b
050214ecbd9e96136fe1bc73447f1303	20	fe8545e92ec5b8af
0502f436e37331d0b92274e0db73b134	6	b99281bd5c0f9563
0502f436e37331d0b92274e0db73b134	20	NA
0504d4dc55e80f42ffa698a4ece021c0	6	NA
0504d4dc55e80f42ffa698a4ece021c0	20	NA
05065ca3c3a5b2b415d7e9afd0bd2c16	6	NA
05065ca3c3a5b2b415d7e9afd0bd2c16	20	NA
050688d137e1f4d563f7bd5d84d7e344	6	17aa3b802f0bc920
050688d137e1f4d563f7bd5d84d7e344	20	281247d7cf1b6ab0
0506afbcee2355dd568a2923e4461649	6	5c54134802625322
0506afbcee2355dd568a2923e4461649	20	NA
0506d033a4ca469af10d95dbf36a86e9	6	e353c89df60458b8
0506d033a4ca469af10d95dbf36a86e9	20	d99d37c84dd5eb9d
05070c567100ecb6cdbc2ffe0fae57e2	6	8c4e86a7ae79dd27
05070c567100ecb6cdbc2ffe0fae57e2	20	a58ce9dad2cb50b8
0513c7d43a5874fa6a17a184091b3d68	6	5f4d650d92dad39e
0513c7d43a5874fa6a17a184091b3d68	20	259fa038d3a2ceaf
0515200de14d9d8eb513e88e3d28ad7c	6	31acb380887004d4
0515200de14d9d8eb513e88e3d28ad7c	20	NA
0515bc0e0f1028fd4d086139035f5f38	6	a51875dedae6888b
0515bc0e0f1028fd4d086139035f5f38	20	a51875dedae6888b
0518b5dc204f26b356671785e02852e1	6	5a288bd237682428
0518b5dc204f26b356671785e02852e1	20	0b2a95202aaef430
0518c5a3eb17ee72f00424e63bd7940b	6	NA
0518c5a3eb17ee72f00424e63bd7940b	20	NA
051b63ae234e63226a7984d76f9dc331	6	8f87c01004be1bcb
051b63ae234e63226a7984d76f9dc331	20	8f87c01004be1bcb
051c7db6f9d6daa9238ad64ddae6cea0	6	NA
051c7db6f9d6daa9238ad64ddae6cea0	20	NA
051cb2ec3e94e7f2a72232530f847408	6	NA
051cb2ec3e94e7f2a72232530f847408	20	NA
0520814ad7ca7c063109ee7a28e89de8	6	07ae60e183de9a03
0520814ad7ca7c063109ee7a28e89de8	20	6bd8a37784a0fe46
0521cd68355dd16e8f7940f43003d904	6	e224c8ea039cc10c
0521cd68355dd16e8f7940f43003d904	20	48acf1d95c93518b
0524e21cb713c3ba78906a6716409c80	6	NA
0524e21cb713c3ba78906a6716409c80	20	NA
0525891c206c0382ffc813834bdd526c	6	8c572bd242b0de34
0525891c206c0382ffc813834bdd526c	20	cf94ed96791afd3c
0529f3356671518a0fc851f09b693b51	6	NA
0529f3356671518a0fc851f09b693b51	20	NA
052e03355eef1d923d532699e04f0eb2	6	NA
052e03355eef1d923d532699e04f0eb2	20	NA
0533a1506eb61460bee3917f61ca4c49	6	0e49b58b2754f166
0533a1506eb61460bee3917f61ca4c49	20	8cca656a9f7daad1
0534387f90398a24495d4b7b05f9b342	6	da37bb4e820578c2
0534387f90398a24495d4b7b05f9b342	20	NA
05373ec86c44b2afb60fb93316b30001	6	NA
05373ec86c44b2afb60fb93316b30001	20	NA
053c477a86dac016582436e67ecf0bc3	6	NA
053c477a86dac016582436e67ecf0bc3	20	NA
053e06424279f5cfec8bb14dfa9af23c	6	7e506de3b3e16625
053e06424279f5cfec8bb14dfa9af23c	20	NA
0541dc77ecea9c210d3c4231d97c02de	6	NA
0541dc77ecea9c210d3c4231d97c02de	20	NA
05423f54e9e0bf97ce3fca2abe2ba3e6	6	NA
05423f54e9e0bf97ce3fca2abe2ba3e6	20	NA
05469ff4aedf9286f024177d0d09fbd5	6	3e5a80545824f7cc
05469ff4aedf9286f024177d0d09fbd5	20	d9aab86a6becf6d7
054c1e5254cdc36bb85e06e53cafe8eb	6	b09ee93dd308e562
054c1e5254cdc36bb85e06e53cafe8eb	20	acf34dc141a0d56f
054c7052d5110e9731a9d0bf34d651ec	6	NA
054c7052d5110e9731a9d0bf34d651ec	20	NA
05513edb5e778987bd727804ed4fa01e	6	653aece96dbf13bc
05513edb5e778987bd727804ed4fa01e	20	653aece96dbf13bc
0553f2a01f0838c1f3347f622cc3c30c	6	84a4a96b3066f9f1
0553f2a01f0838c1f3347f622cc3c30c	20	18a5b5ec6e6e4250
0554c1dc9f40db098fb58d3086515b6b	6	NA
0554c1dc9f40db098fb58d3086515b6b	20	NA
0556cacde8ebb77956342a6e81309553	6	NA
0556cacde8ebb77956342a6e81309553	20	NA
0557d21452d411c00f766973a59837a5	6	aa424f8c00252234
0557d21452d411c00f766973a59837a5	20	00cf9082b304a246
055836a43eb318de92f09c555ba4f3b5	6	02c495d99a1374ae
055836a43eb318de92f09c555ba4f3b5	20	55d1ee88872d4435
055db8f900741c7b8d7b731e99662588	6	dad96034b12c8222
055db8f900741c7b8d7b731e99662588	20	NA
055f942145df4b6c9fd0d10a3f1da98e	6	NA
055f942145df4b6c9fd0d10a3f1da98e	20	NA
0561461e2c7ff1d87aec1e5c709caa1a	6	53ed8bd87f40bb47
0561461e2c7ff1d87aec1e5c709caa1a	20	14ceb973c7905b13
056263f3ef83f1b0c0fd48cab346e8e4	6	NA
056263f3ef83f1b0c0fd48cab346e8e4	20	NA
05650550f21d60a3989cae43fb5ebd93	6	NA
05650550f21d60a3989cae43fb5ebd93	20	NA
05670a916f890c9c4345ff4fd19561bf	6	NA
05670a916f890c9c4345ff4fd19561bf	20	NA
0567f2309e01e99021245fd34a97417d	6	NA
0567f2309e01e99021245fd34a97417d	20	NA
05680de3febd39916e496dd772cb8c19	6	fe9d39a8f7c0b701
05680de3febd39916e496dd772cb8c19	20	a48a2b1f7ebead33
0568bb0b42891e57247ed4b436dff85d	6	e9488c2089558b8c
0568bb0b42891e57247ed4b436dff85d	20	d9a3b7297b7c9a58
0568ff4af327110a55355527e3c454e2	6	NA
0568ff4af327110a55355527e3c454e2	20	NA
0569ecb5da00dd3ffc8cdfab85a4956c	6	12c7a060e7bcef12
0569ecb5da00dd3ffc8cdfab85a4956c	20	d932f8030a5a4a0c
056acec954f198b911fd8c6894a6fad4	6	NA
056acec954f198b911fd8c6894a6fad4	20	NA
0574a9f4769dfe44ea0680aa8d935f13	6	NA
0574a9f4769dfe44ea0680aa8d935f13	20	NA
0575710ecfdc61ede3807eb1c6a1b01f	6	NA
0575710ecfdc61ede3807eb1c6a1b01f	20	NA
0578dbb863e1dccfd5d352c1b8ba198c	6	NA
0578dbb863e1dccfd5d352c1b8ba198c	20	NA
0579fb9d75e018b9366db9150db7453a	6	NA
0579fb9d75e018b9366db9150db7453a	20	NA
057ee74505bbc50bfb10d6814c5a3c4d	6	2266f95a35a80511
057ee74505bbc50bfb10d6814c5a3c4d	20	99497e81d75dff2c
057f143aae50b8abc3e083b7609353be	6	NA
057f143aae50b8abc3e083b7609353be	20	NA
058129d7cf63b8a0a10e932a0728ac36	6	NA
058129d7cf63b8a0a10e932a0728ac36	20	NA
05817b4e1add561af0e1165e01fb48cc	6	b5b9f28c9afe7206
05817b4e1add561af0e1165e01fb48cc	20	80ff7c7593c6c76c
05833c2c6953b76638748b3b5152b17f	6	NA
05833c2c6953b76638748b3b5152b17f	20	NA
058414cd650e2309e2d3df6b3ac80f37	6	NA
058414cd650e2309e2d3df6b3ac80f37	20	NA
05860ef5bb55efbd4bb5ec8b0de13d03	6	00d66bd7d7b184c5
05860ef5bb55efbd4bb5ec8b0de13d03	20	28da6e9ee3ece415
0586b0f2c13948bfd51b3694c5e9c676	6	c5b424349d3a9007
0586b0f2c13948bfd51b3694c5e9c676	20	a582d2a8161607fe
05879c0b6a41bf08f08ea2f58a931146	6	fd157fca0118e570
05879c0b6a41bf08f08ea2f58a931146	20	23f4593532ef7a6e
0587f345cca3ef8340e8e71829dce130	6	d9aee3b969273b14
0587f345cca3ef8340e8e71829dce130	20	697f5fabcc86d50c
0587fa4c5dc214a7470cfab3712f4699	6	0197fb83fddd3c6e
0587fa4c5dc214a7470cfab3712f4699	20	af38526c6ecf07b9
058b69e7c7923e2c71070c9f934f2c2e	6	NA
058b69e7c7923e2c71070c9f934f2c2e	20	NA
058cac57444038ce7e8f6fd286ff7424	6	ca3155f3bd09fdea
058cac57444038ce7e8f6fd286ff7424	20	7585c14eebd47b50
058d2ff55a09eac11780d6a368b48a80	6	aefcf361bffd643d
058d2ff55a09eac11780d6a368b48a80	20	56a3c61ed5889c6c
0593e6814f02ec9749e87bdc6aff8275	6	c87383d4a7a9d131
0593e6814f02ec9749e87bdc6aff8275	20	4c6154cd2713d21a
05997924d9bb4497f0f8a027caad6bbd	6	NA
05997924d9bb4497f0f8a027caad6bbd	20	NA
0599c0cc9fb43d1eb90c5590d4ecbf39	6	f7b1c4785d777e80
0599c0cc9fb43d1eb90c5590d4ecbf39	20	ce6bf6c9fa4b25e2
059aae70d73e0101c492106c4d214774	6	NA
059aae70d73e0101c492106c4d214774	20	NA
059d90867f6ed5c4e69ab0094601bb37	6	NA
059d90867f6ed5c4e69ab0094601bb37	20	NA
059f3479ab76bc97c3db74efc8558482	6	35978979746a029b
059f3479ab76bc97c3db74efc8558482	20	401283223e25d2c6
05a14c9084e09730c52b65732fe19d90	6	226a02780e04499e
05a14c9084e09730c52b65732fe19d90	20	226a02780e04499e
05a42b5c95a497c9b80116f537c48e32	6	NA
05a42b5c95a497c9b80116f537c48e32	20	NA
05a5c4f83946f8390e561e006f39f0e9	6	NA
05a5c4f83946f8390e561e006f39f0e9	20	NA
05aaff6058ca0088f54881003c1eb57b	6	87c3f33a432e2dd9
05aaff6058ca0088f54881003c1eb57b	20	7448e47a6d28a281
05b04d362b374569a4eb63c4e4e132b7	6	6725b20fe4eed611
05b04d362b374569a4eb63c4e4e132b7	20	879738b6bd68bdf6
05b095301362cf626067acd18590ea03	6	NA
05b095301362cf626067acd18590ea03	20	NA
05b20aaa3665b3688fe91e63b1d416b1	6	NA
05b20aaa3665b3688fe91e63b1d416b1	20	NA
05b26080370a69270bfd81327e616cee	6	NA
05b26080370a69270bfd81327e616cee	20	NA
05b373515e803818e8991e855a1d500d	6	NA
05b373515e803818e8991e855a1d500d	20	NA
05bddbf878fc3fd6becc0b13ae747bdb	6	NA
05bddbf878fc3fd6becc0b13ae747bdb	20	NA
05bea7b46a68c2bc7761ff2424c5e58f	6	NA
05bea7b46a68c2bc7761ff2424c5e58f	20	NA
05c042ebd6f763d072a86cac025584f0	6	f5670edbb064423c
05c042ebd6f763d072a86cac025584f0	20	39d26c75dd8c1b7a
05c46c3abf7acb1337d74ce98da20ec3	6	72ef42a7802c32ec
05c46c3abf7acb1337d74ce98da20ec3	20	72ef42a7802c32ec
05c52a5f9133f5afca84767f2eff98fa	6	NA
05c52a5f9133f5afca84767f2eff98fa	20	NA
05c5ed370ea11a2c19c111f4a5979921	6	a84d46c4643e6e23
05c5ed370ea11a2c19c111f4a5979921	20	c25eea77261ceb00
05c5ff612371a5773e857212174f625b	6	73420edf5762cfe3
05c5ff612371a5773e857212174f625b	20	623d0e8d98bf05f9
05c75485e42f747b9dba8da1aa1133ea	6	NA
05c75485e42f747b9dba8da1aa1133ea	20	NA
05c7d8c4a5be0da9995e180fe65f0d9e	6	4a89a7c1b521ac4f
05c7d8c4a5be0da9995e180fe65f0d9e	20	218e731bdabaafe1
05c8e94aaee86390eaf6e68dd3ec3570	6	ea375d5957ea29f8
05c8e94aaee86390eaf6e68dd3ec3570	20	a966e4e9d06537c6
05cc4564c3160e7da7be1142f0448771	6	aacb74e87410aad6
05cc4564c3160e7da7be1142f0448771	20	290606d761811d9e
05cca3e64d2d7766f5eb8eaff105eb40	6	NA
05cca3e64d2d7766f5eb8eaff105eb40	20	NA
05cf9b400cec8d7e6a606b8a2087ea3e	6	NA
05cf9b400cec8d7e6a606b8a2087ea3e	20	NA
05cfa69444404b03cce3310bfd633119	6	NA
05cfa69444404b03cce3310bfd633119	20	NA
05d14498d98fd6ea69d30136eb95dcb3	6	fcdbce14d67160c4
05d14498d98fd6ea69d30136eb95dcb3	20	b58f676deef29aaa
05d1a5e83b3a86de7598a1e089a86b21	6	NA
05d1a5e83b3a86de7598a1e089a86b21	20	NA
05d1e403eb79a9a1b4fd0182be89299b	6	NA
05d1e403eb79a9a1b4fd0182be89299b	20	NA
05d545d220f72a6d28004dd5b092594d	6	d783ff591f1e746b
05d545d220f72a6d28004dd5b092594d	20	eddf23e93c734c1f
05d6efa039dad1b207f1649aa4449fd2	6	NA
05d6efa039dad1b207f1649aa4449fd2	20	NA
05ddfe38031a7974a3d0510018ab253c	6	NA
05ddfe38031a7974a3d0510018ab253c	20	NA
05df4430054ceba4fa065806e8c65041	6	25c3a4ffc3ab81a5
05df4430054ceba4fa065806e8c65041	20	25c3a4ffc3ab81a5
05e291c40b85447a181d7de47ae1a2bf	6	NA
05e291c40b85447a181d7de47ae1a2bf	20	NA
05e5b5a37a0d7cb5e96c82b84bbdca66	6	9e87be953ad0d164
05e5b5a37a0d7cb5e96c82b84bbdca66	20	9cefa11ff931eeca
05e877d2709b8c20b3485e6b68c98bc0	6	NA
05e877d2709b8c20b3485e6b68c98bc0	20	NA
05eb87eb6fecb7a8a3bdc25154412c1d	6	d6a21725546c0dbb
05eb87eb6fecb7a8a3bdc25154412c1d	20	d6a21725546c0dbb
05ed64e4e6229f446082752936768489	6	ffbe6353f7d122ba
05ed64e4e6229f446082752936768489	20	aedf7d225737d8eb
05ed840c0a907e88e475c931f40fab83	6	69f6a528c2028b3a
05ed840c0a907e88e475c931f40fab83	20	a5acba2e0d8b5b60
05eee75ab69270c322b9ef6bc1ee8604	6	NA
05eee75ab69270c322b9ef6bc1ee8604	20	NA
05f3a48298721d68cded8618b432e7c3	6	471af7f38a2665bd
05f3a48298721d68cded8618b432e7c3	20	5f02e1afe045961e
05f5567936f582edc0d3ea9903f540bc	6	22ec41b2bd34c5a2
05f5567936f582edc0d3ea9903f540bc	20	96e02a0fea5329b1
05f6dbdbe30aaec98ca5fc1ce5a662b1	6	NA
05f6dbdbe30aaec98ca5fc1ce5a662b1	20	NA
05f7448ef6a998da4d58a15cebe0b6ba	6	NA
05f7448ef6a998da4d58a15cebe0b6ba	20	NA
05f8ffcc6372f5475a0b7c61b46c162e	6	7949875d8ad49bff
05f8ffcc6372f5475a0b7c61b46c162e	20	7949875d8ad49bff
05fa3b96505ec198385ce8bbb02d27df	6	ce3debfffb978bc7
05fa3b96505ec198385ce8bbb02d27df	20	NA
05fa862fc7acabb822b6f2afb5fb6973	6	NA
05fa862fc7acabb822b6f2afb5fb6973	20	NA
05fb1e489956554f9115344bce4e71c7	6	NA
05fb1e489956554f9115344bce4e71c7	20	NA
05fbbab9f0baf819ed9593cca8587629	6	bc4696c4f4bbcda2
05fbbab9f0baf819ed9593cca8587629	20	25a74201ebe7a691
05ff725eef6dbf5b1bff07bedd89d6c0	6	NA
05ff725eef6dbf5b1bff07bedd89d6c0	20	NA
05ffa991da7ff48826faa3607de22e60	6	NA
05ffa991da7ff48826faa3607de22e60	20	NA
0601e6379f576d6ad6eaddcb5798c13c	6	NA
0601e6379f576d6ad6eaddcb5798c13c	20	NA
06049cbbea67b138b7900b6c7c5730de	6	NA
06049cbbea67b138b7900b6c7c5730de	20	NA
060ad8240dd120ae1017c31c17fa88e9	6	NA
060ad8240dd120ae1017c31c17fa88e9	20	NA
060b7ed7ef9e59576b9ee62c998a5103	6	a98f9533bbe5e462
060b7ed7ef9e59576b9ee62c998a5103	20	6107b19406228bea
060eaa97b6072e7d3ef9087d2421ddeb	6	bebc8eed88be4396
060eaa97b6072e7d3ef9087d2421ddeb	20	bebc8eed88be4396
0611c9a290bc9dc289bc097c9662913c	6	NA
0611c9a290bc9dc289bc097c9662913c	20	NA
0612deb9e6268ddf1381d042ab2e52ce	6	7f710575adfd26bb
0612deb9e6268ddf1381d042ab2e52ce	20	5490d8129e4dbddf
0614e1ae5100ee0aca4ea24424479fa3	6	6313eb371fddc4fd
0614e1ae5100ee0aca4ea24424479fa3	20	4249aac4842f98a4
06166a0dd78f45c213add974a6711dfe	6	48f59585565b67d8
06166a0dd78f45c213add974a6711dfe	20	d760269dc8669622
0616ca6b1e0ae639d12e19ed310963a9	6	NA
0616ca6b1e0ae639d12e19ed310963a9	20	NA
06172049e6804cbfb07f993023f2684f	6	d8ba0c0bc3123c57
06172049e6804cbfb07f993023f2684f	20	77fade517ccf4b09
06221f824342f77b3d6cce7f05d70fe2	6	789848723b80d33d
06221f824342f77b3d6cce7f05d70fe2	20	07a50ae863777687
062b340de8f5fdb7ad62c3ec8a7d50ac	6	04d11c62db4e05a9
062b340de8f5fdb7ad62c3ec8a7d50ac	20	e45f56739106cb21
062c3f614211a999d533cf5ba9108e5e	6	75266c9c0f134cac
062c3f614211a999d533cf5ba9108e5e	20	75266c9c0f134cac
062e0ba3b2995f2a089b92e5bf004931	6	c72af311dae4f6bb
062e0ba3b2995f2a089b92e5bf004931	20	e966851bebb51b58
062ecaf3e25632b7b6a20134f11c27e4	6	NA
062ecaf3e25632b7b6a20134f11c27e4	20	NA
062f58e44eb73f9274b57af5092cad90	6	35f1aa0c87fe7275
062f58e44eb73f9274b57af5092cad90	20	NA
0631fa9d32573af7de0062dd3ad42d2a	6	NA
0631fa9d32573af7de0062dd3ad42d2a	20	NA
06326dd7bab63b892d2c147d5928468c	6	e26d59251f43f151
06326dd7bab63b892d2c147d5928468c	20	NA
063486c4a139ae7a3874a5bac3459217	6	cf1a4660e6f00a62
063486c4a139ae7a3874a5bac3459217	20	a33b0831254864d7
06385be5ecfc7df22b2c956093cef85f	6	34f1e61e9a663758
06385be5ecfc7df22b2c956093cef85f	20	79ad42fe5b99ee74
063beadfa9d6dbd569d12aacbcb300c5	6	efbf0421b4d8a98c
063beadfa9d6dbd569d12aacbcb300c5	20	652066f8b256425d
06441d7b824ead0325b07d7d7e943ddb	6	NA
06441d7b824ead0325b07d7d7e943ddb	20	NA
064850977be6689e4aa2165adbd8e866	6	NA
064850977be6689e4aa2165adbd8e866	20	NA
064ba3c61c5f105104edec8305853711	6	1683aff34a97b005
064ba3c61c5f105104edec8305853711	20	d282be6f7a2be085
064bf6dbb752a83b4d3602779a4f5795	6	c0de925f842c79bd
064bf6dbb752a83b4d3602779a4f5795	20	NA
064cf5ae720265bdb95f553557e41f18	6	NA
064cf5ae720265bdb95f553557e41f18	20	NA
064fe286277f695f42b556ef991036ff	6	NA
064fe286277f695f42b556ef991036ff	20	NA
065036e33ca5a147c353956348fc8cc5	6	NA
065036e33ca5a147c353956348fc8cc5	20	NA
06536364700e9f2297d14f2aa5a425bd	6	c7a920a3b89404f5
06536364700e9f2297d14f2aa5a425bd	20	4f250629ef2c6938
065775fe69392642261b1436fbd6bab4	6	25d44e35f4dc82b3
065775fe69392642261b1436fbd6bab4	20	25d44e35f4dc82b3
0657d7556552d692a009861a8df0187d	6	NA
0657d7556552d692a009861a8df0187d	20	NA
065882225b28a15ec62af09030001ee5	6	daf24d6f80a4963e
065882225b28a15ec62af09030001ee5	20	NA
065b141f5b24a1ea858f9e63bf13d0cf	6	NA
065b141f5b24a1ea858f9e63bf13d0cf	20	NA
0662b68319b8438792d39a221786680b	6	NA
0662b68319b8438792d39a221786680b	20	NA
0662df257be6c6d0691729cb23a17386	6	931de02191d55cbf
0662df257be6c6d0691729cb23a17386	20	931de02191d55cbf
066813ab5f3b7b1cc6d2847c37f5fae7	6	228d6704174aff47
066813ab5f3b7b1cc6d2847c37f5fae7	20	e2a8ed2d34acf55d
0668d86f91d0e8aeea2e3fe722047363	6	NA
0668d86f91d0e8aeea2e3fe722047363	20	NA
066ade1d9e5bede84a078012ee14fdc5	6	NA
066ade1d9e5bede84a078012ee14fdc5	20	NA
066cc2796adfff0382fed7ae88d5b41d	6	NA
066cc2796adfff0382fed7ae88d5b41d	20	NA
066d6a47dfd9648d913ba8dbce722d75	6	650b7414410a16a8
066d6a47dfd9648d913ba8dbce722d75	20	6294b5c3afaedfe5
066f7dc6f15dfe89172f4b32e50ac826	6	0c607addb0165a7f
066f7dc6f15dfe89172f4b32e50ac826	20	ad4ad784cf9a8224
0671f3013bf168f4660edfb4b40fbfa5	6	4492e97273865901
0671f3013bf168f4660edfb4b40fbfa5	20	27c6b4439916038e
0674a404bfea717643b7bf30d9f5eefc	6	dc3860da7a91ef37
0674a404bfea717643b7bf30d9f5eefc	20	b2ac5afc472326e1
06767f7b8e23fd24f6df74fefef9c48c	6	443780ce64e5d1d4
06767f7b8e23fd24f6df74fefef9c48c	20	79fd11b6f6ac8bc3
067dc6945c4aec1c2bc1fdc2e5819124	6	fb4f9f47e1933625
067dc6945c4aec1c2bc1fdc2e5819124	20	f57e8a30c4c3ff74
0680b380fc7a80df4c5a33ed23e11ddc	6	bef84cc66f69bb01
0680b380fc7a80df4c5a33ed23e11ddc	20	NA
06810c46387bda32e8a1486bac64a7af	6	a8ad279729cab748
06810c46387bda32e8a1486bac64a7af	20	NA
0684c9b8439112b0e3202dc1f13bae65	6	b4c2bb4466a971be
0684c9b8439112b0e3202dc1f13bae65	20	7a2f272e45e21486
068594cad63ad63966d00272acbe72f7	6	NA
068594cad63ad63966d00272acbe72f7	20	NA
06872e73223dc74c76b06f37a185dc22	6	42ed71a0495d93df
06872e73223dc74c76b06f37a185dc22	20	c40be19baefb5d7d
068ab49cd35aa24078cd23170599484c	6	NA
068ab49cd35aa24078cd23170599484c	20	NA
068c64314f0f8405bc28bb4c52647145	6	270a422efc29721c
068c64314f0f8405bc28bb4c52647145	20	NA
068f2d23820541fe4eaebfb072bd6cbb	6	NA
068f2d23820541fe4eaebfb072bd6cbb	20	NA
0696cb4f18fd63cc94f319fab92119e5	6	NA
0696cb4f18fd63cc94f319fab92119e5	20	NA
0697524f77ccd503f7e5fe15f23a1268	6	d428572a0d169e00
0697524f77ccd503f7e5fe15f23a1268	20	fab338a574015ea8
069978487284dbdafb1bb8860adf19f0	6	NA
069978487284dbdafb1bb8860adf19f0	20	NA
069c9e38f21a431a293c2c158e43f1f1	6	02bf533bca77cf99
069c9e38f21a431a293c2c158e43f1f1	20	3762a159933d59a4
069f7d519e820f6b879f880703907bb3	6	e38d1f53cd6a39a1
069f7d519e820f6b879f880703907bb3	20	ee218b2f4f1aa002
06a36581f14e399a76a5110449ebe739	6	13b756e1bd756537
06a36581f14e399a76a5110449ebe739	20	1cfd761b94d92ec2
06a572c0ad87e4465dc82c3d94efa599	6	NA
06a572c0ad87e4465dc82c3d94efa599	20	NA
06a91842354cefee9d432cfd3ed50100	6	NA
06a91842354cefee9d432cfd3ed50100	20	NA
06a9fbce25234a6938bcab419bcb54e3	6	6adc07ccc9e3eea2
06a9fbce25234a6938bcab419bcb54e3	20	NA
06aac1637bcefa8de3a9901f3c030d9f	6	NA
06aac1637bcefa8de3a9901f3c030d9f	20	NA
06ab2f3544c15dad7b9e4bfbce9982cf	6	2160a0eec8d484fa
06ab2f3544c15dad7b9e4bfbce9982cf	20	2160a0eec8d484fa
06ac25321a9e8a0e2653ae9fc72ff939	6	NA
06ac25321a9e8a0e2653ae9fc72ff939	20	NA
06ac45adf49f5e65a05904420e22def6	6	da9019f18a10da7b
06ac45adf49f5e65a05904420e22def6	20	NA
06af18723348ccdd9b0fc20bfda1d7ff	6	a8e8353d7b489b8e
06af18723348ccdd9b0fc20bfda1d7ff	20	9b23373376a74eb5
06afd800584013b69acf3ceb8a92dd39	6	NA
06afd800584013b69acf3ceb8a92dd39	20	NA
06b138e8a6da806e88ac7da2919cef30	6	90aae2b40ea2b1bc
06b138e8a6da806e88ac7da2919cef30	20	e663ec21cd8df3df
06b234d992399a10a26d5be67230a20c	6	b0708ba63ece8d97
06b234d992399a10a26d5be67230a20c	20	ddd6ed48f1b866f1
06b238df161c9e24a31890a08bca22df	6	60283328b453ab0e
06b238df161c9e24a31890a08bca22df	20	346418ff0aabd2bf
06b27debc937e605bb3198297d4ccaf1	6	NA
06b27debc937e605bb3198297d4ccaf1	20	NA
06b3fbd3e0d8f0679e979e88d852089a	6	396b1c94a535f5ca
06b3fbd3e0d8f0679e979e88d852089a	20	6481c05bc6226c3a
06b4ea25b64b0ea42d68fb06534a7e7b	6	43a564ce641a7c6a
06b4ea25b64b0ea42d68fb06534a7e7b	20	596511fae95d9f08
06b6606fd021e9b4412bfc2fc42d7b0a	6	4b1c625a68bd6edf
06b6606fd021e9b4412bfc2fc42d7b0a	20	e0e36627bf833fc5
06b6aecc3400ca0449c6b34efa6b2910	6	a2ae40786fe71d43
06b6aecc3400ca0449c6b34efa6b2910	20	a2ae40786fe71d43
06b6d7b1e7f26c4290413956ada422a2	6	dcbd7486a8447899
06b6d7b1e7f26c4290413956ada422a2	20	NA
06bb08c9c8624d8f6d795d1127eebffe	6	NA
06bb08c9c8624d8f6d795d1127eebffe	20	NA
06bfd83d0fba6a831d1f6db32b587d2b	6	b870177dc94b78bc
06bfd83d0fba6a831d1f6db32b587d2b	20	52daf0db18182464
06c4a06f6c791ebcbd2e90f94d898cee	6	NA
06c4a06f6c791ebcbd2e90f94d898cee	20	NA
06c6e5b5ec743e16bc55089bf42546ad	6	NA
06c6e5b5ec743e16bc55089bf42546ad	20	NA
06c775a3db8f039e5684629a63398552	6	NA
06c775a3db8f039e5684629a63398552	20	NA
06c9e7d682595a3ea26501bd57bc36a7	6	211b27648e25dfe5
06c9e7d682595a3ea26501bd57bc36a7	20	211b27648e25dfe5
06cf898b21f50c827248a0f09c1d9b20	6	NA
06cf898b21f50c827248a0f09c1d9b20	20	NA
06d2543c151c2478fde159c6dc0424ac	6	96adc5a711647a67
06d2543c151c2478fde159c6dc0424ac	20	4e22ae292ab705e3
06d38596ee5a5fd90877de6c04ede06b	6	de4ad94e7b38e410
06d38596ee5a5fd90877de6c04ede06b	20	ec93dbb9d147f0d3
06d65173e592488f8199e9388d4d261c	6	NA
06d65173e592488f8199e9388d4d261c	20	NA
06d6f4f8c3ac52d034143eca8d62d1e7	6	c709fce68ed20fdc
06d6f4f8c3ac52d034143eca8d62d1e7	20	d6fc7ac1ccabda23
06d7ddacd91c84d9c6be5ace491b410a	6	4ead4fc8142af576
06d7ddacd91c84d9c6be5ace491b410a	20	a90abcda879dcdde
06d96f79264e9991a5a0a417c401657a	6	4c333e105ce0ee57
06d96f79264e9991a5a0a417c401657a	20	NA
06dd675f4930318f9a4e68c5737059f7	6	NA
06dd675f4930318f9a4e68c5737059f7	20	NA
06df09f5ff0b34724a6f43c12560c0b1	6	NA
06df09f5ff0b34724a6f43c12560c0b1	20	NA
06df75fc09ba7eb9f0ffb8d45aa8edfb	6	NA
06df75fc09ba7eb9f0ffb8d45aa8edfb	20	NA
06e03d438c75d06f8df09f2999509749	6	1b6882d9625b40bd
06e03d438c75d06f8df09f2999509749	20	6c91a1c213a0c74c
06e13d42320e5c9d06d63abce2e978fe	6	f26216bf8466aeb8
06e13d42320e5c9d06d63abce2e978fe	20	f26216bf8466aeb8
06e46ab0acac57a61638cbb741949a98	6	4a7bd28ed36c7b38
06e46ab0acac57a61638cbb741949a98	20	365ebba5b72bcad7
06e5233a7d177a4f94b8a05eadb45368	6	NA
06e5233a7d177a4f94b8a05eadb45368	20	NA
06e91448c6aacd9086890ea46b4659b0	6	cc7e03028380d8d8
06e91448c6aacd9086890ea46b4659b0	20	785f711a3049f216
06e928088bd822602edb83e41ce8dadb	6	NA
06e928088bd822602edb83e41ce8dadb	20	NA
06e997650b24ac5b5f87c1c64f4a5dcb	6	NA
06e997650b24ac5b5f87c1c64f4a5dcb	20	NA
06eca5bfcdc4fbde5715c34c87f9ab75	6	252c5e63cde3dd10
06eca5bfcdc4fbde5715c34c87f9ab75	20	79f3495bfef207f8
06f2da87052cef073227b497fcfcec79	6	7896e6c1e0fadea3
06f2da87052cef073227b497fcfcec79	20	dc872275ffef66a1
06f4af23f9bd78087cf965f58487ae6b	6	NA
06f4af23f9bd78087cf965f58487ae6b	20	NA
06f538d7af257560476f9100e36d4445	6	b8289dfd61f77eca
06f538d7af257560476f9100e36d4445	20	NA
06f692ab71fb031118f4c946556eca52	6	deb76f5d45df131b
06f692ab71fb031118f4c946556eca52	20	NA
06fef0b1347542d174e91d14db9e104a	6	b1c463beded937e4
06fef0b1347542d174e91d14db9e104a	20	4cc49eefc8b4d53c
0700de953ca94b49501cb311542ee5fb	6	NA
0700de953ca94b49501cb311542ee5fb	20	NA
0701a1e3481e99b590185bd6a3f8631c	6	0afe904458d4fdc2
0701a1e3481e99b590185bd6a3f8631c	20	902f9999124c9222
0701a5b57f9b37c5fcb77463c8582693	6	NA
0701a5b57f9b37c5fcb77463c8582693	20	NA
07022ad84cf8decdf213d2fd2c59fbae	6	NA
07022ad84cf8decdf213d2fd2c59fbae	20	NA
07037b045d5d9dd7d777fa8a3b0366a3	6	8270257d3bca976b
07037b045d5d9dd7d777fa8a3b0366a3	20	095dcf584b691829
0703f9c5516bcc84a0c03e872066523f	6	ae159aa1fb7cf3ff
0703f9c5516bcc84a0c03e872066523f	20	037a270adc8cee35
0704b6d19c7f53060c2e6b918b955226	6	NA
0704b6d19c7f53060c2e6b918b955226	20	NA
0705e4046a68c2cca4aefb38db7e9c40	6	NA
0705e4046a68c2cca4aefb38db7e9c40	20	NA
070679b773977c574b9c7b14c7bd923f	6	NA
070679b773977c574b9c7b14c7bd923f	20	NA
070837da5e4923b6a5f8c0ba0e6ce0e2	6	NA
070837da5e4923b6a5f8c0ba0e6ce0e2	20	NA
0708595c44d0a967151517a03927d87d	6	NA
0708595c44d0a967151517a03927d87d	20	NA
0709175593f5f943e5a793e15ae08395	6	NA
0709175593f5f943e5a793e15ae08395	20	NA
070e8e1dc84ee670df55e253450b47a4	6	NA
070e8e1dc84ee670df55e253450b47a4	20	NA
070fde310eca4ddf6967896052efcb30	6	39b98e0e8dca7bde
070fde310eca4ddf6967896052efcb30	20	ea96a91dc70f099a
0712c7bb6ba573f67604efbf64f37656	6	381ee16368ec3c28
0712c7bb6ba573f67604efbf64f37656	20	17623f3a478df699
071e54205d91b7c174af2ca7f686f09b	6	NA
071e54205d91b7c174af2ca7f686f09b	20	NA
072199fed1704b4d1e60b996931c3d6b	6	NA
072199fed1704b4d1e60b996931c3d6b	20	NA
072785fd927ff0fd180ce8b9cc00078f	6	f5148061b40bb50c
072785fd927ff0fd180ce8b9cc00078f	20	23f7f4d09f02cd4b
07284bf15be6d7faa78d4deb46c6b275	6	NA
07284bf15be6d7faa78d4deb46c6b275	20	NA
072af700ad0e8957ebbaf2993d850923	6	NA
072af700ad0e8957ebbaf2993d850923	20	NA
072cef48d683bfde42340d0ba84c5b1a	6	d6a8492364dabe11
072cef48d683bfde42340d0ba84c5b1a	20	d756853cdbd0156c
0733ae02d303c907fa2887f9fbb4ff55	6	7b7bbd021bd67921
0733ae02d303c907fa2887f9fbb4ff55	20	3c50521ced6784fa
0737a716930b33a5979d86c1eebd835b	6	NA
0737a716930b33a5979d86c1eebd835b	20	NA
0739014c268a5a12568d0e641f88ad3c	6	NA
0739014c268a5a12568d0e641f88ad3c	20	NA
0739de5c877d844ce28f81e00916a884	6	NA
0739de5c877d844ce28f81e00916a884	20	NA
073a405fde5b5c7434281729f24d8728	6	NA
073a405fde5b5c7434281729f24d8728	20	NA
073c28dfd3204f4c51e03c297ac841c1	6	29116c090f2f2a76
073c28dfd3204f4c51e03c297ac841c1	20	ab0ff832e3a14c64
0742147dd68e5410c79a8506a7f54a1d	6	NA
0742147dd68e5410c79a8506a7f54a1d	20	NA
07434c4f17715737ade130bc6c57cf9d	6	947496f911caca11
07434c4f17715737ade130bc6c57cf9d	20	6067b34bfd6a0ff7
074394da9029d9c82840091246607065	6	NA
074394da9029d9c82840091246607065	20	NA
0746ab2982f4d8c28f10df0900857dd5	6	NA
0746ab2982f4d8c28f10df0900857dd5	20	NA
074dc4fde5af08b45569f981209e8b76	6	5c0d2e7571b214ee
074dc4fde5af08b45569f981209e8b76	20	773e51a77e1e9917
074ff9642153695f0fe804049c743f69	6	NA
074ff9642153695f0fe804049c743f69	20	NA
0754e62937ec75e569b8b4122ad77d7d	6	NA
0754e62937ec75e569b8b4122ad77d7d	20	NA
075c4fe7ae4cef57f1a4c00e58142e23	6	265c47ce0851d1a2
075c4fe7ae4cef57f1a4c00e58142e23	20	90813254fb9565dc
075ca0a158690a55b7254d9aaee2e103	6	fc9d938d681d853e
075ca0a158690a55b7254d9aaee2e103	20	NA
075e1eef00500b25ceb5ea4823ccf1b0	6	06be5b25125fe377
075e1eef00500b25ceb5ea4823ccf1b0	20	5db6a2cac7c00b53
076305ce31dd18724a3de91045800acc	6	NA
076305ce31dd18724a3de91045800acc	20	NA
07638411f023fe6a4334c53384415f11	6	e532f9a055328e27
07638411f023fe6a4334c53384415f11	20	f2d640e15a0af0aa
07682e22f82f9257d44b45777ac06168	6	436cdd48009e7f8c
07682e22f82f9257d44b45777ac06168	20	bdd7597fcd0154a4
076955ba5ecdc2feb4587a8abdbe334b	6	NA
076955ba5ecdc2feb4587a8abdbe334b	20	NA
076ab0a078db7377f3e7cfd6c2aab988	6	NA
076ab0a078db7377f3e7cfd6c2aab988	20	NA
076d4d6f83306ee69c35e3c99e30d8f8	6	c4590b4d5b7adb05
076d4d6f83306ee69c35e3c99e30d8f8	20	69eae9561f8021ef
076d84ee418eb4192d427e34d8829b93	6	bd5eace488781290
076d84ee418eb4192d427e34d8829b93	20	NA
076fba8945d3a54a06f326474477077d	6	58d607166ef38ead
076fba8945d3a54a06f326474477077d	20	155d9d92e0019a07
077942bcf7e284fd504ab832e1fa92b3	6	NA
077942bcf7e284fd504ab832e1fa92b3	20	NA
0779cddacfa34241cdf579cb2370ab8e	6	6bbaac027ede62f8
0779cddacfa34241cdf579cb2370ab8e	20	NA
0779ed19ae69bf464cce003d1a573246	6	9e9260f0bfdb8db1
0779ed19ae69bf464cce003d1a573246	20	811e02342138432f
077a1a0ffd35b0166ac094b64b7de50e	6	NA
077a1a0ffd35b0166ac094b64b7de50e	20	NA
077a92393c59108b44554b67217c8d7a	6	NA
077a92393c59108b44554b67217c8d7a	20	NA
07851afab30a10e44c8c3a2ae7806177	6	984d0c02409ca46e
07851afab30a10e44c8c3a2ae7806177	20	29f89355b90ba1ea
0785d79729317f6ff8323ee9b0cf27b5	6	898b5ebf20f4a608
0785d79729317f6ff8323ee9b0cf27b5	20	41feb37b2585b9c5
07896fe3639c24cd24bb032ae19199cc	6	NA
07896fe3639c24cd24bb032ae19199cc	20	NA
078f045706cfda160cbe9d1f042df57a	6	NA
078f045706cfda160cbe9d1f042df57a	20	NA
079052907b863d58dae49e3bf9a89ef3	6	NA
079052907b863d58dae49e3bf9a89ef3	20	NA
0793e9607e3293c505b0fa62cbb4258d	6	cb3b9bd0e07b1b92
0793e9607e3293c505b0fa62cbb4258d	20	0acb4d3b8a47aa9a
0798737b490f0acf01738b9a45f0f2ab	6	NA
0798737b490f0acf01738b9a45f0f2ab	20	NA
07989235cf5ccffe2feed68ae979364a	6	NA
07989235cf5ccffe2feed68ae979364a	20	NA
079b400eede86df1f1ffd6a3c303278b	6	57f61e56b5d9b5b5
079b400eede86df1f1ffd6a3c303278b	20	fd2e7b8922286cf0
079b877e6d9da81bd36fc7bf8a812aa2	6	d7c61c25801c7a25
079b877e6d9da81bd36fc7bf8a812aa2	20	d7c61c25801c7a25
079eca299ac6b96fc9c52995fcbf24a1	6	NA
079eca299ac6b96fc9c52995fcbf24a1	20	NA
079fec8d04a6ee936227ea90ea0903bf	6	fdff6fd779ab0ddd
079fec8d04a6ee936227ea90ea0903bf	20	281fc655f9f01c19
07a160f359fe4e472773551d69816e83	6	2596dd9517c90728
07a160f359fe4e472773551d69816e83	20	5580f58ddb329134
07a27fe792de37e758e3351f270324c2	6	NA
07a27fe792de37e758e3351f270324c2	20	NA
07a39b7677af6e435341c115ad5772ce	6	NA
07a39b7677af6e435341c115ad5772ce	20	NA
07aa35ddde44c01733038e5013b5a6ef	6	b87914fff67a8f65
07aa35ddde44c01733038e5013b5a6ef	20	a72206e8aad1cabf
07ab9b6d4190543591cbb0824588d392	6	f3a816aa218704e7
07ab9b6d4190543591cbb0824588d392	20	dd3c59f6b452a68b
07ac31424ed38f27d6b93195358e3968	6	2379408132a7e2c3
07ac31424ed38f27d6b93195358e3968	20	60af063f0754eba2
07aeafc4ee93bb832fa134d4f5971cf6	6	892ae4964113d83a
07aeafc4ee93bb832fa134d4f5971cf6	20	a18306a630162b0c
07b22dd6ccdd07fa12548656c4ea97a6	6	7dd4d710caa9a2a0
07b22dd6ccdd07fa12548656c4ea97a6	20	25c3a62a4d2b948a
07b46ab6d0c938fee77651dc4b63e1d6	6	NA
07b46ab6d0c938fee77651dc4b63e1d6	20	NA
07b476c83150d3cb7e08f5d045e255ab	6	33880c8ceb6f225f
07b476c83150d3cb7e08f5d045e255ab	20	9aa1239c4ee5d16d
07b48aebb6cc968704afb001b7a50d8d	6	NA
07b48aebb6cc968704afb001b7a50d8d	20	NA
07b55eb389b521faf2ea347a14b68938	6	NA
07b55eb389b521faf2ea347a14b68938	20	NA
07b6f34060b07d837482bfc3f238b252	6	5b5be81a84e787fa
07b6f34060b07d837482bfc3f238b252	20	f2ece7d3ed8323c1
07b7859003d84402cbb1ebdc37655d55	6	caef5a381255068a
07b7859003d84402cbb1ebdc37655d55	20	f9408868e9ab229e
07b8a0ca2372125b645a2fa257367ea9	6	e71e96186ff63dd6
07b8a0ca2372125b645a2fa257367ea9	20	639bac5d313b423e
07b9e86b020a209bd76474c4db8ab14d	6	1855abdde274223e
07b9e86b020a209bd76474c4db8ab14d	20	1855abdde274223e
07b9f32381ed1420def289ad69994262	6	0c3e6860cfb44471
07b9f32381ed1420def289ad69994262	20	a8ac1d88842f85d7
07ba380599457b2942af3b7cbb304c7b	6	300c2528f5f1f18b
07ba380599457b2942af3b7cbb304c7b	20	a448510b258295c6
07bbbb292324c8d8baeb232e144349fa	6	aacb6647ea9acae5
07bbbb292324c8d8baeb232e144349fa	20	b58e077bd86ab03e
07c0800f4df07db586a51cd724332a65	6	NA
07c0800f4df07db586a51cd724332a65	20	NA
07c3cce524e2b85d8315ac4397ef08c4	6	96fd44d242145e30
07c3cce524e2b85d8315ac4397ef08c4	20	cd8409e16827119b
07c50b89d97a55b6e1629999a445a2ba	6	23bdab90c4fee340
07c50b89d97a55b6e1629999a445a2ba	20	ffcc25eaa4dbd7c0
07c7baadfffe4f343b14dc65a7e62f75	6	NA
07c7baadfffe4f343b14dc65a7e62f75	20	NA
07cb45c60089b9008bf3118591a99bf9	6	6d46d63e39c7dfb0
07cb45c60089b9008bf3118591a99bf9	20	4841b2b24cadf68c
07cea7a64248a60d509368d09d3057c2	6	NA
07cea7a64248a60d509368d09d3057c2	20	NA
07d0f56eb2e603bebdcad7b76235e225	6	NA
07d0f56eb2e603bebdcad7b76235e225	20	NA
07d2092780df7b212645ddf99edf6e13	6	NA
07d2092780df7b212645ddf99edf6e13	20	NA
07d20a83feca9295e862a7d583da5971	6	4d2e90bd79aaf04f
07d20a83feca9295e862a7d583da5971	20	NA
07d3686b96c09ba65403b55f06c8d36b	6	65640478bd615baf
07d3686b96c09ba65403b55f06c8d36b	20	fc6bb388f6fd5d9b
07d4876685a00c116054d146cb363bb5	6	bc31b97aad4c960e
07d4876685a00c116054d146cb363bb5	20	ee39867cb2bbefb9
07d889e8690331078d965dd852626e84	6	NA
07d889e8690331078d965dd852626e84	20	NA
07d92f7130beefd10e6100908a6b0fa1	6	NA
07d92f7130beefd10e6100908a6b0fa1	20	NA
07d99afd1451385b8f59705370617b80	6	7249d189aef8ee52
07d99afd1451385b8f59705370617b80	20	432d3963802842fe
07da51c683e5fa45251fef460cf66c60	6	ff1a3919abac1b4b
07da51c683e5fa45251fef460cf66c60	20	26ad61177684ce34
07dab06913ef55d3a42e207a838c5c37	6	NA
07dab06913ef55d3a42e207a838c5c37	20	NA
07db5bda1aabc6bf013fd5c22501bda0	6	c3dd10c5a92f8593
07db5bda1aabc6bf013fd5c22501bda0	20	c3dd10c5a92f8593
07db9248a046677aa28dc35cb46a6ea1	6	bcd6089010221b8a
07db9248a046677aa28dc35cb46a6ea1	20	39baf6e746170e34
07dd1f9bb66d375229df9f9c45237864	6	NA
07dd1f9bb66d375229df9f9c45237864	20	NA
07dfdde9b1020080213803c0777a04bf	6	NA
07dfdde9b1020080213803c0777a04bf	20	NA
07dfe40c43d9bd2f1c45bf06d490188b	6	NA
07dfe40c43d9bd2f1c45bf06d490188b	20	NA
07dffb6f565305790eb6442b986f1c24	6	NA
07dffb6f565305790eb6442b986f1c24	20	NA
07e064dbe45135dd8b266eea0c0c9b6c	6	b63d3ec8f393aeca
07e064dbe45135dd8b266eea0c0c9b6c	20	4e7e38fc03558840
07e1e29969e7eddc13877d118187c68e	6	842a17b7a59bc3e5
07e1e29969e7eddc13877d118187c68e	20	40805faf5d24f5fb
07e6413459f92b613498a719125b6239	6	fc9c3b1de6514894
07e6413459f92b613498a719125b6239	20	a7d022dab245634f
07e851c74295f7ddf472820c0f0164e8	6	eda2fa4bc02d1f84
07e851c74295f7ddf472820c0f0164e8	20	a6baf0a79039e73f
07e94be3f47652c83090dbc7576c74d2	6	NA
07e94be3f47652c83090dbc7576c74d2	20	NA
07ea88806d406de24635fb1aa9e57389	6	4a0e9ab8c3459fe0
07ea88806d406de24635fb1aa9e57389	20	8587d99deaab1536
07eb075757e5ea1d04d3b7ce7b4d9724	6	e698b403ac3c6869
07eb075757e5ea1d04d3b7ce7b4d9724	20	9e86c55fc6b188f4
07ec99f550accd7c9f4cd1bccc8692a1	6	NA
07ec99f550accd7c9f4cd1bccc8692a1	20	NA
07ed900724afdd89963eb73ca7b9634f	6	NA
07ed900724afdd89963eb73ca7b9634f	20	NA
07ef18df9dba70fdd92316b51caf7634	6	3ab8e847a41eca12
07ef18df9dba70fdd92316b51caf7634	20	10170f368ea7cfeb
07f29d4de0b77c6ef5b0a4d1868bb017	6	62d4a4d0890c54f5
07f29d4de0b77c6ef5b0a4d1868bb017	20	e5d7d6ac0b228978
07f5f3ca046261c3819c5c888ac837e5	6	c3111cdd9b8643a1
07f5f3ca046261c3819c5c888ac837e5	20	826523a43600d6ce
07fa3fcdf3bfea7d119e5b27c26bb189	6	9b7a1276a95c55ed
07fa3fcdf3bfea7d119e5b27c26bb189	20	NA
07fc0470c550aa7f7290a9442a3e2a83	6	NA
07fc0470c550aa7f7290a9442a3e2a83	20	NA
07fc8dc21a3cac260e41353969025eb5	6	2aac32ad5a79da67
07fc8dc21a3cac260e41353969025eb5	20	NA
0802ae5412e1596c92a036b52792eef7	6	NA
0802ae5412e1596c92a036b52792eef7	20	NA
08032add3cca8760e3397cbeaf30fb84	6	NA
08032add3cca8760e3397cbeaf30fb84	20	NA
08063f5baf6655656a300c946aaaca60	6	2a023403dca25ac6
08063f5baf6655656a300c946aaaca60	20	81e24923adf75b27
080896c437245ac25eb6d3ad6df12c4f	6	297f4cf722f332cd
080896c437245ac25eb6d3ad6df12c4f	20	8dbec8c0981ca0d3
08099b9ad4ef3dbaa6cb53d8f04a9a5e	6	5ca073ab4563d4a8
08099b9ad4ef3dbaa6cb53d8f04a9a5e	20	5350be5235ac3ec7
080f5cf5606bfb7ebb93501b8e8a10fd	6	8333b35ce78b16f7
080f5cf5606bfb7ebb93501b8e8a10fd	20	5e70e86ec8d7198c
0810eb03d022334fdd1d5a6ad4969d47	6	107e55ae0a8552a9
0810eb03d022334fdd1d5a6ad4969d47	20	NA
0811f761eee5e4ef28196fd98884a67b	6	87d8eb7cafb1ff7d
0811f761eee5e4ef28196fd98884a67b	20	fdfa4d2b6a8b3c2e
081ed301081776dc61bdcab61b720bd1	6	f0982a4d9f9f90b6
081ed301081776dc61bdcab61b720bd1	20	2f55c11c5aadd354
081eeeb1adf1c1a6c008468703328211	6	NA
081eeeb1adf1c1a6c008468703328211	20	NA
081f111af59344b61346367a930e24f6	6	4c21138af57e46fb
081f111af59344b61346367a930e24f6	20	6dddc6e43ae745d8
081f1d6563c9f40da1854ee2848491df	6	5a90b7c0b4450f97
081f1d6563c9f40da1854ee2848491df	20	d82322082cfe62ca
0823bc5f954c6366702877556f0d3680	6	NA
0823bc5f954c6366702877556f0d3680	20	NA
0825876c0167b72f69077b744b5c167f	6	NA
0825876c0167b72f69077b744b5c167f	20	NA
082c9fdbce838d9b18260fa5c4de2f5c	6	NA
082c9fdbce838d9b18260fa5c4de2f5c	20	NA
082f609e8e33aabc115e355976bc02a8	6	NA
082f609e8e33aabc115e355976bc02a8	20	NA
08300e286c3380f7e7291ca6a534c97b	6	81fa4e1dd93ce3a6
08300e286c3380f7e7291ca6a534c97b	20	eee01623dc176513
083030713683d8ab8e1d54372f241863	6	NA
083030713683d8ab8e1d54372f241863	20	NA
083073b7820982b0bd5e9ff7de0b317d	6	NA
083073b7820982b0bd5e9ff7de0b317d	20	NA
0831000a5a9727aa5fa3332df10cdb57	6	NA
0831000a5a9727aa5fa3332df10cdb57	20	NA
0832446f790662899f2275ccef2e09fd	6	NA
0832446f790662899f2275ccef2e09fd	20	NA
0833521b118f61bdf8198940a6fba69a	6	f847321c515dc6ae
0833521b118f61bdf8198940a6fba69a	20	75bf3ff140609c86
08365e3605c71b5363d5da9dbd92dc8d	6	NA
08365e3605c71b5363d5da9dbd92dc8d	20	NA
0839f339c62831cc05032b3a63a98385	6	035295f3e52288a2
0839f339c62831cc05032b3a63a98385	20	c06ade5fcfdd5bdc
083f5595bbec3402643615940b179ef2	6	NA
083f5595bbec3402643615940b179ef2	20	NA
083ff60b002cd12c03837d3f5122844f	6	8b382cd32e7b40f7
083ff60b002cd12c03837d3f5122844f	20	532115ca17d6c6b1
0842ae941be93eb229e7cdc000445ff6	6	NA
0842ae941be93eb229e7cdc000445ff6	20	NA
0842eb01dc00232edc0b26ccb2f19f25	6	f95f7a837bd96c26
0842eb01dc00232edc0b26ccb2f19f25	20	NA
0845065a19d24f0c11ecad0f117d89b1	6	8c60f9e3e8096803
0845065a19d24f0c11ecad0f117d89b1	20	5a880e7b4f8c22da
08455b2e1e6fda910989f0481a20f1c3	6	NA
08455b2e1e6fda910989f0481a20f1c3	20	NA
0845cac21beb56a1b208735eff6a31dd	6	NA
0845cac21beb56a1b208735eff6a31dd	20	NA
08469bbccc41da0c124d69c61ce7dc58	6	a4869630a8243920
08469bbccc41da0c124d69c61ce7dc58	20	47085bcf0a0c1079
08491a497c1e003292d84347af51ad91	6	987cf712330d2399
08491a497c1e003292d84347af51ad91	20	NA
084b88b00ad7460eca3e5fdb44cf5b42	6	6d4f599607d3618e
084b88b00ad7460eca3e5fdb44cf5b42	20	6d4f599607d3618e
084f6e6da7f9c5125d6f28a044b6225c	6	dc19a5ccfc39b9fb
084f6e6da7f9c5125d6f28a044b6225c	20	5290e83576fe5416
084f859b2fa74e16d609c654a6e5fb37	6	c8ca680eff05418f
084f859b2fa74e16d609c654a6e5fb37	20	bfbaf93d99f0a11e
0850db65220080c130d2f54005f9e2b3	6	NA
0850db65220080c130d2f54005f9e2b3	20	NA
08530caa5c9232f2ffc5163cf79b38e7	6	NA
08530caa5c9232f2ffc5163cf79b38e7	20	NA
0854ef1b4b1aab957712863ca3bb86ce	6	35e53341b3c01903
0854ef1b4b1aab957712863ca3bb86ce	20	NA
0855033e761d91ae367e867c5a569f9e	6	79e5bea08ce56361
0855033e761d91ae367e867c5a569f9e	20	0ddca305f9a23a62
085792654d945c1de700245916f2c7f6	6	7fb251b3536b7010
085792654d945c1de700245916f2c7f6	20	5c795fdeb2da9e5a
085b8ebc423dcbd70eceaa04229cf5cd	6	NA
085b8ebc423dcbd70eceaa04229cf5cd	20	NA
085ede801f42d9729807245a96cf71ab	6	3327f20939279e83
085ede801f42d9729807245a96cf71ab	20	e679d5d259d4d11e
0861f15a38e3614dcc2220a20ed1e96b	6	2b06a62d14c0b7b7
0861f15a38e3614dcc2220a20ed1e96b	20	NA
086699aee5d37a1816b5afd81a1607dd	6	NA
086699aee5d37a1816b5afd81a1607dd	20	NA
0872cb17a6fd5afd67a85a7ad72ebcd4	6	d5b28d67bf1ed670
0872cb17a6fd5afd67a85a7ad72ebcd4	20	6202b3229b7864fb
08746660617e2a41bf03337d181e7719	6	3a44d4704fe0a387
08746660617e2a41bf03337d181e7719	20	0cc8e38b64721cd2
0876c518e5653369e20fb1ee0bb8db40	6	73c539b0612ee664
0876c518e5653369e20fb1ee0bb8db40	20	NA
0877d9fd26eac8b48c93935689338acb	6	e96298a784219500
0877d9fd26eac8b48c93935689338acb	20	e96298a784219500
087904d57553076d5b9a1607315314ac	6	NA
087904d57553076d5b9a1607315314ac	20	NA
087b4eb050ff793dc58a3d8e67c78928	6	77e52520133af6ae
087b4eb050ff793dc58a3d8e67c78928	20	eaa2024b0498f5f6
087c98d833ae9f5e94593f10f825143b	6	87ed217d2c97faa5
087c98d833ae9f5e94593f10f825143b	20	30f728a3698b3bdc
087d747b5d4c1782d9bf4b8d12001441	6	NA
087d747b5d4c1782d9bf4b8d12001441	20	NA
088779a0af750f81050c3eff80b6a83e	6	NA
088779a0af750f81050c3eff80b6a83e	20	NA
088b4f7d1968efe52c8609027b8ec908	6	7cfff8c90227a354
088b4f7d1968efe52c8609027b8ec908	20	NA
088be8f2dd0eafbbf7c27171a83c325f	6	NA
088be8f2dd0eafbbf7c27171a83c325f	20	NA
088c6214346611341f3b8386aad2a54d	6	NA
088c6214346611341f3b8386aad2a54d	20	NA
088ffd086f2d5e55553d5e79aa30aaf5	6	47d4afc5521a0483
088ffd086f2d5e55553d5e79aa30aaf5	20	90a40fb141e34b99
089456508f74be2d96f4112cc495f80a	6	d33b102c56991d8a
089456508f74be2d96f4112cc495f80a	20	7831e3494a7ff6d3
089556ebc4280793795053996bae2349	6	83572fd180d937f8
089556ebc4280793795053996bae2349	20	5f7a147329f996d9
08976c104ef1a1efd7b95c7bbb3c3e23	6	4152ebc8acf78e37
08976c104ef1a1efd7b95c7bbb3c3e23	20	ed662ac2425f0e80
08991fb6c7c45205df7f2bc2f51fb1d9	6	5a715e4e4a1b3748
08991fb6c7c45205df7f2bc2f51fb1d9	20	1ae3b96f281dace7
089a76488a6965710a5f3743902fd41a	6	NA
089a76488a6965710a5f3743902fd41a	20	NA
089c0775c15f15ad5810c69bab91f31d	6	NA
089c0775c15f15ad5810c69bab91f31d	20	NA
089ec06b35d6d5c89f2e47cf030aff36	6	468fe8a2fb405539
089ec06b35d6d5c89f2e47cf030aff36	20	fe6a5880309bf15e
089f909e37b3ef0c4d90687f7e22b68f	6	5759c11185816bd7
089f909e37b3ef0c4d90687f7e22b68f	20	921a04fedc149b3c
089fb3a9b41e13d30852e8b023e39ed7	6	NA
089fb3a9b41e13d30852e8b023e39ed7	20	NA
08a0b2a5c263a20e058fe1d98b079a13	6	82531cf370342867
08a0b2a5c263a20e058fe1d98b079a13	20	NA
08a25022c4136f2ceb36db62ce3503bb	6	0aa2dad66d992c08
08a25022c4136f2ceb36db62ce3503bb	20	NA
